,Time,Xu,Yu,Bs,Rs,Bs_n,Rs_n,Xs,Ys,Vx,Vy
0,67.676,-4.35,15.83,108.148862423964,6.96658452902138,108.148862423964,6.96658452902138,2.27,13.66,,
1,82.52,-17.22,43.21,103.512369444006,26.7916050284413,103.512369444006,26.7916050284413,8.83,36.95,0.437333333333333,1.55266666666667
2,97.646,-30.47,70.4,101.915363566056,47.5137474842808,101.915363566056,47.5137474842808,16.02,60.59,0.479333333333333,1.576
3,112.668,-43.63,97.39,102.579071160221,68.0023014316428,102.579071160221,68.0023014316428,22.74,82.58,0.448,1.466
4,127.713,-56.92,124.62,102.959752978251,88.6891030510513,102.959752978251,88.6891030510513,29.51,104.73,0.451333333333334,1.47666666666667
5,142.762,-71.05,153.6,101.654314796263,110.937056928693,101.654314796263,110.937056928693,37.6,131.19,0.539333333333333,1.764
6,157.905,-84.25,180.66,101.932864620619,131.501679456956,101.932864620619,131.501679456956,44.41,153.47,0.454,1.48533333333333
7,173.075,-98.46,209.8,102.402096601685,153.512298530118,102.402096601685,153.512298530118,51.47,176.83,0.470666666666667,1.55733333333333
8,188.077,-111.62,236.78,101.649966618208,173.820791621716,101.649966618208,173.820791621716,58.62,201.68,0.476666666666667,1.65666666666667
9,203.178,-124.86,263.92,101.597068923997,194.102498695921,101.597068923997,194.102498695921,65.28,224.9,0.444,1.548
10,218.256,-138.18,291.23,102.007419146645,214.431620103006,102.007419146645,214.431620103006,71.56,246.62,0.418666666666667,1.448
11,233.323,-151.37,318.27,101.480984111224,235.175672636436,101.480984111224,235.175672636436,79.1,271.46,0.502666666666666,1.656
12,248.513,-164.68,345.58,101.713721539459,257.41078085426,101.713721539459,257.41078085426,87.37,293.32,0.551333333333334,1.45733333333333
13,263.555,-177.53,372.72,104.882570309143,297.696448920709,104.882570309143,297.696448920709,110.18,296.26,1.52066666666667,0.196
14,278.58,-190.29,400.09,107.988854382656,339.958314650488,107.988854382656,339.958314650488,133.05,295.1,1.52466666666667,-0.0773333333333312
15,293.629,-203.11,427.56,110.413227632196,384.559780788371,110.413227632196,384.559780788371,157.3,293.43,1.61666666666667,-0.111333333333334
16,308.665,-216.18,454.83,112.305066285098,429.680331525659,112.305066285098,429.680331525659,181.35,291.75,1.60333333333333,-0.112
17,323.764,-228.49,480.1,113.625919177233,474.294653142959,113.625919177233,474.294653142959,206.05,290.02,1.64666666666667,-0.115333333333335
18,338.838,-244.37,504.33,114.447951695618,522.004139447189,114.447951695618,522.004139447189,230.83,288.29,1.652,-0.115333333333331
19,353.916,-270.27,519.47,113.887436818203,575.145359365787,113.887436818203,575.145359365787,255.61,286.57,1.652,-0.114666666666668
20,368.995,-296.62,534.09,113.355717219037,627.71407575424,113.355717219037,627.71407575424,279.66,285.24,1.60333333333333,-0.0886666666666656
21,384.087,-323.27,548.65,112.884778333766,680.622659702129,112.884778333766,680.622659702129,303.78,283.97,1.608,-0.0846666666666655
22,399.159,-349.89,562.82,112.441044321265,734.231268266341,112.441044321265,734.231268266341,328.74,282.54,1.664,-0.0953333333333338
23,414.314,-376.39,577.01,112.09699464995,787.212010198015,112.09699464995,787.212010198015,353,280.88,1.61733333333333,-0.110666666666668
24,429.367,-402.66,591.87,113.532203378681,817.027423346365,113.532203378681,817.027423346365,346.42,265.66,-0.438666666666666,-1.01466666666666
25,444.437,-380,594.36,115.715278363194,782.80827410037,115.715278363194,782.80827410037,325.28,254.7,-1.40933333333334,-0.730666666666669
26,459.502,-351.85,583.38,117.359867785856,737.633523099378,117.359867785856,737.633523099378,303.27,244.38,-1.46733333333333,-0.688
27,474.555,-323.76,572.04,119.187912234809,692.981314755311,119.187912234809,692.981314755311,281.23,234.09,-1.46933333333333,-0.686
28,489.6,-295.85,560.76,121.255812272368,649.346668891125,121.255812272368,649.346668891125,259.25,223.84,-1.46533333333333,-0.683333333333333
29,504.749,-267.76,549.41,123.62194345189,606.49020874207,123.62194345189,606.49020874207,237.27,213.59,-1.46533333333333,-0.683333333333333
30,519.779,-239.65,538.06,126.336127940713,564.840510675359,126.336127940713,564.840510675359,215.36,203.38,-1.46066666666667,-0.680666666666667
31,534.932,-211.53,526.69,129.466509538719,524.678713595282,129.466509538719,524.678713595282,193.52,193.19,-1.456,-0.679333333333333
32,549.921,-183.55,515.39,133.117264193262,486.412638816057,133.117264193262,486.412638816057,171.51,182.93,-1.46733333333333,-0.683999999999999
33,564.995,-155.58,504.09,137.352361385823,450.502601213356,137.352361385823,450.502601213356,149.63,172.73,-1.45866666666667,-0.680000000000001
34,580.07,-127.4,492.7,142.298549255754,417.285947163333,142.298549255754,417.285947163333,127.79,162.54,-1.456,-0.679333333333333
35,595.15,-99.49,481.43,147.818100674216,388.108405603383,147.818100674216,388.108405603383,107.22,152.95,-1.37133333333333,-0.639333333333334
36,610.213,-71.4,470.08,154.402943693656,362.929850108805,154.402943693656,362.929850108805,85.4,142.77,-1.45466666666667,-0.678666666666665
37,625.304,-43.42,458.77,161.872746700579,343.298650885785,161.872746700579,343.298650885785,63.39,132.51,-1.46733333333333,-0.684000000000001
38,640.411,-17.3,448.22,169.76200484431,331.162787311618,169.76200484431,331.162787311618,41.56,122.33,-1.45533333333333,-0.678666666666666
39,655.424,10.7,436.91,178.430500323948,324.941906192476,178.430500323948,324.941906192476,19.6,112.09,-1.464,-0.682666666666666
40,670.57,38.78,425.56,187.216732391259,326.2142506084,187.216732391259,326.2142506084,-2.2,101.93,-1.45333333333333,-0.677333333333333
41,685.629,66.7,414.28,195.721805583109,335.096394489705,195.721805583109,335.096394489705,-24.1,91.72,-1.46,-0.680666666666667
42,700.703,94.89,402.89,203.677707367413,350.953660331389,203.677707367413,350.953660331389,-46.05,81.48,-1.46333333333333,-0.682666666666666
43,715.728,122.9,391.58,210.791420690064,372.89449043932,210.791420690064,372.89449043932,-67.99,71.25,-1.46266666666667,-0.682
44,730.816,150.88,380.27,217.022943588288,399.82742639794,217.022943588288,399.82742639794,-89.87,61.05,-1.45866666666667,-0.68
45,745.857,178.79,369,222.450522303595,431.11132019468,222.450522303595,431.11132019468,-112.19,50.9,-1.488,-0.676666666666667
46,760.948,206.99,357.77,227.132951379985,465.471482692549,227.132951379985,465.471482692549,-134.17,41.11,-1.46533333333333,-0.652666666666667
47,776.09,235.21,346.92,231.121882837197,502.92689259971,231.121882837197,502.92689259971,-156.31,31.25,-1.476,-0.657333333333333
48,791.109,263.48,336.07,234.518420990611,542.587276389707,234.518420990611,542.587276389707,-178.35,21.13,-1.46933333333333,-0.674666666666667
49,806.258,291.59,325.28,237.328336920971,583.30115249329,237.328336920971,583.30115249329,-199.42,10.4,-1.40466666666667,-0.715333333333333
50,821.354,319.78,314.46,237.81622896798,594.439092254202,237.81622896798,594.439092254202,-183.32,-2.16,1.07333333333333,-0.837333333333333
51,836.406,348.01,303.62,238.487868579463,595.087901490192,238.487868579463,595.087901490192,-159.32,-7.42,1.6,-0.350666666666667
52,851.438,376.26,292.54,239.243774997147,595.635643325683,239.243774997147,595.635643325683,-135.6,-12.06,1.58133333333333,-0.309333333333333
53,866.607,404.14,281.29,239.975320839865,595.615695730057,239.975320839865,595.615695730057,-111.55,-16.74,1.60333333333333,-0.312
54,881.688,432.39,269.87,240.745201557634,595.996298646225,240.745201557634,595.996298646225,-87.59,-21.39,1.59733333333333,-0.31
55,896.801,462.51,257.91,241.733060809,599.01168502793,241.733060809,599.01168502793,-65.07,-25.77,1.50133333333333,-0.292
56,911.908,490.98,246.97,242.475191575887,600.195655182541,242.475191575887,600.195655182541,-41.28,-30.4,1.586,-0.308666666666667
57,926.997,513.89,232.95,243.183189924681,594.383911373785,243.183189924681,594.383911373785,-16.57,-35.2,1.64733333333333,-0.32
58,942.143,499.7,207.26,243.306916375514,550.36478539238,243.306916375514,550.36478539238,7.99,-39.97,1.63733333333333,-0.318
59,957.224,482.68,181.99,243.280959702988,504.185956369275,243.280959702988,504.185956369275,32.33,-44.7,1.62266666666667,-0.315333333333334
60,972.298,465.71,156.83,243.237491754154,458.079133993244,243.237491754154,458.079133993244,56.7,-49.44,1.62466666666667,-0.316
61,987.396,448.8,131.77,243.18940586581,412.200556161682,243.18940586581,412.200556161682,80.91,-54.15,1.614,-0.314
62,1002.445,433.05,108.41,242.993123589706,368.268984575134,242.993123589706,368.268984575134,104.94,-58.82,1.602,-0.311333333333333
63,1017.491,416.07,83.24,242.86428625684,321.947147370496,242.86428625684,321.947147370496,129.56,-63.6,1.64133333333333,-0.318666666666667
64,1032.659,400.35,59.92,242.575700889112,278.238393109219,242.575700889112,278.238393109219,153.38,-68.23,1.588,-0.308666666666667
65,1047.775,382.34,33.23,243.853239534483,231.555481904446,243.853239534483,231.555481904446,174.48,-68.81,1.40666666666667,-0.0386666666666666
66,1062.849,365.27,7.92,254.200568790006,209.203564979185,254.200568790006,209.203564979185,163.97,-49.04,-0.700666666666666,1.318
67,1077.958,348.43,-17.05,265.479796469569,200.73436302736,265.479796469569,200.73436302736,148.32,-32.87,-1.04333333333333,1.078
68,1092.98,331.5,-42.14,277.529329760251,202.314371708982,277.529329760251,202.314371708982,130.93,-15.63,-1.15933333333333,1.14933333333333
69,1108.121,314.55,-67.28,288.797764599088,212.240520400794,288.797764599088,212.240520400794,113.63,1.11,-1.15333333333333,1.116
70,1123.186,297.72,-92.23,298.663431641441,229.619271839277,298.663431641441,229.619271839277,96.24,17.91,-1.15933333333333,1.12
71,1138.226,280.79,-117.32,306.973698340083,252.806414871142,306.973698340083,252.806414871142,78.82,34.73,-1.16133333333333,1.12133333333333
72,1153.382,263.84,-142.45,313.781369297808,281.944817295867,313.781369297808,281.944817295867,60.28,52.63,-1.236,1.19333333333333
73,1168.471,247,-167.42,319.244865939545,312.670588479313,319.244865939545,312.670588479313,42.88,69.43,-1.16,1.12
74,1183.476,230.09,-192.5,323.763344659885,344.193021428384,323.763344659885,344.193021428384,26.63,85.12,-1.08333333333333,1.046
75,1198.568,213.17,-217.57,327.447665403483,379.095834849184,327.447665403483,379.095834849184,9.19,101.97,-1.16266666666667,1.12333333333333
76,1213.681,196.26,-242.64,330.494615975989,415.426964098384,330.494615975989,415.426964098384,-8.34,118.91,-1.16866666666667,1.12933333333333
77,1228.744,179.43,-267.6,333.033377179815,453.678030545893,333.033377179815,453.678030545893,-26.3,136.75,-1.19733333333333,1.18933333333333
78,1243.84,162.55,-292.84,335.213487594873,492.655279581981,335.213487594873,492.655279581981,-43.99,154.43,-1.17933333333333,1.17866666666667
79,1258.899,146.14,-318.08,337.036361353115,532.184194616864,337.036361353115,532.184194616864,-61.49,171.93,-1.16666666666667,1.16666666666667
80,1274.001,129.57,-343.6,338.586775156594,573.39022637293,338.586775156594,573.39022637293,-79.77,190.21,-1.21866666666667,1.21866666666667
81,1289.068,114.17,-367.31,339.810411567239,612.121334132376,339.810411567239,612.121334132376,-97.09,207.2,-1.15466666666667,1.13266666666667
82,1304.229,97.78,-392.56,341.00077196702,652.147039018042,341.00077196702,652.147039018042,-114.53,224.06,-1.16266666666667,1.124
83,1319.231,81.31,-417.91,342.063676792546,692.59033273646,342.063676792546,692.59033273646,-131.98,241.02,-1.16333333333333,1.13066666666667
84,1334.372,64.85,-443.14,342.944796437775,731.24839076746,342.944796437775,731.24839076746,-149.62,255.95,-1.176,0.995333333333332
85,1349.445,47.89,-468.34,344.374057359364,730.965987307207,344.374057359364,730.965987307207,-149,235.61,0.0413333333333336,-1.356
86,1364.521,31.01,-493.37,346.542343186596,727.505723001544,346.542343186596,727.505723001544,-138.3,214.16,0.713333333333333,-1.43
87,1379.545,14.18,-518.32,348.772989145927,724.973470204255,348.772989145927,724.973470204255,-126.97,192.78,0.755333333333334,-1.42533333333333
88,1394.608,-2.4,-543.66,351.001456257507,724.06152017629,351.001456257507,724.06152017629,-115.65,171.49,0.754666666666666,-1.41933333333333
89,1409.732,-18.87,-568.94,353.229043377555,723.999607803761,353.229043377555,723.999607803761,-104.23,150.01,0.761333333333333,-1.432
90,1424.733,-24.93,-590.41,354.600466610655,722.315106445933,354.600466610655,722.315106445933,-92.9,128.7,0.755333333333333,-1.42066666666667
91,1439.888,0.97,-577.87,353.130523999683,690.255201791337,353.130523999683,690.255201791337,-81.59,107.43,0.754,-1.418
92,1454.941,25.65,-560.72,351.56606505903,653.921746541587,351.56606505903,653.921746541587,-70.26,86.13,0.755333333333333,-1.42
93,1470.045,50.43,-543.37,349.807452193003,617.891167763385,349.807452193003,617.891167763385,-58.91,64.77,0.756666666666667,-1.424
94,1485.142,75.24,-526,347.789708191211,583.970630853984,347.789708191211,583.970630853984,-48.27,44.76,0.709333333333333,-1.334
95,1500.204,99.94,-508.7,345.375009582913,550.434555964649,345.375009582913,550.434555964649,-39.04,23.9,0.615333333333334,-1.39066666666667
96,1515.248,124.63,-491.41,340.164000968738,532.079470192189,340.164000968738,532.079470192189,-55.92,9.1,-1.12533333333333,-0.986666666666667
97,1530.304,149.39,-473.93,334.330789337602,522.306461859319,334.330789337602,522.306461859319,-76.86,-3.17,-1.396,-0.818
98,1545.375,173.76,-456.24,328.38220570213,517.882293672993,328.38220570213,517.882293672993,-97.74,-15.23,-1.392,-0.804
99,1560.51,198.32,-438.7,322.394882658286,519.34075682542,322.394882658286,519.34075682542,-118.59,-27.26,-1.39,-0.802
100,1575.539,220.56,-421.47,316.700132772693,525.052856863002,316.700132772693,525.052856863002,-139.53,-39.35,-1.396,-0.806
101,1590.665,244.25,-402.97,310.97156644479,536.081064392317,310.97156644479,536.081064392317,-160.51,-51.47,-1.39866666666667,-0.808
102,1605.715,268.13,-384.3,305.513917373662,552.228642955072,305.513917373662,552.228642955072,-181.37,-63.51,-1.39066666666667,-0.802666666666667
103,1620.781,291.88,-365.75,300.368364476554,573.347296147806,300.368364476554,573.347296147806,-202.8,-75.89,-1.42866666666667,-0.825333333333334
104,1635.894,315.69,-347.15,295.639176568445,598.633307626631,295.639176568445,598.633307626631,-224,-88.12,-1.41333333333333,-0.815333333333334
105,1650.951,339.61,-328.46,291.28258473769,627.934103628717,291.28258473769,627.934103628717,-245.5,-100.54,-1.43333333333333,-0.828
106,1666.061,363.41,-309.87,287.390587303904,659.98843929269,287.390587303904,659.98843929269,-266.41,-112.61,-1.394,-0.804666666666666
107,1681.106,387.17,-291.3,283.854499970247,695.030561198571,283.854499970247,695.030561198571,-287.64,-124.87,-1.41533333333333,-0.817333333333334
108,1696.269,411.01,-272.68,280.684883384112,732.225510686428,280.684883384112,732.225510686428,-308.52,-136.92,-1.392,-0.803333333333332
109,1711.265,436.67,-253.17,277.702518903854,773.55958968912,277.702518903854,773.55958968912,-329.91,-149.49,-1.426,-0.838000000000001
110,1726.357,460.87,-234.93,274.651028503754,803.214941220592,274.651028503754,803.214941220592,-339.7,-169.8,-0.652666666666664,-1.354
111,1741.493,484.8,-216.66,271.605086502171,829.335404405238,271.605086502171,829.335404405238,-344.21,-193.43,-0.300666666666666,-1.57533333333333
112,1756.501,507.69,-197.68,268.680519741633,856.37707868672,268.680519741633,856.37707868672,-348.46,-217.4,-0.283333333333333,-1.598
113,1771.584,489.45,-177.74,265.65035569754,844.642745603134,265.65035569754,844.642745603134,-352.76,-241.8,-0.286666666666667,-1.62666666666667
114,1786.745,464.11,-161.13,262.723285906853,827.797076220978,262.723285906853,827.797076220978,-357.02,-265.98,-0.283999999999999,-1.612
115,1801.817,438.85,-144.72,259.716707251951,813.151544117085,259.716707251951,813.151544117085,-361.24,-289.88,-0.281333333333335,-1.59333333333333
116,1816.859,413.46,-128.23,256.580292199178,800.835938566696,256.580292199178,800.835938566696,-365.51,-314.09,-0.284666666666665,-1.614
117,1831.965,388.17,-111.81,253.479231563811,789.94136858377,253.479231563811,789.94136858377,-369.16,-336.44,-0.243333333333336,-1.49
118,1847.045,362.66,-95.25,250.083065329093,782.663048124798,250.083065329093,782.663048124798,-373.19,-361.87,-0.268666666666665,-1.69533333333333
119,1862.137,337.32,-78.79,246.896441134012,774.24682020658,246.896441134012,774.24682020658,-374.83,-382.6,-0.109333333333332,-1.382
120,1877.162,311.89,-62.27,244.812258746369,736.044486495212,244.812258746369,736.044486495212,-354.17,-375.52,1.37733333333333,0.472000000000003
121,1892.211,286.7,-45.92,243.059061558373,694.636049237297,243.059061558373,694.636049237297,-332.55,-360.64,1.44133333333333,0.992
122,1907.352,261.31,-29.43,241.073251834348,655.066926428132,241.073251834348,655.066926428132,-312.03,-346.28,1.368,0.957333333333334
123,1922.38,236.04,-13.01,238.844188092209,617.027935996418,238.844188092209,617.027935996418,-291.99,-332.24,1.336,0.935999999999998
124,1937.454,210.54,3.55,236.298177699364,581.30640337089,236.298177699364,581.30640337089,-273.07,-319,1.26133333333333,0.882666666666667
125,1952.507,185.24,19.97,233.441763101148,543.802045049483,233.441763101148,543.802045049483,-251.57,-303.94,1.43333333333333,1.004
126,1967.604,159.89,36.43,230.179163436451,509.393464524232,230.179163436451,509.393464524232,-231.35,-289.78,1.348,0.944000000000002
127,1982.7,134.4,52.99,226.468887509274,478.592788600079,226.468887509274,478.592788600079,-212.58,-276.64,1.25133333333333,0.875999999999999
128,1997.814,110.74,68.35,222.507861142942,449.15477532806,222.507861142942,449.15477532806,-192.75,-262.76,1.322,0.925333333333333
129,2012.902,85.48,84.76,217.761279255849,422.063076447111,217.761279255849,422.063076447111,-172.98,-248.91,1.318,0.923333333333333
130,2028.936,60.03,101.28,212.279886194523,396.700279430202,212.279886194523,396.700279430202,-151.83,-234.11,1.41,0.986666666666666
131,2044.023,34.66,117.76,206.239255424605,376.729878958386,206.239255424605,376.729878958386,-131.9,-220.15,1.32866666666667,0.930666666666667
132,2059.103,9.38,134.18,199.620437834416,361.329616001789,199.620437834416,361.329616001789,-111.95,-206.17,1.33,0.932000000000001
133,2074.139,-15.96,150.63,192.575355243345,351.133516771043,192.575355243345,351.133516771043,-92.41,-192.08,1.30266666666667,0.939333333333332
134,2089.203,-41.29,167.08,185.204465949525,346.267546414619,185.204465949525,346.267546414619,-72.7,-177.76,1.314,0.954666666666668
135,2104.337,-66.68,183.57,177.717041196841,347.185565656178,177.717041196841,347.185565656178,-52.85,-163.34,1.32333333333333,0.961333333333333
136,2119.482,-92.18,200.13,170.386302592018,354.062402691955,170.386302592018,354.062402691955,-33.05,-148.96,1.32,0.958666666666666
137,2134.478,-117.45,216.54,163.417671388604,366.126986303933,163.417671388604,366.126986303933,-12.96,-134.36,1.33933333333333,0.973333333333333
138,2149.572,-142.89,233.06,156.958003196179,383.387328429097,156.958003196179,383.387328429097,7.17,-119.74,1.342,0.974666666666668
139,2164.693,-168.32,249.57,151.174954207836,405.092589539725,151.174954207836,405.092589539725,26.99,-105.33,1.32133333333333,0.960666666666666
140,2179.824,-193.67,266.04,146.041526034113,430.421566606507,146.041526034113,430.421566606507,46.76,-90.97,1.318,0.957333333333333
141,2195.913,-218.67,282.78,141.362031857115,458.874465731097,141.362031857115,458.874465731097,67.85,-75.65,1.406,1.02133333333333
142,2210.962,-243.8,299.73,137.443816311188,490.202130758323,137.443816311188,490.202130758323,87.73,-61.36,1.32533333333333,0.952666666666667
143,2226.045,-268.98,316.72,134.052492519252,523.818546158877,134.052492519252,523.818546158877,107.49,-47.5,1.31733333333333,0.924
144,2241.13,-294.05,333.63,131.036290158372,559.039393334674,131.036290158372,559.039393334674,127.63,-33.4,1.34266666666667,0.94
145,2256.203,-319.01,350.46,128.407032186183,595.418261728678,128.407032186183,595.418261728678,147.57,-19.44,1.32933333333333,0.930666666666667
146,2271.197,-344.01,367.32,126.06091093294,633.047101012239,126.06091093294,633.047101012239,167.74,-5.32,1.34466666666667,0.941333333333333
147,2286.238,-367.47,383,123.957510119003,669.646918980443,123.957510119003,669.646918980443,187.97,8.95,1.34866666666667,0.951333333333333
148,2301.379,-392.74,399.42,122.176862994091,707.991654894321,122.176862994091,707.991654894321,206.51,22.39,1.236,0.896
149,2316.348,-418.16,415.93,120.467021224304,747.748212702645,120.467021224304,747.748212702645,226.34,36.79,1.322,0.96
150,2331.495,-443.38,432.3,118.933057956058,787.970055585871,118.933057956058,787.970055585871,246.24,51.09,1.32666666666667,0.953333333333334
151,2346.573,-468.53,449.11,117.590266531481,829.069951511934,117.590266531481,829.069951511934,266.26,65.13,1.33466666666667,0.936
152,2361.61,-493.48,465.92,117.469291386211,870.265285645705,117.469291386211,870.265285645705,278.67,64.49,0.827333333333335,-0.0426666666666667
153,2376.736,-518.78,482.41,119.116506795268,896.304088186593,119.116506795268,896.304088186593,264.26,46.28,-0.960666666666668,-1.214
154,2391.761,-518.79,459.03,119.315378223268,877.952441764359,119.315378223268,877.952441764359,246.73,29.17,-1.16866666666667,-1.14066666666667
155,2406.832,-506.43,431.62,119.744293644477,846.53210222649,119.744293644477,846.53210222649,228.57,11.63,-1.21066666666667,-1.16933333333333
156,2421.877,-493.64,404.18,120.150680887209,815.050202625581,120.150680887209,815.050202625581,211.14,-5.2,-1.162,-1.122
157,2436.943,-480.89,376.85,120.587752225476,783.736255700858,120.587752225476,783.736255700858,193.79,-21.96,-1.15666666666667,-1.11733333333333
158,2452.159,-468.04,349.28,121.055063949517,752.23662427457,121.055063949517,752.23662427457,176.38,-38.77,-1.16066666666667,-1.12066666666667
159,2467.134,-455.48,321.82,121.557478870317,721.099371584805,121.557478870317,721.099371584805,158.98,-55.57,-1.16,-1.12
160,2482.323,-443.19,294.23,122.076833289399,690.209676257875,122.076833289399,690.209676257875,141.65,-72.31,-1.15533333333333,-1.116
161,2497.353,-430.76,266.77,122.666146554354,659.313764834316,122.666146554354,659.313764834316,124.27,-89.09,-1.15866666666667,-1.11866666666667
162,2512.415,-416.76,240.87,123.521041228435,628.020427454394,123.521041228435,628.020427454394,106.81,-105.95,-1.164,-1.124
163,2527.476,-393.97,221.2,125.437869045828,593.253287306526,125.437869045828,593.253287306526,89.38,-122.78,-1.162,-1.122
164,2542.602,-370.49,202.17,127.67857359477,559.035680882714,127.67857359477,559.035680882714,71.96,-139.53,-1.16133333333333,-1.11666666666667
165,2557.555,-347.09,183.21,130.199741702322,525.583343723905,130.199741702322,525.583343723905,54.35,-156.03,-1.174,-1.1
166,2572.773,-323.52,164.13,133.074229644222,493.01167014585,133.074229644222,493.01167014585,36.61,-172.57,-1.18266666666667,-1.10266666666667
167,2587.819,-299.95,145.04,136.322960579328,461.849697845522,136.322960579328,461.849697845522,19,-188.99,-1.174,-1.09466666666667
168,2602.878,-278.08,127.33,139.98407718175,434.54089347264,139.98407718175,434.54089347264,1.33,-205.47,-1.178,-1.09866666666667
169,2617.924,-252.98,107.01,144.285307918897,405.242365134743,144.285307918897,405.242365134743,-16.42,-222.02,-1.18333333333333,-1.10333333333333
170,2632.986,-229.51,88,149.098219444238,380.514423379719,149.098219444238,380.514423379719,-34.09,-238.5,-1.178,-1.09866666666667
171,2648.047,-206.12,69.06,154.521623881904,358.904265926166,154.521623881904,358.904265926166,-51.73,-254.94,-1.176,-1.096
172,2663.082,-182.52,49.95,160.589993035109,340.810066165892,160.589993035109,340.810066165892,-69.26,-271.49,-1.16866666666667,-1.10333333333333
173,2678.118,-159.06,30.95,166.98144464115,326.502028477619,166.98144464115,326.502028477619,-85.51,-287.16,-1.08333333333333,-1.04466666666667
174,2694.189,-135.68,12.02,174.311410055035,318.699490115689,174.311410055035,318.699490115689,-104.09,-305.11,-1.23866666666667,-1.19666666666667
175,2709.307,-112.26,-6.95,181.877461825279,316.219752861835,181.877461825279,316.219752861835,-122.62,-323,-1.23533333333333,-1.19266666666667
176,2724.378,-88.62,-26.09,188.971492991562,315.307455351122,188.971492991562,315.307455351122,-137.79,-337.54,-1.01133333333333,-0.969333333333335
177,2740.501,-65.2,-45.06,196.424549849249,323.250929774378,196.424549849249,323.250929774378,-156.6,-355.12,-1.254,-1.172
178,2756.558,-41.58,-64.18,203.445106159794,336.315653218818,203.445106159794,336.315653218818,-175.39,-372.73,-1.25266666666667,-1.174
179,2771.628,-19.73,-81.88,210.025964635423,345.368951702379,210.025964635423,345.368951702379,-192.55,-380.9,-1.144,-0.544666666666664
180,2787.713,5.31,-102.15,217.383224810494,320.566865567856,217.383224810494,320.566865567856,-189.32,-356.87,0.215333333333335,1.602
181,2803.816,30.35,-122.43,225.267627420871,298.225538309515,225.267627420871,298.225538309515,-181.51,-332.32,0.520666666666667,1.63666666666667
182,2819.871,52.21,-140.13,233.434365297333,280.959961560362,233.434365297333,280.959961560362,-173.45,-307.51,0.537333333333333,1.654
183,2835.983,77.32,-160.47,243.207013962478,272.046655006085,243.207013962478,272.046655006085,-165.52,-283.1,0.528666666666665,1.62733333333333
184,2852.03,100.78,-179.46,253.068512852034,269.857321005008,253.068512852034,269.857321005008,-157.38,-258.05,0.542666666666668,1.67
185,2867.155,124.27,-198.49,262.812856125527,275.676042121908,262.812856125527,275.676042121908,-149.24,-232.98,0.542666666666666,1.67133333333333
186,2882.125,149.32,-218.77,271.719734537309,291.231175528995,271.719734537309,291.231175528995,-141.78,-210.03,0.497333333333334,1.53
187,2897.22,174.39,-239.07,279.694684910339,312.949197794147,279.694684910339,312.949197794147,-134.09,-186.37,0.512666666666667,1.57733333333333
188,2912.291,199.42,-259.34,286.419413000521,339.870512107185,286.419413000521,339.870512107185,-126.59,-163.27,0.5,1.54
189,2927.396,224.51,-279.66,292.076568509305,370.817439989006,292.076568509305,370.817439989006,-119.12,-140.29,0.498,1.532
190,2942.462,249.62,-299.99,296.85048974619,404.858547766995,296.85048974619,404.858547766995,-111.59,-117.13,0.502,1.544
191,2957.575,274.65,-320.26,300.425178413507,440.431254567611,300.425178413507,440.431254567611,-105.13,-97.22,0.430666666666667,1.32733333333333
192,2972.616,299.82,-340.64,304.041731752846,478.995415113757,304.041731752846,478.995415113757,-97.09,-72.5,0.536,1.648
193,2987.686,323.22,-359.6,306.930034481463,516.394284437773,306.930034481463,516.394284437773,-89.57,-49.33,0.501333333333334,1.54466666666667
194,3002.964,346.73,-378.63,309.406643717779,554.99186912963,309.406643717779,554.99186912963,-82.09,-26.31,0.498666666666666,1.53466666666667
195,3018.039,371.89,-398.9,311.6743363145,597.146148359009,311.6743363145,597.146148359009,-74.14,-1.86,0.53,1.63
196,3033.086,395.61,-417.46,313.364695372273,636.549290550229,313.364695372273,636.549290550229,-67.16,19.62,0.465333333333334,1.432
197,3049.159,419.44,-436.27,315.112309381219,678.187416721956,315.112309381219,678.187416721956,-59.17,44.22,0.532666666666666,1.64
198,3065.247,424.69,-427.58,316.231914042328,687.395963037317,316.231914042328,687.395963037317,-50.81,68.82,0.557333333333333,1.64
199,3081.166,404.22,-405.58,318.227762389294,669.992963619768,318.227762389294,669.992963619768,-42.11,94.1,0.58,1.68533333333333
200,3096.17,383.25,-383.86,320.219847408794,652.253220153032,320.219847408794,652.253220153032,-34.09,117.4,0.534666666666666,1.55333333333333
201,3111.34,360.83,-360.65,322.355735509654,633.377846155042,322.355735509654,633.377846155042,-26.01,140.87,0.538666666666667,1.56466666666667
202,3127.415,338.55,-337.57,324.784102739593,617.037085190185,324.784102739593,617.037085190185,-17.27,166.54,0.582666666666667,1.71133333333333
203,3143.457,317.55,-315.83,327.17720144667,603.033742422429,327.17720144667,603.033742422429,-9.32,190.93,0.53,1.626
204,3159.589,296.6,-294.14,329.577982110691,589.317775482803,329.577982110691,589.317775482803,-1.81,214.04,0.500666666666667,1.54066666666667
205,3175.725,274.16,-270.9,332.275911600133,575.498286530898,332.275911600133,575.498286530898,6.43,238.53,0.549333333333333,1.63266666666667
206,3191.794,251.84,-247.79,334.828647647927,563.378521777322,334.828647647927,563.378521777322,12.22,262.09,0.386,1.57066666666666
207,3207.865,229.38,-224.53,334.106206839271,547.784804918866,334.106206839271,547.784804918866,-9.84,268.26,-1.47066666666667,0.411333333333334
208,3223.936,207.04,-201.39,333.857599752269,511.684412602143,333.857599752269,511.684412602143,-18.41,257.95,-0.571333333333333,-0.687333333333334
209,3240.011,184.61,-178.17,337.610653601169,466.896086511763,337.610653601169,466.896086511763,6.77,253.53,1.67866666666667,-0.294666666666666
210,3256.106,162.21,-154.97,342.345174485526,427.589060781494,342.345174485526,427.589060781494,32.53,252.48,1.71733333333333,-0.0700000000000008
211,3272.131,139.81,-131.78,347.983654159223,391.94827413831,347.983654159223,391.94827413831,58.21,251.58,1.712,-0.0599999999999985
212,3288.241,118.9,-110.12,354.470277556057,362.48688928015,354.470277556057,362.48688928015,83.97,250.68,1.71733333333333,-0.0600000000000004
213,3304.334,97.79,-88.26,2.02968964841951,338.252216548539,2.02968964841951,338.252216548539,109.77,249.78,1.72,-0.0600000000000004
214,3320.365,76.81,-66.53,10.5484529014715,320.811572422193,10.5484529014715,320.811572422193,135.54,248.86,1.718,-0.0613333333333325
215,3336.459,55.78,-44.77,19.2656837499687,312.987706627593,19.2656837499687,312.987706627593,159.05,250.69,1.56733333333333,0.121999999999999
216,3352.537,34.85,-23.09,21.3317246385001,316.686185521251,21.3317246385001,316.686185521251,150.05,271.9,-0.6,1.414
217,3368.608,13.83,-1.32,22.1309339974011,315.77457418228,22.1309339974011,315.77457418228,132.79,291.19,-1.15066666666667,1.286
218,3384.729,-7.27,20.53,22.717417815334,314.899687202131,22.717417815334,314.899687202131,114.34,311,-1.23,1.32066666666667
219,3400.812,-28.18,42.18,23.358459433812,313.885310424046,23.358459433812,313.885310424046,96.27,330.34,-1.20466666666667,1.28933333333333
220,3416.799,-71.66,87.21,30.3008170061605,296.448287901954,30.3008170061605,296.448287901954,77.91,343.16,-1.224,0.85466666666667
221,3433.034,-92.55,108.84,36.931998452864,265.716156076367,36.931998452864,265.716156076367,67.11,321.24,-0.72,-1.46133333333333
222,3449.033,-114.91,131.99,46.641883001372,239.878394608602,46.641883001372,239.878394608602,59.5,296.68,-0.507333333333333,-1.63733333333333
223,3465.197,-137.37,155.26,58.0630474636007,223.654412207763,58.0630474636007,223.654412207763,52.43,273.57,-0.471333333333333,-1.54066666666667
224,3480.158,-156.86,175.44,69.9984238413283,214.678731596775,69.9984238413283,214.678731596775,44.87,248.87,-0.504,-1.64666666666667
225,3495.353,-179.44,198.82,82.5426062236602,219.587346857691,82.5426062236602,219.587346857691,38.29,227.32,-0.438666666666667,-1.43666666666667
226,3510.416,-200.4,220.53,94.4333943369342,231.823646981925,94.4333943369342,231.823646981925,30.73,202.61,-0.504,-1.64733333333333
227,3525.483,-221.4,242.27,104.016474373735,253.054410157183,104.016474373735,253.054410157183,24.12,180.98,-0.440666666666667,-1.442
228,3541.543,-240.84,262.4,112.37923953955,278.408609062292,112.37923953955,278.408609062292,16.6,156.4,-0.501333333333333,-1.63866666666667
229,3557.627,-261.83,284.2,119.387571718042,310.873059945696,119.387571718042,310.873059945696,9.04,131.65,-0.504,-1.65
230,3573.624,-283.86,307.77,125.108168499276,348.760852877728,125.108168499276,348.760852877728,1.45,107.19,-0.506,-1.63066666666667
231,3588.684,-304.52,329.85,129.742971644786,386.724103334664,129.742971644786,386.724103334664,-7.16,82.6,-0.574,-1.63933333333333
232,3603.746,-325.8,347.86,132.897951025037,423.537911998442,132.897951025037,423.537911998442,-15.53,59.56,-0.558,-1.536
233,3618.873,-318.67,322.61,134.129916095033,410.706689743423,134.129916095033,410.706689743423,-23.88,36.64,-0.556666666666667,-1.528
234,3633.979,-302.39,297.19,136.154799785375,390.85487664861,136.154799785375,390.85487664861,-31.64,15.3,-0.517333333333333,-1.42266666666667
235,3649,-284.81,270.11,138.832087303963,371.049491173347,138.832087303963,371.049491173347,-40.56,-9.21,-0.594666666666667,-1.634
236,3664.115,-268.43,244.89,141.352629967349,352.507614953209,141.352629967349,352.507614953209,-48.28,-30.42,-0.514666666666667,-1.414
237,3680.127,-251.9,219.44,144.626470352608,336.376710400705,144.626470352608,336.376710400705,-57.17,-54.84,-0.592666666666667,-1.628
238,3696.187,-235.43,194.07,148.262076946262,321.76586223526,148.262076946262,321.76586223526,-66.17,-79.58,-0.6,-1.64933333333333
239,3712.322,-218.99,168.75,152.153941116676,308.265348360791,152.153941116676,308.265348360791,-75,-103.82,-0.588666666666667,-1.616
240,3728.406,-202.48,143.34,156.412245787778,296.361515888956,156.412245787778,296.361515888956,-83.89,-128.26,-0.592666666666667,-1.62933333333333
241,3744.469,-184.94,116.32,161.102577221093,284.430842912649,161.102577221093,284.430842912649,-92.82,-152.78,-0.595333333333333,-1.63466666666667
242,3760.598,-168.49,91,166.029096661972,276.478665542208,166.029096661972,276.478665542208,-101.74,-177.3,-0.594666666666667,-1.63466666666667
243,3776.61,-152.04,65.66,171.2024896583,270.62388235335,171.2024896583,270.62388235335,-110.65,-201.78,-0.594000000000001,-1.632
244,3792.656,-135.58,40.32,176.553387453094,266.972887387465,176.553387453094,266.972887387465,-119.53,-226.17,-0.592,-1.626
245,3807.807,-117.96,13.18,182.041957394228,260.725560120215,182.041957394228,260.725560120215,-127.25,-247.38,-0.514666666666667,-1.414
246,3822.863,-100.66,-14.05,187.84564563974,260.357097080145,187.84564563974,260.357097080145,-136.2,-271.97,-0.596666666666666,-1.63933333333334
247,3838.934,-83.64,-41.27,193.547836770531,262.617414692933,193.547836770531,262.617414692933,-145.16,-296.58,-0.597333333333334,-1.64066666666666
248,3855.031,-67.51,-66.69,198.77386928205,268.368226509771,198.77386928205,268.368226509771,-153.88,-320.78,-0.581333333333333,-1.61333333333333
249,3871.046,-51.32,-88.45,200.985145499315,266.302997542273,200.985145499315,266.302997542273,-146.69,-337.09,0.479333333333333,-1.08733333333333
250,3887.175,-19.92,-92.74,202.571835796009,263.363938685614,202.571835796009,263.363938685614,-121.01,-335.93,1.712,0.0773333333333312
251,3903.3,8.23,-94.73,203.426940056686,259.948096550061,203.426940056686,259.948096550061,-95.12,-333.25,1.726,0.178666666666667
252,3918.403,38.39,-96.84,204.847995605756,257.60784168965,204.847995605756,257.60784168965,-69.86,-330.6,1.684,0.176666666666665
253,3933.466,68.45,-98.94,206.43184268592,255.833700868357,206.43184268592,255.833700868357,-45.43,-328.03,1.62866666666667,0.171333333333337
254,3948.532,98.64,-101.05,208.387096262893,255.286789709143,208.387096262893,255.286789709143,-22.73,-325.64,1.51333333333333,0.159333333333332
255,3963.592,128.83,-103.16,209.390060974942,256.972648544548,209.390060974942,256.972648544548,2.72,-327.06,1.69666666666667,-0.0946666666666677
256,3978.627,158.94,-105.27,210.465321652906,260.228079960638,210.465321652906,260.228079960638,27,-329.57,1.61866666666667,-0.167333333333333
257,3993.755,188.97,-107.37,211.788629035537,264.224382296562,211.788629035537,264.224382296562,49.78,-331.96,1.51866666666667,-0.159333333333332
258,4008.796,219.16,-109.48,212.654112958103,267.381464017235,212.654112958103,267.381464017235,74.89,-334.6,1.674,-0.176000000000003
259,4023.979,249.41,-111.59,213.591492220179,270.827224628544,213.591492220179,270.827224628544,99.57,-337.19,1.64533333333333,-0.172666666666665
260,4039.026,279.65,-113.71,214.398052569456,274.065007799245,214.398052569456,274.065007799245,124.82,-339.85,1.68333333333333,-0.177333333333335
261,4054.085,309.68,-115.81,215.319421089403,277.703674084446,215.319421089403,277.703674084446,149.13,-342.4,1.62066666666667,-0.169999999999997
262,4069.195,340,-117.93,216.243005184676,281.506849827851,216.243005184676,281.506849827851,173.57,-344.97,1.62933333333333,-0.171333333333337
263,4084.263,370.22,-120.04,217.234066786646,285.403764866548,217.234066786646,285.403764866548,197.53,-347.27,1.59733333333333,-0.15333333333333
264,4099.343,400.33,-122.14,218.172588878036,289.078714539829,218.172588878036,289.078714539829,221.67,-349.4,1.60933333333333,-0.142
265,4114.419,430.38,-124.25,219.061593210624,292.864239025525,219.061593210624,292.864239025525,245.83,-351.65,1.61066666666667,-0.15
266,4129.512,460.6,-126.36,221.462202718127,295.759494353098,221.462202718127,295.759494353098,264.77,-348,1.26266666666666,0.243333333333332
267,4144.517,490.75,-128.47,229.957978050255,311.805747381282,229.957978050255,311.805747381282,252.04,-329.07,-0.848666666666666,1.262
268,4159.601,521.03,-130.87,237.841492671494,339.117852818161,237.841492671494,339.117852818161,233.94,-311.37,-1.20666666666667,1.18
269,4174.679,540.59,-120.5,241.866985829214,368.06491125887,241.866985829214,368.06491125887,216.01,-294.05,-1.19533333333333,1.15466666666667
270,4190.753,538.8,-92.66,241.849459980311,387.757418626646,241.849459980311,387.757418626646,196.91,-275.6,-1.27333333333333,1.23
271,4205.836,536.17,-62.52,241.32320982623,407.424425630079,241.32320982623,407.424425630079,178.72,-258.03,-1.21266666666667,1.17133333333334
272,4220.956,533.3,-32.29,240.841787009313,427.011958263466,240.841787009313,427.011958263466,160.4,-240.34,-1.22133333333333,1.17933333333333
273,4236.037,530.14,-2.25,240.417695397386,446.307299738644,240.417695397386,446.307299738644,142.01,-222.58,-1.226,1.184
274,4251.097,526.98,27.86,239.96079261191,465.528346720154,239.96079261191,465.528346720154,123.98,-205.18,-1.202,1.16
275,4266.188,523.82,57.88,239.283144418854,484.342226220263,239.283144418854,484.342226220263,107.43,-189.52,-1.10333333333333,1.044
276,4281.304,520.64,88.17,238.785663660547,503.896816917908,238.785663660547,503.896816917908,89.69,-172.97,-1.18266666666667,1.10333333333333
277,4296.387,517.46,118.41,238.510712097405,523.912486203564,238.510712097405,523.912486203564,70.7,-155.25,-1.266,1.18133333333333
278,4313.547,514.29,148.54,238.256813677431,543.875767064502,238.256813677431,543.875767064502,51.77,-137.6,-1.262,1.17666666666667
279,4328.636,511.13,178.68,237.875301953664,563.483374821299,237.875301953664,563.483374821299,33.92,-120.96,-1.19,1.10933333333333
280,4343.732,507.94,209.03,237.487739794182,583.165813898586,237.487739794182,583.165813898586,16.17,-104.41,-1.18333333333333,1.10333333333333
281,4359.789,505.2,239.2,237.409031347628,603.52223364181,237.409031347628,603.52223364181,-3.29,-85.88,-1.29733333333333,1.23533333333333
282,4374.917,502.56,269.34,237.038708198921,622.987035659652,237.038708198921,622.987035659652,-20.15,-69.61,-1.124,1.08466666666667
283,4389.045,499.9,299.71,236.835859558172,642.98840588303,236.835859558172,642.98840588303,-38.35,-52.03,-1.21333333333333,1.172
284,4404.146,497.26,329.89,236.610043173865,662.942392670736,236.610043173865,662.942392670736,-56.26,-34.95,-1.194,1.13866666666667
285,4420.259,494.52,360.13,236.344366707542,683.002474958913,236.344366707542,683.002474958913,-74,-18.39,-1.18266666666667,1.104
286,4436.321,491.16,392.36,235.963128080588,700.610276045106,235.963128080588,700.610276045106,-89.42,0.21,-1.028,1.24
287,4452.419,487.77,424.62,234.494399589438,693.512596857476,234.494399589438,693.512596857476,-76.79,21.84,0.842,1.442
288,4466.579,484.76,456.88,232.773952122028,685.33324011024,232.773952122028,685.33324011024,-60.94,42.28,1.05666666666667,1.36266666666667
289,4482.588,477.28,484.71,230.993319447853,674.583062417075,230.993319447853,674.583062417075,-46.92,60.12,0.934666666666666,1.18933333333333
290,4496.784,448.51,479.13,230.19771556903,624.972338987895,230.19771556903,624.972338987895,-31.63,79.06,1.01933333333333,1.26266666666667
291,4512.898,419.38,470.27,229.489056813464,572.958522233503,229.489056813464,572.958522233503,-16.23,98.08,1.02666666666667,1.268
292,4528.984,388.56,460.84,228.595520860762,517.652356799426,228.595520860762,517.652356799426,0.29,118.48,1.10133333333333,1.36
293,4544.085,359.52,451.97,227.552544092313,466.00025718877,227.552544092313,466.00025718877,15.66,137.46,1.02466666666667,1.26533333333333
294,4559.108,326.64,441.92,226.012536601628,410.150621723288,226.012536601628,410.150621723288,31.54,157.07,1.05866666666667,1.30733333333333
295,4574.193,295.72,432.46,224.146021098575,356.774999404387,224.146021098575,356.774999404387,47.23,176.45,1.046,1.292
296,4589.318,268.7,424.2,222.031979887917,308.224107590565,222.031979887917,308.224107590565,62.33,195.26,1.00666666666667,1.254
297,4604.295,239.85,415.38,218.962542161506,258.630483315482,218.962542161506,258.630483315482,77.22,214.28,0.992666666666667,1.268
298,4619.348,211.19,406.35,214.533862580544,209.61619999418,214.533862580544,209.61619999418,92.36,233.67,1.00933333333333,1.29266666666667
299,4634.501,182.35,396.99,207.500807961518,162.65986136721,207.500807961518,162.65986136721,107.24,252.71,0.992,1.26933333333333
300,4649.486,151.73,387.04,193.973577342554,117.527983476277,193.973577342554,117.527983476277,123.35,272.99,1.074,1.352
301,4664.559,123,377.84,169.710985791752,87.3953785963537,169.710985791752,87.3953785963537,138.61,291.85,1.01733333333333,1.25733333333333
302,4679.617,92.24,368.41,134.078585918605,84.4253243997321,134.078585918605,84.4253243997321,152.89,309.68,0.951999999999998,1.18866666666667
303,4694.726,65.06,356.08,112.291640985239,111.989529867751,112.291640985239,111.989529867751,168.68,313.6,1.05266666666667,0.261333333333334
304,4709.749,67.77,326.77,107.416673308244,115.66275978032,107.416673308244,115.66275978032,178.13,292.15,0.629999999999999,-1.43
305,4725.802,73,297.02,103.851878571214,116.075725713863,103.851878571214,116.075725713863,185.7,269.23,0.504666666666666,-1.528
306,4740.917,77.9,269.25,101.302285899995,117.559857094163,101.302285899995,117.559857094163,193.18,246.21,0.498666666666668,-1.53466666666667
307,4755.976,83.49,237.53,97.9728519848201,119.030561201735,97.9728519848201,119.030561201735,201.37,221.02,0.546,-1.67933333333333
308,4771.034,88.73,207.8,94.0835204395297,116.836612412377,94.0835204395297,116.836612412377,205.27,199.48,0.26,-1.436
309,4786.17,93.96,178.13,80.378059723297,90.8784688471367,80.378059723297,90.8784688471367,183.56,193.32,-1.44733333333333,-0.410666666666666
310,4801.204,98.87,150.31,56.4738471307727,74.6490843882227,56.4738471307727,74.6490843882227,161.1,191.54,-1.49733333333333,-0.118666666666667
311,4816.246,104.13,120.51,25.0440444425394,76.4915315574214,25.0440444425394,76.4915315574214,136.51,189.81,-1.63933333333333,-0.115333333333333
312,4831.29,109.34,90.95,1.83298086135872,97.2297511053073,1.83298086135872,97.2297511053073,112.45,188.13,-1.604,-0.112
313,4846.35,114.66,61.13,348.156511176276,128.045854286658,348.156511176276,128.045854286658,88.38,186.45,-1.60466666666667,-0.112
314,4862.521,120.4,31.48,339.335399056744,163.702235171057,339.335399056744,163.702235171057,62.63,184.65,-1.71666666666667,-0.119999999999999
315,4878.606,126,1.87,333.774078364286,201.73711458232,333.774078364286,201.73711458232,36.85,182.84,-1.71866666666667,-0.120666666666667
316,4893.624,111.35,-2.26,331.729429913787,208.26124459438,331.729429913787,208.26124459438,12.71,181.16,-1.60933333333333,-0.112
317,4908.687,90.7,19.52,327.452214996821,189.906069676564,327.452214996821,189.906069676564,-11.47,179.6,-1.612,-0.104
318,4923.664,70.48,41.96,321.930864942139,173.155927706793,321.930864942139,173.155927706793,-36.29,178.28,-1.65466666666667,-0.0879999999999996
319,4938.721,50.18,64.51,315.397471394258,157.99266976667,315.397471394258,157.99266976667,-60.76,177,-1.63133333333333,-0.0853333333333334
320,4953.769,29.99,86.93,307.603166712119,145.495915062932,307.603166712119,145.495915062932,-85.28,175.71,-1.63466666666667,-0.0859999999999995
321,4968.803,9.85,109.3,298.587279316679,136.113729285477,298.587279316679,136.113729285477,-109.67,174.43,-1.626,-0.0853333333333334
322,4983.821,-10.42,131.81,288.726001961463,128.861314986306,288.726001961463,128.861314986306,-132.46,173.18,-1.51933333333333,-0.0833333333333333
323,4998.969,-30.58,154.21,277.82991363568,127.135301549176,277.82991363568,127.135301549176,-156.53,171.53,-1.60466666666667,-0.11
324,5013.936,-50.9,176.77,266.945768482545,130.064750413015,266.945768482545,130.064750413015,-180.78,169.84,-1.61666666666667,-0.112666666666667
325,5029.13,-68.3,196.1,258.535121143356,139.962713963398,258.535121143356,139.962713963398,-205.47,168.28,-1.646,-0.104
326,5044.099,-89.96,219.96,249.276084728324,149.802777677852,249.276084728324,149.802777677852,-230.07,166.95,-1.64,-0.0886666666666675
327,5059.188,-110.52,242.04,239.401092295978,128.736308009823,239.401092295978,128.736308009823,-221.33,176.51,0.582666666666665,0.637333333333334
328,5074.288,-131.14,264.15,217.610306598152,108.031020082197,217.610306598152,108.031020082197,-197.07,178.57,1.61733333333333,0.137333333333333
329,5089.37,-151.56,286.43,190.290165322439,108.210488401079,190.290165322439,108.210488401079,-170.89,179.96,1.74533333333333,0.0926666666666677
330,5104.398,-173.14,310.26,169.079747337048,131.491065095694,169.079747337048,131.491065095694,-148.23,181.15,1.51066666666667,0.0793333333333332
331,5119.52,-178.93,289.81,152.942020954755,120.600081260337,152.942020954755,120.600081260337,-124.07,182.41,1.61066666666667,0.0839999999999994
332,5134.558,-170.07,260.94,137.765462081945,104.3490642028,137.765462081945,104.3490642028,-99.93,183.68,1.60933333333333,0.0846666666666674
333,5149.747,-160.74,232.21,119.076922446756,97.2461192027733,119.076922446756,97.2461192027733,-75.75,184.95,1.612,0.0846666666666655
334,5164.701,-151.43,203.55,99.8394276726126,101.411711848287,99.8394276726126,101.411711848287,-51.51,186.22,1.616,0.0846666666666674
335,5179.871,-143.34,178.66,85.647425893702,116.215174568556,85.647425893702,116.215174568556,-27.46,187.48,1.60333333333333,0.0839999999999994
336,5194.839,-133.4,148.05,72.6223924154992,136.238307755198,72.6223924154992,136.238307755198,-3.38,188.74,1.60533333333333,0.0840000000000013
337,5209.95,-124.04,119.24,63.9688486123753,161.258807201343,63.9688486123753,161.258807201343,20.86,190.01,1.616,0.0846666666666655
338,5226.044,-114.12,88.71,57.4341009806037,190.70380410469,57.4341009806037,190.70380410469,46.6,191.36,1.716,0.0900000000000015
339,5242.144,-104.16,58.07,52.8650943957416,211.448261756866,52.8650943957416,211.448261756866,64.41,185.72,1.18733333333333,-0.376000000000001
340,5258.241,-94.13,27.21,44.7283619823237,199.858906731724,44.7283619823237,199.858906731724,46.52,169.2,-1.19266666666667,-1.10133333333333
341,5274.326,-84.81,-1.47,34.9358469217468,191.353007031507,34.9358469217468,191.353007031507,24.77,155.4,-1.45,-0.919999999999999
342,5290.358,-75.5,-30.13,24.4871733548086,188.714058829754,24.4871733548086,188.714058829754,2.72,141.61,-1.47,-0.919333333333333
343,5306.527,-66.15,-58.92,14.0723343833901,192.517541278711,14.0723343833901,192.517541278711,-19.34,127.82,-1.47066666666667,-0.919333333333335
344,5322.51,-56.79,-87.73,4.4316845862875,202.535546016002,4.4316845862875,202.535546016002,-41.14,114.2,-1.45333333333333,-0.907999999999999
345,5337.682,-46.86,-118.29,356.077836391024,220.025322633555,356.077836391024,220.025322633555,-61.91,101.22,-1.38466666666667,-0.865333333333334
346,5352.766,-37.2,-146.88,349.044800756585,239.474157687213,349.044800756585,239.474157687213,-82.71,88.23,-1.38666666666667,-0.866
347,5368.809,-27.34,-175.52,342.83128342097,261.732902975533,342.83128342097,261.732902975533,-104.6,74.55,-1.45933333333333,-0.912000000000001
348,5384.892,-17.52,-204.02,337.599734096362,286.400565118158,337.599734096362,286.400565118158,-126.66,60.77,-1.47066666666667,-0.918666666666666
349,5400.983,1.92,-261.28,334.015175333789,343.137753824903,334.015175333789,343.137753824903,-148.42,47.17,-1.45066666666667,-0.906666666666667
350,5417.053,11.29,-290.08,330.715438187435,370.992422159806,330.715438187435,370.992422159806,-170.18,33.5,-1.45066666666667,-0.911333333333333
351,5433.13,20.71,-318.66,328.073075992716,399.423475649592,328.073075992716,399.423475649592,-190.52,20.34,-1.356,-0.877333333333333
352,5449.16,29.26,-346.92,329.936828464224,409.937402172576,329.936828464224,409.937402172576,-176.1,7.87,0.961333333333334,-0.831333333333333
353,5465.248,3.55,-355.35,336.68024098698,389.302121879653,336.68024098698,389.302121879653,-150.56,2.15,1.70266666666667,-0.381333333333333
354,5481.37,-28.8,-356.36,344.784301936407,365.855191708414,344.784301936407,365.855191708414,-124.82,-3.33,1.716,-0.365333333333333
355,5497.446,-58.98,-356.89,353.3841389936,350.483903910008,353.3841389936,350.483903910008,-99.36,-8.74,1.69733333333333,-0.360666666666667
356,5513.554,-58.93,-336.13,357.383713194212,322.255908402003,357.383713194212,322.255908402003,-73.64,-14.21,1.71466666666667,-0.364666666666667
357,5528.63,-38.74,-313.75,357.939665221342,294.560426737877,357.939665221342,294.560426737877,-49.33,-19.38,1.62066666666667,-0.344666666666667
358,5543.857,-18.1,-291.6,358.404871579315,267.273572393531,358.404871579315,267.273572393531,-25.54,-24.43,1.586,-0.336666666666667
359,5558.809,2.56,-269.44,359.035169997772,239.924016513562,359.035169997772,239.924016513562,-1.48,-29.55,1.604,-0.341333333333333
360,5574.015,23.26,-247.24,359.919111894426,212.5002117646,359.919111894426,212.5002117646,22.96,-34.74,1.62933333333333,-0.346
361,5588.986,43.97,-225.03,0.835021063389988,185.269675068534,0.835021063389988,185.269675068534,46.67,-39.78,1.58066666666667,-0.336
362,5604.162,64.65,-202.86,2.3174183717433,158.029244445451,2.3174183717433,158.029244445451,71.04,-44.96,1.62466666666667,-0.345333333333333
363,5619.247,85.43,-180.57,3.64015390499233,131.044384847272,3.64015390499233,131.044384847272,93.75,-49.79,1.514,-0.322
364,5634.333,106.08,-158.43,6.29101500043251,104.217582489712,6.29101500043251,104.217582489712,117.5,-54.84,1.58333333333333,-0.336666666666667
365,5649.412,126.9,-136.1,10.7332797452554,77.7502572343012,10.7332797452554,77.7502572343012,141.38,-59.71,1.592,-0.324666666666667
366,5664.655,147.6,-113.91,19.4448714966545,52.5683830833706,19.4448714966545,52.5683830833706,165.1,-64.34,1.58133333333333,-0.308666666666667
367,5679.528,168.32,-91.69,38.9805108700833,16.1829787122149,38.9805108700833,16.1829787122149,178.5,-79.11,0.893333333333334,-0.984666666666666
368,5694.811,187.57,-71.04,194.498161955569,33.3933900645023,194.498161955569,33.3933900645023,179.21,-103.37,0.0473333333333339,-1.61733333333333
369,5709.788,208.35,-48.75,200.142876914592,84.5620866582655,200.142876914592,84.5620866582655,179.23,-128.14,0.00133333333333212,-1.65133333333333
370,5724.951,229.02,-26.59,201.487529629753,135.927313296482,201.487529629753,135.927313296482,179.23,-153.07,0,-1.662
371,5739.942,249.78,-4.33,202.130352390225,187.276834926266,202.130352390225,187.276834926266,179.23,-177.81,0,-1.64933333333333
372,5755.138,270.56,17.96,202.509202331511,238.564291125055,202.509202331511,238.564291125055,179.23,-202.43,0,-1.64133333333333
373,5770.153,291.26,40.16,202.769995854131,289.458685998538,202.769995854131,289.458685998538,179.23,-226.74,0,-1.62066666666667
374,5785.435,311.84,62.23,202.915501497978,339.905294015848,202.915501497978,339.905294015848,179.49,-250.85,0.0173333333333346,-1.60733333333333
375,5800.408,332.67,84.46,203.011661484731,390.797598380543,203.011661484731,390.797598380543,179.9,-275.24,0.0273333333333331,-1.626
376,5815.59,353.67,106.25,203.446454271748,441.02435590339,203.446454271748,441.02435590339,178.19,-298.36,-0.114000000000001,-1.54133333333333
377,5830.597,374.73,128.06,207.213948501315,464.385074372551,207.213948501315,464.385074372551,162.36,-284.92,-1.05533333333333,0.896
378,5845.851,395.9,149.99,210.632175346343,479.780471153214,210.632175346343,479.780471153214,151.44,-262.84,-0.728000000000001,1.472
379,5860.799,416.72,172.21,213.676630279654,496.695210365472,213.676630279654,496.695210365472,141.3,-241.13,-0.675999999999999,1.44733333333333
380,5876.084,437.44,194.27,216.539657919737,514.596547695377,216.539657919737,514.596547695377,131.06,-219.18,-0.682666666666667,1.46333333333333
381,5891.03,432.8,207.41,217.645108892485,510.880760354116,217.645108892485,510.880760354116,120.77,-197.11,-0.686,1.47133333333333
382,5906.175,405.26,195.87,218.475853184837,473.782098121067,218.475853184837,473.782098121067,110.48,-175.04,-0.686,1.47133333333333
383,5921.232,377.88,182.54,219.592867727632,435.599831611538,219.592867727632,435.599831611538,100.26,-153.13,-0.681333333333333,1.46066666666667
384,5936.491,350.68,169.27,220.965553178205,397.693629443571,220.965553178205,397.693629443571,89.95,-131.03,-0.687333333333334,1.47333333333333
385,5951.452,323.26,155.9,222.585750003262,359.897390932471,222.585750003262,359.897390932471,79.72,-109.08,-0.682,1.46333333333333
386,5966.626,296.01,142.61,224.626967883121,322.56773691738,224.626967883121,322.56773691738,69.41,-86.96,-0.687333333333334,1.47466666666667
387,5982.737,268.75,129.32,227.487332294022,285.296467030351,227.487332294022,285.296467030351,58.45,-63.47,-0.730666666666666,1.566
388,5998.855,241.47,116.01,231.18884991062,248.916857002494,231.18884991062,248.916857002494,47.51,-40,-0.729333333333334,1.56466666666667
389,6014.988,212.34,101.81,236.060942604612,211.889155220365,236.060942604612,211.889155220365,36.55,-16.49,-0.730666666666667,1.56733333333333
390,6031.012,183.2,87.59,243.100414670639,176.934130681449,243.100414670639,176.934130681449,25.41,7.54,-0.742666666666667,1.602
391,6045.139,153.93,73.32,252.303174526254,145.07520153355,252.303174526254,145.07520153355,15.72,29.22,-0.646,1.44533333333333
392,6061.184,126.68,60.02,266.031428535223,121.371027844375,266.031428535223,121.371027844375,5.6,51.62,-0.674666666666667,1.49333333333333
393,6076.268,99.27,46.65,276.680561711584,83.4667245074347,276.680561711584,83.4667245074347,16.37,56.36,0.718,0.316
394,6091.438,72.06,33.38,280.355190654009,37.6634491251133,280.355190654009,37.6634491251133,35.01,40.15,1.24266666666667,-1.08066666666667
395,6106.382,44.68,20.03,71.6269033799453,8.78797473824317,71.6269033799453,8.78797473824317,53.02,22.8,1.20066666666667,-1.15666666666667
396,6121.633,17.48,6.76,91.3187603110076,53.444155901277,91.3187603110076,53.444155901277,70.91,5.53,1.19266666666667,-1.15133333333333
397,6136.598,-9.79,-6.54,92.8542637299657,98.40207518137,92.8542637299657,98.40207518137,88.49,-11.44,1.172,-1.13133333333333
398,6151.759,-37.18,-19.9,93.5047491755332,143.788923425972,93.5047491755332,143.788923425972,106.34,-28.69,1.19,-1.15
399,6166.812,-64.4,-33.17,93.7736818940447,188.709158230331,93.7736818940447,188.709158230331,123.9,-45.59,1.17066666666667,-1.12666666666667
400,6182,-90.07,-45.69,92.6334575883681,231.5745635859,92.6334575883681,231.5745635859,141.26,-56.33,1.15733333333333,-0.716
401,6196.958,-117.34,-58.91,85.3986747740809,250.928737493337,85.3986747740809,250.928737493337,132.78,-38.78,-0.565333333333333,1.17
402,6212.249,-144.72,-71.72,78.8651505532355,263.77547213492,78.8651505532355,263.77547213492,114.09,-20.78,-1.246,1.2
403,6227.195,-172.38,-84.62,73.4931761558006,280.928202393423,73.4931761558006,280.928202393423,96.97,-4.8,-1.14133333333333,1.06533333333333
404,6242.36,-199.85,-97.43,68.5175133884937,299.248959396687,68.5175133884937,299.248959396687,78.61,12.16,-1.224,1.13066666666667
405,6257.345,-227.31,-110.24,64.2666473155232,319.496219852442,64.2666473155232,319.496219852442,60.5,28.48,-1.20733333333333,1.088
406,6272.509,-254.76,-123.28,60.492855707187,341.378777313412,60.492855707187,341.378777313412,42.34,44.86,-1.21066666666667,1.092
407,6287.584,-282.14,-136.63,56.9426722123039,364.671051771319,56.9426722123039,364.671051771319,23.5,62.29,-1.256,1.162
408,6302.747,-309.53,-149.94,58.7126740902368,378.083234883537,58.7126740902368,378.083234883537,13.57,46.41,-0.662,-1.05866666666667
409,6317.703,-336.89,-162.75,62.0981321462235,395.269987856402,62.0981321462235,395.269987856402,12.43,22.22,-0.076,-1.61266666666667
410,6333.008,-363.01,-169.15,65.9714816868494,410.568694008688,65.9714816868494,410.568694008688,11.98,-1.97,-0.03,-1.61266666666667
411,6347.971,-379.13,-146.54,72.6909924169893,409.242961698793,72.6909924169893,409.242961698793,11.58,-24.78,-0.0266666666666667,-1.52066666666667
412,6363.153,-395.81,-118.85,80.2787519255596,412.89884875112,80.2787519255596,412.89884875112,11.16,-49.13,-0.028,-1.62333333333333
413,6378.085,-411.5,-92.74,87.368016493106,422.685894843914,87.368016493106,422.685894843914,10.74,-73.33,-0.028,-1.61333333333333
414,6393.271,-427.1,-66.77,94.0317149695295,438.495150486297,94.0317149695295,438.495150486297,10.31,-97.6,-0.0286666666666667,-1.618
415,6408.316,-442.8,-40.65,100.211454171201,459.833679606007,100.211454171201,459.833679606007,9.75,-122.17,-0.0373333333333334,-1.638
416,6423.484,-458.38,-14.72,105.863092359312,485.769267554052,105.863092359312,485.769267554052,8.89,-147.5,-0.0573333333333333,-1.68866666666667
417,6438.462,-474,11.28,109.766144228346,493.432676765534,109.766144228346,493.432676765534,-9.64,-155.59,-1.23533333333333,-0.539333333333334
418,6453.648,-489.68,37.38,112.848210832245,494.500080990893,112.848210832245,494.500080990893,-33.98,-154.63,-1.62266666666667,0.0640000000000005
419,6468.735,-505.3,63.37,115.877179826152,496.559151864106,115.877179826152,496.559151864106,-58.53,-153.35,-1.63666666666667,0.0853333333333334
420,6483.968,-520.87,89.4,118.85895666506,500.336546836227,118.85895666506,500.336546836227,-82.67,-152.09,-1.60933333333333,0.0839999999999994
421,6498.932,-535.29,115.79,121.819746896088,505.795483174771,121.819746896088,505.795483174771,-105.51,-150.89,-1.52266666666667,0.0800000000000011
422,6515.032,-509.89,124.33,125.885096940961,467.20901157833,125.885096940961,467.20901157833,-131.36,-149.53,-1.72333333333333,0.0906666666666657
423,6530.254,-479.49,126.56,130.44808871403,423.485561147012,130.44808871403,423.485561147012,-157.22,-148.18,-1.724,0.0899999999999996
424,6545.162,-449.3,128.67,135.660137923197,385.427061841796,135.660137923197,385.427061841796,-179.92,-146.99,-1.51333333333333,0.0793333333333332
425,6560.441,-418.86,130.8,142.165203762812,350.121647431289,142.165203762812,350.121647431289,-204.1,-145.72,-1.612,0.0846666666666674
426,6575.403,-388.65,132.91,149.993508115656,320.277147795468,149.993508115656,320.277147795468,-228.48,-144.44,-1.62533333333333,0.0853333333333334
427,6590.597,-360.47,134.88,158.81117118552,298.221474243556,158.81117118552,298.221474243556,-252.68,-143.18,-1.61333333333333,0.0839999999999994
428,6605.685,-330.06,137.01,169.230712123251,283.910356626876,169.230712123251,283.910356626876,-277.01,-141.9,-1.622,0.0853333333333334
429,6620.86,-299.84,139.12,180.276492232068,279.75325735369,180.276492232068,279.75325735369,-301.19,-140.63,-1.612,0.0846666666666674
430,6635.777,-269.67,141.03,191.239183392779,285.882630462223,191.239183392779,285.882630462223,-325.39,-139.37,-1.61333333333333,0.0839999999999994
431,6650.882,-239.47,142.62,201.162977831206,300.978833142798,201.162977831206,300.978833142798,-348.13,-138.06,-1.516,0.0873333333333335
432,6665.914,-209.45,144.2,210.465455636844,325.372560920555,210.465455636844,325.372560920555,-374.42,-136.25,-1.75266666666667,0.120666666666667
433,6681.04,-179.23,146.14,217.934796474127,357.063670092604,217.934796474127,357.063670092604,-398.74,-135.48,-1.62133333333333,0.051333333333334
434,6696.032,-149.2,148.12,218.67903650208,386.25053139122,218.67903650208,386.25053139122,-390.59,-153.41,0.543333333333336,-1.19533333333333
435,6711.169,-139.78,125.1,218.319668795345,374.615918642014,218.319668795345,374.615918642014,-372.06,-168.81,1.23533333333333,-1.02666666666667
436,6726.172,-139.67,94.95,217.458905641693,350.974545515768,217.458905641693,350.974545515768,-353.13,-183.65,1.262,-0.989333333333334
437,6741.3,-139.67,64.69,216.446521996982,327.232933703196,216.446521996982,327.232933703196,-334.07,-198.54,1.27066666666667,-0.992666666666666
438,6756.358,-139.67,34.5,215.27535197914,303.667589643676,215.27535197914,303.667589643676,-315.04,-213.41,1.26866666666666,-0.991333333333334
439,6771.44,-139.67,4.27,213.907834900572,280.214375077368,213.907834900572,280.214375077368,-295.99,-228.29,1.27,-0.992
440,6786.514,-139.67,-25.86,212.26245202992,257.044653124705,212.26245202992,257.044653124705,-276.88,-243.22,1.274,-0.995333333333334
441,6801.612,-139.67,-56.3,210.760612180781,233.628846035758,210.760612180781,233.628846035758,-259.16,-257.06,1.18133333333333,-0.922666666666667
442,6816.556,-139.67,-86.48,208.373867069066,211.248216560519,208.373867069066,211.248216560519,-240.06,-272.35,1.27333333333333,-1.01933333333333
443,6831.717,-139.67,-116.55,205.467114521045,189.514722647081,205.467114521045,189.514722647081,-221.16,-287.65,1.26,-1.02
444,6846.704,-139.67,-146.95,201.878103829849,167.859451327591,201.878103829849,167.859451327591,-202.22,-302.72,1.26266666666667,-1.00466666666667
445,6861.769,-139.67,-177.09,202.592225392442,129.161553490193,202.592225392442,129.161553490193,-189.29,-296.34,0.862,0.425333333333337
446,6876.837,-139.96,-207.38,218.143663438529,83.0425204338115,218.143663438529,83.0425204338115,-191.25,-272.69,-0.130666666666667,1.57666666666667
447,6892.033,-140.45,-235.49,256.320323278411,55.7309151189894,256.320323278411,55.7309151189894,-194.6,-248.67,-0.223333333333333,1.60133333333333
448,6906.979,-140.98,-265.79,305.770042576881,70.2269385634886,305.770042576881,70.2269385634886,-197.96,-224.74,-0.224000000000001,1.59533333333333
449,6922.096,-141.5,-295.95,327.83734482818,112.375038598436,327.83734482818,112.375038598436,-201.32,-200.82,-0.223999999999999,1.59466666666667
450,6937.128,-142.03,-326.09,337.215308485869,161.773746324921,337.215308485869,161.773746324921,-204.68,-176.94,-0.224000000000001,1.592
451,6952.304,-142.3,-356.5,342.097042712654,213.886706926821,342.097042712654,213.886706926821,-208.05,-152.97,-0.224666666666667,1.598
452,6967.319,-142.31,-386.59,344.983359601218,266.770032050079,344.983359601218,266.770032050079,-211.43,-128.93,-0.225333333333333,1.60266666666667
453,6982.37,-142.31,-416.87,346.915241585589,320.152363727023,346.915241585589,320.152363727023,-214.79,-105.03,-0.223999999999999,1.59333333333333
454,6997.463,-142.74,-449.19,348.422723452262,375.754760715017,348.422723452262,375.754760715017,-218.15,-81.08,-0.224000000000001,1.59666666666667
455,7012.639,-139.65,-478.2,348.997806465139,429.035729164833,348.997806465139,429.035729164833,-221.53,-57.05,-0.225333333333333,1.602
456,7027.605,-121.4,-455.11,346.221784833557,434.61612050176,346.221784833557,434.61612050176,-224.91,-33,-0.225333333333333,1.60333333333333
457,7042.737,-106.15,-426.51,343.693270297927,434.967743401738,343.693270297927,434.967743401738,-228.28,-9.04,-0.224666666666667,1.59733333333333
458,7058.828,-91.03,-398.06,341.236907827099,437.859308111635,341.236907827099,437.859308111635,-231.87,16.53,-0.239333333333334,1.70466666666667
459,7073.826,-91.03,-398.06,341.795859706005,461.582441607131,341.795859706005,461.582441607131,-235.23,40.42,-0.223999999999999,1.59266666666667
460,7088.955,-75.91,-369.64,339.452201254581,463.519230453279,339.452201254581,463.519230453279,-238.6,64.39,-0.224666666666667,1.598
461,7104.104,-60.84,-341.28,337.135996778705,466.123462292985,337.135996778705,466.123462292985,-241.95,88.22,-0.223333333333333,1.58866666666667
462,7119.157,-46.58,-314.46,335.02377619225,470.654121940943,335.02377619225,470.654121940943,-245.31,112.18,-0.224000000000001,1.59733333333333
463,7134.154,-32.4,-287.8,332.906673035656,474.375152068487,332.906673035656,474.375152068487,-248.45,134.52,-0.209333333333332,1.48933333333333
464,7149.286,-18.29,-261.27,330.910987087095,480.348538563406,330.910987087095,480.348538563406,-251.82,158.49,-0.224666666666667,1.598
465,7165.349,-4.1,-234.58,329.025578771662,488.326794779889,329.025578771662,488.326794779889,-255.42,184.11,-0.24,1.708
466,7181.344,24.27,-181.23,324.066873056349,482.720517483979,324.066873056349,482.720517483979,-259.01,209.63,-0.239333333333334,1.70133333333333
467,7197.463,36.58,-158.06,322.728561532565,493.996131260155,322.728561532565,493.996131260155,-262.58,235.05,-0.238,1.69466666666667
468,7213.486,51.72,-129.6,320.834251287967,503.35204141833,320.834251287967,503.35204141833,-266.18,260.66,-0.240000000000002,1.70733333333333
469,7229.557,65.83,-103.06,319.230978779537,513.91154122086,319.230978779537,513.91154122086,-269.76,286.15,-0.238666666666666,1.69933333333333
470,7244.611,80.07,-76.29,317.665941998386,524.78866222509,317.665941998386,524.78866222509,-273.35,311.65,-0.239333333333335,1.7
471,7259.713,95.21,-47.8,315.868522588767,534.132046688832,315.868522588767,534.132046688832,-276.71,335.57,-0.223999999999997,1.59466666666667
472,7274.769,109.45,-21.02,314.24705399943,543.472630589619,314.24705399943,543.472630589619,-279.86,358.19,-0.210000000000002,1.508
473,7289.938,123.81,5.43,312.951886595648,555.971396566406,312.951886595648,555.971396566406,-283.12,384.26,-0.217333333333333,1.738
474,7304.996,138.49,31.94,310.064261525792,533.134357268409,310.064261525792,533.134357268409,-269.53,375.09,0.906000000000002,-0.611333333333334
475,7320.064,152.11,56.51,305.82584495058,509.188534925915,305.82584495058,509.188534925915,-260.74,354.55,0.585999999999998,-1.36933333333333
476,7336.196,167.74,84.7,300.357299878933,484.951419938121,300.357299878933,484.951419938121,-250.72,329.79,0.668000000000001,-1.65066666666667
477,7351.262,182.47,111.28,294.677950007855,466.088350422964,294.677950007855,466.088350422964,-241.05,305.88,0.644666666666666,-1.594
478,7366.313,197.05,137.58,288.772430528764,453.124301709807,288.772430528764,453.124301709807,-231.97,283.4,0.605333333333334,-1.49866666666667
479,7381.355,211.74,164.09,282.578063601318,445.379002872834,282.578063601318,445.379002872834,-222.95,261.08,0.601333333333334,-1.488
480,7396.411,226.37,190.47,276.239181409628,442.863132920319,276.239181409628,442.863132920319,-213.87,238.6,0.605333333333332,-1.49866666666667
481,7411.556,240.93,216.92,269.898448311905,445.720700102654,269.898448311905,445.720700102654,-204.79,216.13,0.605333333333334,-1.498
482,7426.707,255.11,243.55,263.698306539632,453.610847533434,263.698306539632,453.610847533434,-195.76,193.76,0.602,-1.49133333333333
483,7441.848,269.34,270.33,257.747797988184,466.648884387395,257.747797988184,466.648884387395,-186.68,171.3,0.605333333333332,-1.49733333333333
484,7456.91,283.54,297.02,252.398639833998,484.502727030509,252.398639833998,484.502727030509,-178.28,150.51,0.56,-1.386
485,7471.927,297.69,323.64,247.26808126124,506.210968075564,247.26808126124,506.210968075564,-169.2,128.03,0.605333333333334,-1.49866666666667
486,7487.071,313.17,351.85,242.518098646664,533.535990351167,242.518098646664,533.535990351167,-160.16,105.64,0.602666666666666,-1.49266666666667
487,7502.063,326.9,376.62,238.626249920491,560.583202477563,238.626249920491,560.583202477563,-151.72,84.77,0.562666666666667,-1.39133333333333
488,7517.174,342.31,404.81,234.774429921661,593.692474265928,234.774429921661,593.692474265928,-142.67,62.37,0.603333333333334,-1.49333333333333
489,7533.254,357.56,433.37,231.02216198503,630.250486790768,231.02216198503,630.250486790768,-132.39,36.93,0.685333333333334,-1.696
490,7548.204,370.29,418.94,230.681532526346,638.116617711841,230.681532526346,638.116617711841,-123.38,14.61,0.600666666666666,-1.488
491,7563.454,372.49,390.93,230.674846541176,629.283694528946,230.674846541176,629.283694528946,-114.3,-7.86,0.605333333333333,-1.498
492,7578.566,372.49,390.93,228.593118422361,636.919800053351,228.593118422361,636.919800053351,-105.22,-30.33,0.605333333333333,-1.498
493,7593.733,374.57,358.66,228.850458521478,625.157119850682,228.850458521478,625.157119850682,-96.17,-52.71,0.603333333333333,-1.492
494,7609.452,377.73,298.45,231.197563002034,596.629347669053,231.197563002034,596.629347669053,-87.23,-75.42,0.596,-1.514
495,7625.609,379.32,268.19,231.191973505437,586.807694649619,231.191973505437,586.807694649619,-77.95,-99.57,0.618666666666667,-1.61
496,7640.622,381,236.13,231.497256414464,575.405646826654,231.497256414464,575.405646826654,-69.3,-122.09,0.576666666666667,-1.50133333333333
497,7655.844,382.57,207.96,231.464984539713,566.459195353028,231.464984539713,566.459195353028,-60.53,-144.94,0.584666666666666,-1.52333333333333
498,7671.919,384.66,177.67,231.46627412329,557.116886209707,231.46627412329,557.116886209707,-51.14,-169.4,0.626,-1.63066666666667
499,7687.038,386.91,145.58,231.586105402219,546.900563631087,231.586105402219,546.900563631087,-41.61,-194.23,0.635333333333333,-1.65533333333333
500,7702.1,388.79,115.48,231.740744268181,536.819819399396,231.740744268181,536.819819399396,-32.73,-216.93,0.592,-1.51333333333333
501,7717.221,390.4,85.24,231.898000866498,526.169654104073,231.898000866498,526.169654104073,-23.65,-239.44,0.605333333333333,-1.50066666666667
502,7732.308,378.5,63.3,230.409272513717,510.137085987678,230.409272513717,510.137085987678,-14.62,-261.81,0.602,-1.49133333333333
503,7747.337,349.85,54.77,226.36455586824,491.125941689095,226.36455586824,491.125941689095,-5.6,-284.14,0.601333333333333,-1.48866666666667
504,7762.408,320.72,46.95,221.850032692342,475.611501963525,221.850032692342,475.611501963525,3.4,-307.33,0.6,-1.546
505,7777.552,291.52,39.13,217.129345469517,462.87674558137,217.129345469517,462.87674558137,12.12,-329.91,0.581333333333333,-1.50533333333334
506,7792.591,262.1,31.41,212.791422530919,435.557016474307,212.791422530919,435.557016474307,26.21,-334.74,0.939333333333334,-0.321999999999999
507,7807.695,232.73,24.07,209.954233762722,390.039749384598,209.954233762722,390.039749384598,37.98,-313.87,0.784666666666666,1.39133333333333
508,7822.751,203.5,16.78,206.628875575094,345.262526347705,206.628875575094,345.262526347705,48.75,-291.86,0.718,1.46733333333333
509,7837.852,174.26,9.2,202.354609957849,301.574001034572,202.354609957849,301.574001034572,59.56,-269.71,0.720666666666667,1.47666666666667
510,7852.885,145.14,1.46,196.704526995925,259.709809210203,196.704526995925,259.709809210203,70.49,-247.29,0.728666666666666,1.49466666666667
511,7867.931,121.77,13.15,189.631538240759,241.585365450807,189.631538240759,241.585365450807,81.35,-225.03,0.724,1.484
512,7883.011,104.4,35.15,183.072242627976,239.574327714803,183.072242627976,239.574327714803,91.56,-204.08,0.680666666666667,1.39666666666667
513,7898.058,84.48,60.65,175.792916195081,243.315634721651,175.792916195081,243.315634721651,102.33,-182.01,0.718,1.47133333333333
514,7913.127,65.9,84.42,169.064385054069,248.859035801395,169.064385054069,248.859035801395,113.11,-159.92,0.718666666666667,1.47266666666667
515,7928.185,47.32,108.2,162.741705134351,257.786312282092,162.741705134351,257.786312282092,123.8,-137.98,0.712666666666667,1.46266666666667
516,7943.222,27.5,133.57,156.8055641041,271.624426920702,156.8055641041,271.624426920702,134.48,-116.1,0.712,1.45866666666667
517,7958.338,27.5,133.57,152.617650768881,256.149758149408,152.617650768881,256.149758149408,145.31,-93.88,0.722000000000001,1.48133333333333
518,7973.369,7.63,159,147.292234831811,274.542059801408,147.292234831811,274.542059801408,155.98,-72.01,0.711333333333333,1.458
519,7988.509,-12.19,184.37,142.593916640605,294.718905060398,142.593916640605,294.718905060398,166.84,-49.74,0.724000000000001,1.48466666666667
520,8003.541,-31.99,209.72,138.526365792254,316.605481317049,138.526365792254,316.605481317049,177.69,-27.5,0.723333333333333,1.48266666666667
521,8018.609,-51.88,235.18,134.903428142711,339.814788524573,134.903428142711,339.814788524573,188.81,-4.7,0.741333333333334,1.52
522,8033.693,-68.1,255.93,131.657166679752,358.462522448303,131.657166679752,358.462522448303,199.72,17.67,0.727333333333333,1.49133333333333
523,8048.855,-87.92,281.31,128.96050099461,383.883516707868,128.96050099461,383.883516707868,210.58,39.93,0.724000000000001,1.484
524,8064.86,-107.79,306.73,126.478227099736,409.895577190094,126.478227099736,409.895577190094,221.8,63.04,0.748,1.54066666666667
525,8079.997,-127.66,332.17,126.16307794917,447.308036368675,126.16307794917,447.308036368675,233.47,68.22,0.777999999999999,0.345333333333333
526,8095.058,-147.46,357.52,129.645360661893,489.033653238711,129.645360661893,489.033653238711,229.1,45.5,-0.291333333333334,-1.51466666666667
527,8110.101,-167.34,382.96,132.878337165246,529.448531965101,132.878337165246,529.448531965101,220.64,22.7,-0.564000000000001,-1.52
528,8125.157,-187.23,408.42,135.647061737383,571.039282711794,135.647061737383,571.039282711794,211.97,0.1,-0.577999999999999,-1.50666666666667
529,8140.236,-207.12,433.88,138.048655725611,613.85256413898,138.048655725611,613.85256413898,203.24,-22.65,-0.581999999999999,-1.51666666666667
530,8155.321,-227.16,458.89,140.130055665812,657.549176335884,140.130055665812,657.549176335884,194.36,-45.78,-0.592,-1.542
531,8170.443,-244.98,480.89,141.779713235943,697.089602561966,141.779713235943,697.089602561966,186.3,-66.77,-0.537333333333333,-1.39933333333333
532,8185.513,-265.23,505.91,143.368221496079,742.06840850423,143.368221496079,742.06840850423,177.54,-89.59,-0.584000000000001,-1.52133333333333
533,8200.583,-282.88,527.94,144.78360199648,783.434216064119,144.78360199648,783.434216064119,168.9,-112.11,-0.575999999999999,-1.50133333333333
534,8215.676,-301.47,551.73,146.096379713853,827.46867131028,146.096379713853,827.46867131028,160.09,-135.05,-0.587333333333334,-1.52933333333333
535,8231.731,-320.25,575.35,147.237600164105,871.614814009032,147.237600164105,871.614814009032,151.43,-157.61,-0.577333333333333,-1.504
536,8246.805,-308.48,589.05,149.628267734423,892.133529747649,149.628267734423,892.133529747649,142.59,-180.65,-0.589333333333334,-1.536
537,8262.548,-274.38,586.4,152.759787945632,890.365697901711,152.759787945632,890.365697901711,133.16,-205.22,-0.628666666666667,-1.638
538,8277.622,-246.34,583.95,155.448942087981,892.554647738725,155.448942087981,892.554647738725,124.52,-227.91,-0.576,-1.51266666666667
539,8292.599,-218.33,581.5,158.096088607274,896.820784772521,158.096088607274,896.820784772521,116.23,-250.58,-0.552666666666666,-1.51133333333333
540,8307.646,-186.21,578.69,160.950106563882,901.310531892311,160.950106563882,901.310531892311,107.97,-273.26,-0.550666666666667,-1.512
541,8322.777,-158.06,576.22,163.531704609693,909.396397672654,163.531704609693,909.396397672654,99.74,-295.87,-0.548666666666667,-1.50733333333333
542,8337.851,-128.06,573.6,166.178810354414,918.864814703447,166.178810354414,918.864814703447,91.45,-318.66,-0.552666666666666,-1.51933333333333
543,8352.979,-97.89,570.96,168.78878971243,929.915452554693,168.78878971243,929.915452554693,82.91,-341.21,-0.569333333333334,-1.50333333333333
544,8368.011,-65.85,568.16,171.506567487837,944.033403699255,171.506567487837,944.033403699255,73.58,-365.52,-0.622,-1.62066666666667
545,8383.138,-35.7,565.52,173.919643485803,957.486514996425,173.919643485803,957.486514996425,65.72,-386.58,-0.524,-1.404
546,8398.219,-1.51,562.53,176.794364299767,959.411220801591,176.794364299767,959.411220801591,52.14,-395.38,-0.905333333333333,-0.586666666666667
547,8413.247,30.55,559.72,179.470950040705,935.719889710591,179.470950040705,935.719889710591,39.19,-375.96,-0.863333333333334,1.29466666666667
548,8428.302,62.62,556.92,182.174418272969,911.926626927847,182.174418272969,911.926626927847,28.02,-354.35,-0.744666666666667,1.44066666666666
549,8443.374,94.81,554.1,185.029171071049,889.885886897865,185.029171071049,889.885886897865,16.8,-332.36,-0.748,1.466
550,8458.41,94.81,554.1,185.874587366366,869.456112865969,185.874587366366,869.456112865969,5.82,-310.79,-0.732,1.438
551,8473.457,126.82,551.3,188.926132757456,850.793794171067,188.926132757456,850.793794171067,-5.19,-289.19,-0.734,1.44
552,8488.517,158.9,548.49,192.10333799963,834.765994156446,192.10333799963,834.765994156446,-16.13,-267.72,-0.729333333333333,1.43133333333333
553,8504.608,190.96,545.69,195.399643395799,821.276233797131,195.399643395799,821.276233797131,-27.13,-246.1,-0.733333333333333,1.44133333333334
554,8519.66,223.17,542.58,198.914817520947,808.391903781823,198.914817520947,808.391903781823,-38.88,-222.16,-0.783333333333334,1.596
555,8534.791,255.15,539.22,202.431130951358,799.349721336037,202.431130951358,799.349721336037,-49.86,-199.65,-0.732,1.50066666666667
556,8549.89,287.31,535.86,206.069694196735,792.988534721657,206.069694196735,792.988534721657,-61.18,-176.45,-0.754666666666667,1.54666666666667
557,8564.98,315.33,533.33,209.454163953283,788.608109773162,209.454163953283,788.608109773162,-72.45,-153.35,-0.751333333333334,1.54
558,8580.065,345.52,528.27,213.041091726949,786.515484907958,213.041091726949,786.515484907958,-83.32,-131.05,-0.724666666666666,1.48666666666667
559,8595.115,342.89,497.84,215.826361505884,747.303943854172,215.826361505884,747.303943854172,-94.53,-108.07,-0.747333333333334,1.532
560,8610.189,336.73,466.15,218.739677324885,706.938399155117,218.739677324885,706.938399155117,-105.66,-85.26,-0.742,1.52066666666667
561,8625.305,330.93,436.28,221.849195027322,670.516445286766,221.849195027322,670.516445286766,-116.42,-63.19,-0.717333333333334,1.47133333333333
562,8640.298,325.15,406.54,225.318349057119,636.321072415491,225.318349057119,636.321072415491,-127.29,-40.9,-0.724666666666667,1.486
563,8655.361,319.03,375.08,229.229823883596,603.497731975854,229.229823883596,603.497731975854,-138.02,-19.02,-0.715333333333334,1.45866666666667
564,8670.432,313.25,345.36,233.429393608607,575.465851115425,233.429393608607,575.465851115425,-148.92,2.49,-0.726666666666665,1.434
565,8685.551,306.57,316.31,237.930514868391,550.468903572218,237.930514868391,550.468903572218,-159.9,24.04,-0.732000000000001,1.43666666666667
566,8700.635,281.76,326.29,238.190518137729,532.616008020788,238.190518137729,532.616008020788,-170.86,45.55,-0.730666666666667,1.434
567,8715.699,259.32,343.07,237.797193581368,520.51186893288,237.797193581368,520.51186893288,-181.12,65.68,-0.683999999999999,1.342
568,8730.74,235.4,361.63,237.312280295102,507.980645792731,237.312280295102,507.980645792731,-192.13,87.29,-0.733999999999999,1.44066666666667
569,8745.802,211.52,380.28,236.921814608689,495.270124376587,236.921814608689,495.270124376587,-203.48,109.97,-0.756666666666666,1.512
570,8760.033,189.37,397.59,236.535492298733,483.297385053965,236.535492298733,483.297385053965,-213.81,131.09,-0.688666666666668,1.408
571,8776.119,163.79,417.54,236.031024270616,469.481620513519,236.031024270616,469.481620513519,-225.57,155.22,-0.783999999999999,1.60866666666667
572,8792.127,138.25,436.85,235.489340006572,455.680248639328,235.489340006572,455.680248639328,-237.24,178.68,-0.778000000000001,1.564
573,8806.307,115.61,453.93,234.922828001409,443.743194426686,234.922828001409,443.743194426686,-247.54,198.92,-0.686666666666666,1.34933333333333
574,8821.391,90.19,473.69,232.752948590621,424.153189307825,232.752948590621,424.153189307825,-247.45,216.97,0.00600000000000023,1.20333333333333
575,8836.458,63.98,480.07,227.786156115114,388.986708770364,227.786156115114,388.986708770364,-224.12,218.71,1.55533333333333,0.116000000000001
576,8851.492,31.98,482.96,221.174917272418,352.542677700162,221.174917272418,352.542677700162,-200.12,217.6,1.6,-0.0740000000000009
577,8866.55,-0.1,485.77,213.143375261258,321.782364028857,213.143375261258,321.782364028857,-176.03,216.34,1.606,-0.0839999999999994
578,8881.601,-32.4,488.59,203.601351100161,298.498410381027,203.601351100161,298.498410381027,-151.91,215.06,1.608,-0.0853333333333334
579,8896.671,-62.54,491.23,193.127241841108,285.274773683198,193.127241841108,285.274773683198,-127.33,213.41,1.63866666666667,-0.11
580,8911.777,-92.64,493.86,182.12928336425,282.33494239998,182.12928336425,282.33494239998,-103.13,211.72,1.61333333333333,-0.112666666666667
581,8926.858,-122.69,496.49,171.188778781295,289.921537833946,171.188778781295,289.921537833946,-78.28,209.99,1.65666666666667,-0.115333333333333
582,8941.946,-152.72,499.12,161.157684795562,307.34004701633,161.157684795562,307.34004701633,-53.46,208.25,1.65466666666667,-0.116000000000001
583,8957.036,-184.95,501.94,152.200942104378,333.917920004303,152.200942104378,333.917920004303,-29.22,206.56,1.616,-0.112666666666667
584,8972.05,-217.03,504.75,144.731057404545,367.309379406516,144.731057404545,367.309379406516,-4.94,204.86,1.61866666666667,-0.113333333333333
585,8988.118,-249.04,507.55,138.386669207153,407.333121290179,138.386669207153,407.333121290179,21.47,203.01,1.76066666666667,-0.123333333333335
586,9003.238,-279.2,510.19,133.533607583954,448.459637537204,133.533607583954,448.459637537204,45.92,201.3,1.63,-0.113999999999999
587,9018.302,-307.33,512.65,129.770180189432,489.190600482062,129.770180189432,489.190600482062,68.67,199.71,1.51666666666667,-0.106
588,9033.344,-339.36,515.45,126.245061469526,536.989931469856,126.245061469526,536.989931469856,93.72,197.96,1.67,-0.116666666666667
589,9048.4,-371.44,518.26,123.326110610628,585.944412465893,123.326110610628,585.944412465893,118.15,196.34,1.62866666666667,-0.108
590,9063.483,-403.56,520.94,120.840407691549,635.698708666299,120.840407691549,635.698708666299,142.25,195.05,1.60666666666667,-0.0859999999999995
591,9078.636,-433.58,523.05,118.759662911754,684.358631493751,118.759662911754,684.358631493751,166.36,193.78,1.60733333333333,-0.0846666666666674
592,9093.603,-433.58,523.05,117.90347037127,706.307190746349,117.90347037127,706.307190746349,190.61,192.51,1.61666666666667,-0.0846666666666674
593,9108.773,-463.75,525.16,116.203513893947,756.226412194126,116.203513893947,756.226412194126,214.76,191.24,1.61,-0.0846666666666655
594,9123.837,-493.89,527.28,114.717297532301,806.665052918496,114.717297532301,806.665052918496,238.87,189.98,1.60733333333333,-0.0840000000000013
595,9138.889,-524.11,529.85,113.421570392285,858.680981098336,113.421570392285,858.680981098336,263.82,188.53,1.66333333333333,-0.0966666666666659
596,9153.927,-556.11,532.53,112.272970000592,911.984407322845,112.272970000592,911.984407322845,287.83,186.87,1.60066666666667,-0.110666666666666
597,9169.003,-577.34,525.72,110.947602242066,952.578006254606,110.947602242066,952.578006254606,312.28,185.16,1.63,-0.114000000000001
598,9184.036,-553.7,504.82,109.844854484332,946.433683360858,109.844854484332,946.433683360858,336.53,183.53,1.61666666666667,-0.108666666666666
599,9199.187,-528.03,485.45,108.83897704892,939.055373979618,108.83897704892,939.055373979618,360.72,182.22,1.61266666666667,-0.0873333333333335
600,9214.29,-503.82,467.2,107.929792357812,933.275006951327,107.929792357812,933.275006951327,384.13,179.89,1.56066666666666,-0.155333333333334
601,9229.316,-479.68,449.01,108.504415303028,899.842580955136,108.504415303028,899.842580955136,373.64,163.42,-0.699333333333334,-1.098
602,9244.383,-454.03,429.68,109.111648357792,853.333734303291,109.111648357792,853.333734303291,352.27,150.29,-1.42466666666667,-0.875333333333333
603,9259.405,-431.51,412.72,109.806830395802,810.594459948993,109.806830395802,810.594459948993,331.13,138.05,-1.40933333333333,-0.815999999999999
604,9274.491,-407.38,394.53,110.516048997106,766.228783393054,110.516048997106,766.228783393054,310.25,125.99,-1.392,-0.804000000000001
605,9290.562,-383.17,376.29,111.427916742242,720.717489728118,111.427916742242,720.717489728118,287.73,112.99,-1.50133333333333,-0.866666666666667
606,9305.604,-357.45,356.91,112.303223423244,674.66261027272,112.303223423244,674.66261027272,266.74,100.87,-1.39933333333333,-0.807999999999999
607,9320.736,-333.33,338.73,113.379968350641,630.476248719966,113.379968350641,630.476248719966,245.38,88.54,-1.424,-0.822
608,9335.795,-307.57,319.32,114.54759153391,584.74093152438,114.54759153391,584.74093152438,224.32,76.39,-1.404,-0.81
609,9350.862,-283.53,301.2,115.973808387946,541.304851077468,115.973808387946,541.304851077468,203.1,64.13,-1.41466666666667,-0.817333333333334
610,9365.937,-259.43,283.04,117.632199564961,498.260005418858,117.632199564961,498.260005418858,182,51.95,-1.40666666666667,-0.812
611,9381.956,-233.69,263.65,119.708488189026,453.038199824253,119.708488189026,453.038199824253,159.8,39.13,-1.48,-0.854666666666667
612,9397.036,-211.21,246.7,122.105311881538,413.282142004709,122.105311881538,413.282142004709,138.87,27.05,-1.39533333333333,-0.805333333333334
613,9412.113,-185.43,227.28,124.984921559328,370.290373220801,124.984921559328,370.290373220801,117.95,14.97,-1.39466666666667,-0.805333333333333
614,9427.188,-161.19,209.01,128.618094673857,330.349760859608,128.618094673857,330.349760859608,96.92,2.83,-1.402,-0.809333333333333
615,9443.221,-137.12,190.89,133.510492643431,291.886241025506,133.510492643431,291.886241025506,74.57,-10.07,-1.49,-0.86
616,9458.313,-114.42,174.34,139.45590714111,258.571472711125,139.45590714111,258.571472711125,53.66,-22.15,-1.394,-0.805333333333333
617,9473.364,-116.93,149.84,140.571038089427,237.450803746797,140.571038089427,237.450803746797,33.88,-33.57,-1.31866666666667,-0.761333333333333
618,9488.462,-132.36,123.98,139.398983568179,223.375461723082,139.398983568179,223.375461723082,13.01,-45.62,-1.39133333333333,-0.803333333333333
619,9503.541,-148,97.94,138.039433769196,209.371861051097,138.039433769196,209.371861051097,-8.01,-57.75,-1.40133333333333,-0.808666666666667
620,9518.647,-163.54,72.08,136.527249647068,195.796711412628,136.527249647068,195.796711412628,-28.83,-70.01,-1.388,-0.817333333333334
621,9533.677,-179.08,46.22,134.820250865063,182.568798265202,134.820250865063,182.568798265202,-49.58,-82.47,-1.38333333333333,-0.830666666666666
622,9548.763,-195.75,18.48,132.102301528577,169.108678961193,132.102301528577,169.108678961193,-70.28,-94.9,-1.38,-0.828666666666667
623,9563.898,-212.37,-9.19,128.992352824954,156.067068915899,128.992352824954,156.067068915899,-91.07,-107.39,-1.386,-0.832666666666666
624,9578.996,-227.98,-35.16,126.098283967108,143.761036445902,126.098283967108,143.761036445902,-111.82,-119.86,-1.38333333333333,-0.831333333333333
625,9594.031,-243.49,-60.98,122.726353724795,131.920820191507,122.726353724795,131.920820191507,-132.51,-132.3,-1.37933333333333,-0.829333333333334
626,9609.06,-259.03,-86.85,118.651012176147,120.653209240368,118.651012176147,120.653209240368,-153.15,-144.7,-1.376,-0.826666666666665
627,9624.184,-274.67,-112.86,113.762110413848,109.743346039749,113.762110413848,109.743346039749,-174.23,-157.08,-1.40533333333333,-0.825333333333335
628,9639.212,-290.26,-138.81,107.779036830989,99.7226358456293,107.779036830989,99.7226358456293,-195.3,-169.26,-1.40466666666667,-0.811999999999999
629,9654.323,-306.79,-166.32,99.4551346942806,91.736279628073,99.4551346942806,91.736279628073,-216.3,-181.39,-1.4,-0.808666666666666
630,9669.376,-322.37,-192.26,90.9178418489158,84.9008933993041,90.9178418489158,84.9008933993041,-237.48,-193.62,-1.412,-0.815333333333335
631,9684.413,-338.96,-219.86,80.2204439300012,81.9508633267521,80.2204439300012,81.9508633267521,-258.2,-205.94,-1.38133333333333,-0.821333333333333
632,9699.522,-354.66,-245.63,70.2064770903713,80.5595332657781,70.2064770903713,80.5595332657781,-278.86,-218.35,-1.37733333333334,-0.827333333333333
633,9714.618,-370.7,-271.32,57.9112687274817,85.2546596966992,57.9112687274817,85.2546596966992,-298.47,-226.03,-1.30733333333333,-0.512000000000001
634,9730.645,-387.49,-298.8,45.0663424518926,134.350378488488,45.0663424518926,134.350378488488,-292.38,-203.91,0.406000000000002,1.47466666666667
635,9746.732,-371.97,-320.17,34.3893086276355,166.586100860786,34.3893086276355,166.586100860786,-277.88,-182.7,0.966666666666667,1.414
636,9761.8,-346.78,-333,25.9475936231531,189.236005030755,25.9475936231531,189.236005030755,-263.98,-162.84,0.926666666666665,1.324
637,9777.883,-317.86,-347.11,18.3802250768946,215.208904323218,18.3802250768946,215.208904323218,-250,-142.88,0.932000000000001,1.33066666666667
638,9793.95,-288.98,-361.2,12.6531609438016,245.379295988883,12.6531609438016,245.379295988883,-235.23,-121.78,0.984666666666667,1.40666666666667
639,9809.014,-261.69,-374.51,8.43519257463115,275.682214877928,8.43519257463115,275.682214877928,-221.25,-101.81,0.931999999999999,1.33133333333333
640,9824.07,-232.85,-388.57,4.74600712782072,307.59465876377,4.74600712782072,307.59465876377,-207.4,-82.03,0.923333333333333,1.31866666666667
641,9840.152,-207.51,-401.08,2.70083438637465,342.310242031991,2.70083438637465,342.310242031991,-191.38,-59.15,1.068,1.52533333333333
642,9855.202,-178.83,-415.67,0.199455682730047,376.312280161039,0.199455682730047,376.312280161039,-177.52,-39.36,0.923999999999999,1.31933333333333
643,9870.306,-150.09,-429.95,358.149872893708,411.024268139973,358.149872893708,411.024268139973,-163.36,-19.14,0.944,1.348
644,9885.383,-118.64,-432.45,355.924442698144,434.208028138587,355.924442698144,434.208028138587,-149.5,0.66,0.924000000000001,1.32
645,9900.444,-86.55,-432.47,353.822830811918,455.655572773998,353.822830811918,455.655572773998,-135.58,20.54,0.927999999999999,1.32533333333333
646,9915.512,-56.37,-432.47,351.989050907403,476.025314452919,351.989050907403,476.025314452919,-122.71,38.91,0.858000000000001,1.22466666666667
647,9930.546,-26.13,-432.25,350.541457820306,498.375531100796,350.541457820306,498.375531100796,-108.03,59.35,0.978666666666666,1.36266666666667
648,9945.637,4.05,-431.73,349.165403993195,520.070819792843,349.165403993195,520.070819792843,-93.71,79.07,0.954666666666667,1.31466666666667
649,9960.76,34.35,-431.21,347.957011805604,542.642846078339,347.957011805604,542.642846078339,-78.87,99.49,0.989333333333333,1.36133333333333
650,9975.868,62.36,-431.13,347.076867201071,565.318976242617,347.076867201071,565.318976242617,-64.07,119.87,0.986666666666668,1.35866666666667
651,9990.898,89.77,-425.96,346.194268565768,582.951219400046,346.194268565768,582.951219400046,-49.34,140.15,0.981999999999999,1.352
652,10005.991,105.06,-398.21,345.931403907717,575.563808886556,345.931403907717,575.563808886556,-34.85,160.09,0.966,1.32933333333333
653,10021.077,118.42,-370.85,345.871797311697,568.186515239494,345.871797311697,568.186515239494,-20.27,180.15,0.972,1.33733333333333
654,10037.102,131.67,-343.7,345.914535278352,561.82185592944,345.914535278352,561.82185592944,-5.06,201.23,1.014,1.40533333333333
655,10052.147,144.06,-318.29,345.942268335766,556.156055527583,345.942268335766,556.156055527583,8.97,221.21,0.935333333333334,1.332
656,10067.182,158.17,-289.35,345.723217672537,547.674521225883,345.723217672537,547.674521225883,23.11,241.41,0.942666666666667,1.34666666666667
657,10082.382,171.5,-262.03,345.603253604451,540.431002534089,345.603253604451,540.431002534089,37.13,261.43,0.934666666666667,1.33466666666667
658,10098.31,185.58,-233.16,345.370152840755,531.884917251843,345.370152840755,531.884917251843,51.24,281.48,0.940666666666667,1.33666666666667
659,10113.357,198.86,-205.94,345.421415416997,525.530332616491,345.421415416997,525.530332616491,66.58,302.67,1.02266666666667,1.41266666666667
660,10128.408,212.14,-178.71,345.355079984089,518.257539549595,345.355079984089,518.257539549595,81.11,322.71,0.968666666666667,1.336
661,10143.548,226.22,-149.83,345.091904260121,509.582687009675,345.091904260121,509.582687009675,95.12,342.6,0.934,1.326
662,10158.734,240.43,-120.71,343.185189351089,469.650002129245,343.185189351089,469.650002129245,104.57,328.86,0.629999999999999,-0.916000000000001
663,10173.8,252.76,-95.42,339.377196238593,427.921451203372,339.377196238593,427.921451203372,102.04,305.08,-0.168666666666666,-1.58533333333334
664,10188.829,266.02,-68.22,334.402898733715,387.301991990746,334.402898733715,387.301991990746,98.69,281.07,-0.223333333333334,-1.60066666666667
665,10203.909,280.16,-39.25,328.026625312405,349.124136232372,328.026625312405,349.124136232372,95.29,256.91,-0.226666666666666,-1.61066666666666
666,10219.029,293.36,-12.17,320.600834162411,317.337146895853,320.600834162411,317.337146895853,91.94,233.05,-0.223333333333334,-1.59066666666667
667,10234.097,305.76,13.24,311.944495259499,292.11096418998,311.944495259499,292.11096418998,88.49,208.49,-0.23,-1.63733333333333
668,10250.187,318.1,38.54,301.669677381926,274.084116467919,301.669677381926,274.084116467919,84.83,182.44,-0.244,-1.73666666666667
669,10265.248,331.34,65.69,290.227302344877,266.409933185683,290.227302344877,266.409933185683,81.36,157.8,-0.231333333333333,-1.64266666666667
670,10280.272,345.49,94.7,278.583581940587,270.348117988641,278.583581940587,270.348117988641,78.17,135.05,-0.212666666666667,-1.51666666666667
671,10295.328,358.65,121.69,267.849340761087,284.060090825867,267.849340761087,284.060090825867,74.79,111.03,-0.225333333333333,-1.60133333333333
672,10310.396,371.07,147.15,258.589000020583,305.743569188299,258.589000020583,305.743569188299,71.37,86.66,-0.228,-1.62466666666667
673,10325.543,384.28,174.23,250.517436650453,335.54212403214,250.517436650453,335.54212403214,67.95,62.32,-0.228,-1.62266666666667
674,10340.52,397.6,201.54,243.908314110426,370.797446727995,243.908314110426,370.797446727995,64.59,38.46,-0.224,-1.59066666666667
675,10355.541,410.19,226.64,238.663756291502,408.626309113841,238.663756291502,408.626309113841,61.17,14.13,-0.228,-1.622
676,10371.652,424.81,255.34,234.158072087773,452.718862209208,234.158072087773,452.718862209208,57.82,-9.75,-0.223333333333333,-1.592
677,10386.826,439.53,284.23,230.333663255041,500.536052647559,230.333663255041,500.536052647559,54.23,-35.27,-0.239333333333334,-1.70133333333333
678,10401.903,452.28,309.25,227.333237558775,546.247379581816,227.333237558775,546.247379581816,50.62,-60.96,-0.240666666666667,-1.71266666666667
679,10417.913,466.92,337.99,224.753309380447,596.160181914224,224.753309380447,596.160181914224,47.19,-85.37,-0.228666666666667,-1.62733333333333
680,10433.146,481.56,366.71,222.507297827552,648.217108459812,222.507297827552,648.217108459812,43.57,-111.15,-0.241333333333333,-1.71866666666667
681,10448.206,494.33,391.88,220.739263969196,695.920349609063,220.739263969196,695.920349609063,40.16,-135.41,-0.227333333333334,-1.61733333333333
682,10463.266,507.55,418.87,219.145289007729,745.743989583557,219.145289007729,745.743989583557,36.77,-159.49,-0.226,-1.60533333333333
683,10478.305,520.84,446.14,217.732476745983,796.584270557736,217.732476745983,796.584270557736,33.35,-183.86,-0.228,-1.62466666666667
684,10493.412,534.96,475.07,216.472936482742,849.568390007538,216.472936482742,849.568390007538,29.94,-208.1,-0.227333333333333,-1.616
685,10508.46,548.41,502.14,215.407446721455,900.641369969201,215.407446721455,900.641369969201,26.59,-231.93,-0.223333333333333,-1.58866666666667
686,10523.571,563.01,530.82,214.454059247137,954.122008235844,214.454059247137,954.122008235844,23.22,-255.93,-0.224666666666667,-1.6
687,10538.633,575.59,556.08,213.597133367699,1003.72300491719,213.597133367699,1003.72300491719,20.18,-279.97,-0.202666666666667,-1.60266666666667
688,10553.718,584.19,549.14,213.648120943411,1022.8646624554,213.648120943411,1022.8646624554,17.43,-302.35,-0.183333333333333,-1.492
689,10568.812,576.64,520.03,213.590289792059,1016.10413368906,213.590289792059,1016.10413368906,14.48,-326.4,-0.196666666666667,-1.60333333333333
690,10583.82,569.35,492.83,213.489613705848,1011.5519215542,213.489613705848,1011.5519215542,11.19,-350.79,-0.219333333333333,-1.626
691,10598.951,561.54,463.67,213.441889549147,1004.6435909814,213.441889549147,1004.6435909814,7.89,-374.65,-0.22,-1.59066666666666
692,10613.962,553.23,432.66,213.480632189013,971.966044777286,213.480632189013,971.966044777286,17.04,-378.03,0.61,-0.225333333333333
693,10629.015,544.89,401.52,214.523425813879,918.758364097982,214.523425813879,918.758364097982,24.19,-355.44,0.476666666666667,1.506
694,10644.057,536.52,370.26,215.809682267539,865.364149245854,215.809682267539,865.364149245854,30.2,-331.52,0.400666666666667,1.59466666666667
695,10659.199,510.87,362.13,215.336472202205,820.623878826348,215.336472202205,820.623878826348,36.24,-307.31,0.402666666666667,1.614
696,10674.23,482.87,364.94,214.201464141565,784.000110012747,214.201464141565,784.000110012747,42.18,-283.48,0.396,1.58866666666667
697,10689.356,450.74,368.32,212.621721743671,747.630080788621,212.621721743671,747.630080788621,47.7,-261.37,0.368,1.474
698,10704.403,450.74,368.32,213.243186883053,724.360642566947,213.243186883053,724.360642566947,53.65,-237.5,0.396666666666666,1.59133333333333
699,10719.431,418.85,371.67,211.547142809109,686.54442419992,211.547142809109,686.54442419992,59.65,-213.41,0.4,1.606
700,10734.466,386.77,375.04,209.620578798687,650.050208906974,209.620578798687,650.050208906974,65.48,-190.06,0.388666666666667,1.55666666666667
701,10749.568,354.79,378.4,207.444586431785,615.894630598449,207.444586431785,615.894630598449,70.93,-168.18,0.363333333333334,1.45866666666667
702,10764.686,322.67,381.78,205.081896348944,578.821228446228,205.081896348944,578.821228446228,77.3,-142.46,0.424666666666666,1.71466666666667
703,10779.757,292.52,384.95,202.608792316042,545.316933259916,202.608792316042,545.316933259916,82.88,-118.46,0.372,1.6
704,10794.835,262.45,388.11,199.826982680555,513.265811933739,199.826982680555,513.265811933739,88.36,-94.73,0.365333333333334,1.582
705,10809.947,232.3,391.28,196.671397977699,482.846034362922,196.671397977699,482.846034362922,93.78,-71.27,0.361333333333333,1.564
706,10825.002,202.33,394.43,193.127787218736,453.409433073464,193.127787218736,453.409433073464,99.35,-47.13,0.371333333333333,1.60933333333333
707,10840.036,172.24,397.59,189.098922834302,426.648613381082,189.098922834302,426.648613381082,104.77,-23.69,0.361333333333333,1.56266666666667
708,10855.079,142.33,400.73,184.538179059263,401.398451915301,184.538179059263,401.398451915301,110.57,0.59,0.386666666666667,1.61866666666667
709,10870.128,112.17,403.9,179.34940272394,379.574470427082,179.34940272394,379.574470427082,116.48,24.35,0.394000000000001,1.584
710,10885.254,82.23,407.05,173.625664960915,361.364042621841,173.625664960915,361.364042621841,122.35,47.92,0.391333333333333,1.57133333333333
711,10900.311,52.11,410.22,167.365027450965,347.126206587748,167.365027450965,347.126206587748,128.04,71.5,0.379333333333333,1.572
712,10915.418,22.03,413.38,160.647166110346,336.76886376267,160.647166110346,336.76886376267,133.63,95.64,0.372666666666667,1.60933333333333
713,10930.462,-10.02,416.75,154.12943989456,353.096600096914,154.12943989456,353.096600096914,144.05,99.04,0.694666666666668,0.226666666666667
714,10945.526,-40.07,419.9,151.60890368053,389.600141298742,151.60890368053,389.600141298742,145.18,77.16,0.075333333333333,-1.45866666666667
715,10960.536,-70.17,423.07,149.938985715259,427.571603360186,149.938985715259,427.571603360186,144.01,53.01,-0.0780000000000011,-1.61
716,10975.695,-98.09,426,148.765644052316,464.438783156618,148.765644052316,464.438783156618,142.74,28.88,-0.0846666666666655,-1.60866666666667
717,10990.771,-128.31,429.18,147.559650455061,502.944266991881,147.559650455061,502.944266991881,141.48,4.72,-0.0840000000000013,-1.61066666666667
718,11005.861,-158.28,432.21,146.560780342216,541.636650624752,146.560780342216,541.636650624752,140.19,-19.77,-0.0859999999999995,-1.63266666666667
719,11020.898,-190.43,435.04,145.483150967491,581.24209758069,145.483150967491,581.24209758069,138.93,-43.88,-0.0839999999999994,-1.60733333333333
720,11035.934,-222.48,437.84,144.59733423051,621.591799817211,144.59733423051,621.591799817211,137.62,-68.82,-0.0873333333333335,-1.66266666666667
721,11050.996,-254.57,440.65,143.785964343341,661.675350077362,143.785964343341,661.675350077362,136.35,-93.2,-0.0846666666666674,-1.62533333333333
722,11066.195,-286.62,443.45,143.056771479017,701.63657465956,143.056771479017,701.63657465956,135.08,-117.32,-0.0846666666666655,-1.608
723,11081.158,-318.97,446.28,142.390114656028,741.935877687553,142.390114656028,741.935877687553,133.82,-141.47,-0.0840000000000013,-1.61
724,11096.227,-351.06,449.09,141.860980593111,782.986073567085,141.860980593111,782.986073567085,132.49,-166.74,-0.0886666666666656,-1.68466666666667
725,11111.358,-383.04,452.08,141.352145255329,823.43242442838,141.352145255329,823.43242442838,131.22,-191.02,-0.0846666666666674,-1.61866666666667
726,11126.496,-415.21,455.45,140.903472633329,864.454692045801,140.903472633329,864.454692045801,129.94,-215.44,-0.0853333333333334,-1.628
727,11141.541,-447.14,458.81,140.491245194038,905.334038352696,140.491245194038,905.334038352696,128.83,-239.68,-0.073999999999999,-1.616
728,11156.571,-479.31,462.19,140.09241909361,946.393780199342,140.09241909361,946.393780199342,127.85,-263.77,-0.0653333333333346,-1.606
729,11171.651,-479.31,462.19,141.1716637061,936.076781572965,141.1716637061,936.076781572965,107.6,-267.04,-1.35,-0.218000000000003
730,11186.769,-511.35,465.2,140.614607328048,940.36014170104,140.614607328048,940.36014170104,85.34,-261.6,-1.484,0.362666666666667
731,11202.751,-543.54,468.02,140.1404420782,941.679660712708,140.1404420782,941.679660712708,59.99,-254.83,-1.69,0.451333333333334
732,11217.702,-573.69,470.98,139.704790475922,943.305186034721,139.704790475922,943.305186034721,36.37,-248.5,-1.57466666666667,0.422000000000001
733,11233.799,-594.39,460.52,139.290167868116,925.856516583428,139.290167868116,925.856516583428,9.48,-241.3,-1.79266666666667,0.479999999999999
734,11248.945,-595.15,428.51,138.802092669279,881.666194429615,138.802092669279,881.666194429615,-14.43,-234.89,-1.594,0.427333333333335
735,11264.247,-594.61,396.37,138.41903311693,834.471229222434,138.41903311693,834.471229222434,-40.79,-227.83,-1.75733333333333,0.470666666666665
736,11279.251,-594.08,365.97,137.942831030542,791.405193058524,137.942831030542,791.405193058524,-63.94,-221.63,-1.54333333333333,0.413333333333335
737,11294.371,-593.59,337.85,137.569978613619,749.219020113611,137.569978613619,749.219020113611,-88.1,-215.15,-1.61066666666667,0.431999999999999
738,11309.385,-593.03,305.43,136.915115356817,703.957382587895,136.915115356817,703.957382587895,-112.17,-208.7,-1.60466666666667,0.430000000000001
739,11324.451,-592.47,273.25,136.233281261316,658.05165792664,136.233281261316,658.05165792664,-137.28,-201.97,-1.674,0.448666666666666
740,11339.555,-591.9,241.09,135.41710987235,612.901043644078,135.41710987235,612.901043644078,-161.68,-195.44,-1.62666666666667,0.435333333333333
741,11354.662,-591.34,208.8,134.457753326668,567.846317413436,134.457753326668,567.846317413436,-186.03,-188.91,-1.62333333333333,0.435333333333333
742,11369.703,-590.78,176.62,133.33926884194,523.111051307464,133.33926884194,523.111051307464,-210.32,-182.4,-1.61933333333333,0.433999999999999
743,11384.728,-590.22,144.3,131.979830749714,478.853135105118,131.979830749714,478.853135105118,-234.25,-175.99,-1.59533333333333,0.427333333333333
744,11399.857,-589.65,112.15,130.36343266715,435.014395738808,130.36343266715,435.014395738808,-258.19,-169.58,-1.596,0.427333333333333
745,11414.969,-589.13,81.96,128.698870592983,391.71355886668,128.698870592983,391.71355886668,-283.42,-162.95,-1.682,0.442000000000002
746,11429.999,-588.57,49.84,126.299752114865,349.52130478699,126.299752114865,349.52130478699,-306.88,-157.08,-1.564,0.391333333333332
747,11445.078,-588,17.61,123.234607730974,308.081902422067,123.234607730974,308.081902422067,-330.31,-151.24,-1.562,0.389333333333334
748,11460.142,-587.48,-12.6,119.496185688349,270.327568146499,119.496185688349,270.327568146499,-352.19,-145.7,-1.45866666666667,0.369333333333335
749,11475.188,-586.91,-44.98,114.145306874773,230.068458724789,114.145306874773,230.068458724789,-376.97,-139.09,-1.652,0.440666666666666
750,11490.259,-586.35,-77.1,105.554685295043,199.621133650723,105.554685295043,199.621133650723,-394.04,-130.63,-1.138,0.564000000000001
751,11505.397,-585.79,-109.41,91.6851699576616,208.110006486954,91.6851699576616,208.110006486954,-377.77,-115.53,1.08466666666667,1.00666666666667
752,11520.248,-585.79,-109.41,88.7973836339435,230.130691781866,88.7973836339435,230.130691781866,-355.71,-104.58,1.47066666666667,0.73
753,11535.319,-585.23,-141.59,79.3407639575805,256.099081021389,79.3407639575805,256.099081021389,-333.55,-94.22,1.47733333333333,0.690666666666667
754,11550.392,-584.66,-173.87,72.1408147829201,286.684431561953,72.1408147829201,286.684431561953,-311.79,-85.95,1.45066666666667,0.551333333333333
755,11565.399,-584.1,-206.12,69.5346790990453,312.664112587294,69.5346790990453,312.664112587294,-291.17,-96.8,1.37466666666667,-0.723333333333333
756,11580.543,-583.57,-236.46,68.0659982572415,336.217165683134,68.0659982572415,336.217165683134,-271.69,-110.87,1.29866666666667,-0.938000000000001
757,11596.636,-583.04,-266.57,67.2278134441224,360.81512121861,67.2278134441224,360.81512121861,-250.35,-126.91,1.42266666666667,-1.06933333333333
758,11612.73,-582.48,-298.96,66.0893595310354,385.974864596129,66.0893595310354,385.974864596129,-229.63,-142.52,1.38133333333333,-1.04066666666667
759,11628.722,-581.92,-331.12,65.1681440544807,411.351899108294,65.1681440544807,411.351899108294,-208.6,-158.37,1.402,-1.05666666666667
760,11645.834,-580.86,-391.51,61.0296488732352,449.152206941032,61.0296488732352,449.152206941032,-187.91,-173.96,1.37933333333333,-1.03933333333333
761,11661.11,-580.3,-423.81,60.4190129231414,474.806906542017,60.4190129231414,474.806906542017,-167.38,-189.42,1.36866666666667,-1.03066666666667
762,11677.007,-580.3,-423.81,63.2323699131584,485.708305570329,63.2323699131584,485.708305570329,-146.64,-205.06,1.38266666666667,-1.04266666666667
763,11693.334,-578.92,-486.39,59.6568199818457,525.379002435385,59.6568199818457,525.379002435385,-125.51,-220.98,1.40866666666667,-1.06133333333333
764,11709.371,-577.94,-518.6,59.1841531730723,550.733526580687,59.1841531730723,550.733526580687,-104.96,-236.47,1.37,-1.03266666666667
765,11725.452,-552.37,-507.54,61.359800737991,533.540308224224,61.359800737991,533.540308224224,-84.11,-251.81,1.39,-1.02266666666667
766,11741.493,-530.2,-487.09,64.601268353847,515.439958482072,64.601268353847,515.439958482072,-64.58,-266.01,1.302,-0.946666666666666
767,11757.514,-508,-466.38,68.2554195103658,499.879097582605,68.2554195103658,499.879097582605,-43.69,-281.19,1.39266666666667,-1.012
768,11773.512,-485.97,-445.84,72.1064113381276,486.639332976692,72.1064113381276,486.639332976692,-22.87,-296.32,1.388,-1.00866666666667
769,11787.608,-463.83,-425.2,75.9191793406769,473.837143330913,75.9191793406769,473.837143330913,-4.23,-309.92,1.24266666666667,-0.906666666666668
770,11802.753,-440.26,-403.22,80.388366682316,463.679054195895,80.388366682316,463.679054195895,16.91,-325.8,1.40933333333333,-1.05866666666667
771,11817.834,-419.62,-383.97,84.6011344874591,458.50400270881,84.6011344874591,458.50400270881,36.85,-340.83,1.32933333333333,-1.002
772,11832.898,-397.5,-363.34,88.9608750294358,453.814632311476,88.9608750294358,453.814632311476,56.24,-355.11,1.29266666666667,-0.952000000000002
773,11847.948,-375.42,-342.75,92.7295782756917,450.42103703091,92.7295782756917,450.42103703091,74.49,-364.2,1.21666666666667,-0.605999999999998
774,11863.064,-353.27,-322.1,92.9487046704745,443.607340786872,92.9487046704745,443.607340786872,89.75,-344.92,1.01733333333333,1.28533333333333
775,11878.166,-331.28,-301.59,92.893191433208,433.092035484376,92.893191433208,433.092035484376,101.26,-323.45,0.767333333333334,1.43133333333334
776,11893.318,-309.08,-280.89,92.7558741113435,422.208299776307,92.7558741113435,422.208299776307,112.64,-301.19,0.758666666666666,1.484
777,11908.335,-286.95,-260.56,92.5852286581617,411.258565989816,92.5852286581617,411.258565989816,123.89,-279.11,0.75,1.472
778,11924.432,-264.42,-240.26,92.4208399941819,399.86686809487,92.4208399941819,399.86686809487,135.09,-257.15,0.746666666666667,1.464
779,11939.544,-242,-220.07,92.0021528101484,389.55781920018,92.0021528101484,389.55781920018,147.32,-233.68,0.815333333333333,1.56466666666666
780,11954.627,-219.59,-199.89,92.0965649379497,377.762878668617,92.0965649379497,377.762878668617,157.92,-213.71,0.706666666666666,1.33133333333333
781,11970.646,-197.17,-179.71,91.7073929202929,367.173016029228,91.7073929202929,367.173016029228,169.84,-190.65,0.794666666666668,1.53733333333333
782,11985.559,-174.68,-159.46,91.4586908135837,355.905335307017,91.4586908135837,355.905335307017,181.11,-168.52,0.751333333333334,1.47533333333333
783,12000.622,-152.4,-138.87,91.2528027353495,344.862436342377,91.2528027353495,344.862436342377,192.38,-146.41,0.751333333333332,1.474
784,12015.668,-130.32,-118.28,91.0344233193893,334.014434568328,91.0344233193893,334.014434568328,203.64,-124.31,0.750666666666666,1.47333333333333
785,12031.889,-106.78,-96.34,90.7925647563222,322.430847779799,90.7925647563222,322.430847779799,215.62,-100.8,0.798666666666668,1.56733333333333
786,12047.92,-85.9,-77.35,89.9415405315759,313.630163249647,89.9415405315759,313.630163249647,227.73,-77.03,0.807333333333332,1.58466666666667
787,12062.925,-62.04,-55.72,90.0991935530044,300.360450126178,90.0991935530044,300.360450126178,238.32,-56.24,0.706,1.386
788,12078.068,-35.93,-46.48,87.4449220599437,286.004337204875,87.4449220599437,286.004337204875,249.79,-33.73,0.764666666666667,1.50066666666667
789,12093.04,-5.82,-47.42,82.3813057051667,269.196375347069,82.3813057051667,269.196375347069,261,-11.73,0.747333333333334,1.46666666666667
790,12108.117,24.41,-48.47,76.579605489345,254.982730395609,76.579605489345,254.982730395609,272.43,10.71,0.762000000000001,1.496
791,12123.252,54.79,-49.53,70.0227080897139,244.140391168688,70.0227080897139,244.140391168688,284.24,33.88,0.787333333333333,1.54466666666667
792,12138.331,84.99,-50.59,63.2033267660312,235.634296739672,63.2033267660312,235.634296739672,295.32,55.64,0.738666666666666,1.45066666666667
793,12153.41,113.05,-51.57,56.3160894118449,232.289029013425,56.3160894118449,232.289029013425,306.34,77.26,0.734666666666666,1.44133333333333
794,12168.503,143.4,-52.63,48.9842199618737,230.302654131471,48.9842199618737,230.302654131471,317.17,98.51,0.722000000000003,1.41666666666667
795,12183.583,173.52,-53.68,41.6566357964654,232.79393849497,41.6566357964654,232.79393849497,328.25,120.25,0.738666666666666,1.44933333333333
796,12198.549,203.82,-54.96,34.517891508694,239.383667153797,34.517891508694,239.383667153797,339.47,142.28,0.748000000000002,1.46866666666667
797,12213.613,233.93,-56.53,27.866538194994,250.056909522612,27.866538194994,250.056909522612,350.81,164.53,0.755999999999998,1.48333333333333
798,12228.672,264.05,-58.11,21.7969746100676,263.897216734091,21.7969746100676,263.897216734091,362.04,186.92,0.748666666666668,1.49266666666667
799,12243.799,294.3,-59.69,13.3567265014505,263.404937121535,13.3567265014505,263.404937121535,355.15,196.59,-0.459333333333336,0.644666666666668
800,12258.817,324.51,-61.27,2.91059876138665,243.414008635493,2.91059876138665,243.414008635493,336.87,181.83,-1.21866666666666,-0.983999999999999
801,12273.939,354.71,-62.86,351.25894309975,230.375758490341,351.25894309975,230.375758490341,319.7,164.84,-1.14466666666667,-1.13266666666667
802,12288.948,384.9,-64.44,338.796554081906,227.57645967894,338.796554081906,227.57645967894,302.59,147.73,-1.14066666666667,-1.14066666666667
803,12303.972,414.88,-65.69,326.60663105706,235.126698186318,326.60663105706,235.126698186318,285.47,130.62,-1.14133333333333,-1.14066666666667
804,12319.105,445.13,-66.75,315.595355268657,252.471963790041,315.595355268657,252.471963790041,268.47,113.62,-1.13333333333333,-1.13333333333333
805,12334.182,475.48,-67.81,306.248074154373,277.904366284519,306.248074154373,277.904366284519,251.36,96.51,-1.14066666666667,-1.14066666666667
806,12349.368,505.65,-68.9,298.362145062084,309.740428746394,298.362145062084,309.740428746394,233.09,78.24,-1.218,-1.218
807,12364.381,537.85,-70.52,292.249647512596,347.741874671429,292.249647512596,347.741874671429,216,61.15,-1.13933333333333,-1.13933333333333
808,12379.402,567.99,-72.05,287.452071890138,386.952118614177,287.452071890138,386.952118614177,198.85,44,-1.14333333333333,-1.14333333333333
809,12394.52,596.61,-75.03,283.808854639278,427.176509770844,283.808854639278,427.176509770844,181.78,26.93,-1.138,-1.138
810,12409.566,574.32,-87.14,283.326099806008,420.923803674727,283.326099806008,420.923803674727,164.73,9.88,-1.13666666666667,-1.13666666666667
811,12424.633,546.55,-90.73,281.831889200853,407.528588567722,281.831889200853,407.528588567722,147.68,-7.17,-1.13666666666667,-1.13666666666667
812,12439.651,516.55,-94.42,280.498514744765,391.361536434024,280.498514744765,391.361536434024,131.74,-23.11,-1.06266666666667,-1.06266666666667
813,12454.711,488.58,-97.85,278.755832552801,378.389746689838,278.755832552801,378.389746689838,114.6,-40.25,-1.14266666666667,-1.14266666666667
814,12469.775,456.5,-101.79,277.063715609617,361.705338639064,277.063715609617,361.705338639064,97.54,-57.31,-1.13733333333333,-1.13733333333333
815,12484.826,426.65,-105.46,275.327637770418,346.577204674514,275.327637770418,346.577204674514,81.57,-73.28,-1.06466666666667,-1.06466666666667
816,12500.96,394.46,-109.41,273.128776584161,331.804593397982,273.128776584161,331.804593397982,63.15,-91.3,-1.228,-1.20133333333333
817,12516.996,364.53,-113.09,270.649758696639,320.1005830985,270.649758696639,320.1005830985,44.45,-109.46,-1.24666666666667,-1.21066666666667
818,12532.113,334.63,-116.76,273.607023383111,295.805984557446,273.607023383111,295.805984557446,39.41,-98.15,-0.336,0.753999999999999
819,12548.193,304.57,-120.45,279.672331513057,257.003375269665,279.672331513057,257.003375269665,51.22,-77.27,0.787333333333333,1.392
820,12563.281,274.59,-124.29,288.200212098498,220.754131558166,288.200212098498,220.754131558166,64.88,-55.34,0.910666666666666,1.462
821,12579.298,244.68,-128.48,299.898252960085,191.368916232496,299.898252960085,191.368916232496,78.78,-33.09,0.926666666666667,1.48333333333333
822,12595.437,224.3,-137.99,313.890244912456,182.913336036496,313.890244912456,182.913336036496,92.48,-11.18,0.913333333333334,1.46066666666667
823,12610.601,254.72,-141.39,315.809396883506,212.740160054466,315.809396883506,212.740160054466,106.43,11.15,0.93,1.48866666666667
824,12625.683,283.04,-140.47,316.075898715843,237.247867851326,316.075898715843,237.247867851326,118.46,30.41,0.801999999999999,1.284
825,12641.727,315.14,-139.35,316.468487398837,265.160205347635,316.468487398837,265.160205347635,132.51,52.89,0.936666666666666,1.49866666666667
826,12657.684,345.39,-138.3,316.927342347498,291.613173399282,316.927342347498,291.613173399282,146.24,74.72,0.915333333333335,1.45533333333333
827,12673.79,375.49,-137.24,317.54933055968,317.947039615091,317.54933055968,317.947039615091,160.89,97.36,0.976666666666665,1.50933333333333
828,12690.94,407.87,-136.11,317.681030416408,345.573647722161,317.681030416408,345.573647722161,175.21,119.41,0.954666666666668,1.47
829,12705.976,411.59,-152.23,322.904770970002,368.188847332452,322.904770970002,368.188847332452,189.52,141.45,0.954,1.46933333333333
830,12722.054,385.65,-170.94,331.487545592373,380.7271071253,331.487545592373,380.7271071253,203.91,163.61,0.959333333333332,1.47733333333334
831,12737.122,360.61,-187.85,338.927740579703,398.948601326035,338.927740579703,398.948601326035,217.17,184.42,0.883999999999999,1.38733333333333
832,12752.256,335.68,-204.67,345.60281200585,423.499858323471,345.60281200585,423.499858323471,230.38,205.53,0.880666666666667,1.40733333333333
833,12768.394,308.93,-222.71,351.843194627964,455.164684482441,351.843194627964,455.164684482441,244.35,227.85,0.931333333333333,1.488
834,12784.419,285.45,-238.55,356.832130036419,488.9471550178,356.832130036419,488.9471550178,258.43,249.65,0.938666666666668,1.45333333333333
835,12799.469,258.76,-256.55,358.787420033782,518.856192022414,358.787420033782,518.856192022414,247.78,262.19,-0.71,0.836
836,12814.456,231.97,-274.62,358.910475830548,541.687934238894,358.910475830548,541.687934238894,221.67,266.97,-1.74066666666667,0.318666666666669
837,12829.556,206.98,-291.47,358.925416307485,562.548935649158,358.925416307485,562.548935649158,196.43,270.98,-1.68266666666667,0.267333333333333
838,12844.711,182.02,-308.31,359.054818386275,583.179350114525,359.054818386275,583.179350114525,172.4,274.79,-1.602,0.254
839,12859.745,156.92,-325.24,359.149970989509,603.966465625369,359.149970989509,603.966465625369,147.96,278.66,-1.62933333333333,0.258
840,12874.79,133.68,-340.91,359.124565224351,623.092730498439,359.124565224351,623.092730498439,124.16,282.11,-1.58666666666667,0.229999999999999
841,12889.847,108.56,-357.86,359.251060757711,643.404966253758,359.251060757711,643.404966253758,100.15,285.49,-1.60066666666667,0.225333333333333
842,12904.999,83.47,-374.78,359.59768966047,666.5164307052,359.59768966047,666.5164307052,78.79,291.72,-1.424,0.415333333333335
843,12920.04,58.45,-391.66,3.32534330689892,690.622831363111,3.32534330689892,690.622831363111,98.51,297.8,1.31466666666667,0.405333333333332
844,12935.094,33.45,-408.52,7.12081560257944,710.540421088062,7.12081560257944,710.540421088062,121.53,296.54,1.53466666666667,-0.0839999999999994
845,12950.224,8.36,-425.44,10.8245009115085,733.328082647869,10.8245009115085,733.328082647869,146.08,294.84,1.63666666666667,-0.113333333333336
846,12965.334,-16.74,-442.46,14.2846734379152,759.058754115912,14.2846734379152,759.058754115912,170.55,293.13,1.63133333333333,-0.113999999999999
847,12980.407,-41.56,-459.8,17.5132293114343,787.701959944242,17.5132293114343,787.701959944242,195.48,291.39,1.662,-0.116000000000001
848,12995.456,-66.25,-477.08,20.449925656393,818.343741529194,20.449925656393,818.343741529194,219.67,289.69,1.61266666666667,-0.113333333333333
849,13010.499,-91.13,-494.28,23.1955849586215,851.065271879895,23.1955849586215,851.065271879895,244.08,287.99,1.62733333333334,-0.113333333333333
850,13025.558,-116.07,-511.12,25.7514410765211,885.312793141498,25.7514410765211,885.312793141498,268.57,286.27,1.63266666666667,-0.114666666666668
851,13040.657,-142.83,-521.87,28.3895271608758,916.684621939302,28.3895271608758,916.684621939302,293.02,284.57,1.63,-0.113333333333333
852,13055.721,-172.72,-523.3,31.3060303616418,943.651787737405,31.3060303616418,943.651787737405,317.61,282.96,1.63933333333334,-0.107333333333334
853,13070.809,-203.02,-524.36,34.0544836781029,972.872296347265,34.0544836781029,972.872296347265,341.77,281.67,1.61066666666666,-0.0859999999999976
854,13085.852,-233.15,-525.42,36.3440318008934,991.069742248244,36.3440318008934,991.069742248244,354.19,272.86,0.828000000000001,-0.587333333333334
855,13100.957,-263.49,-526.48,37.2574219500792,987.946597190354,37.2574219500792,987.946597190354,334.61,259.85,-1.30533333333333,-0.867333333333333
856,13116.008,-282.21,-514.56,37.9102681332062,968.447648559281,37.9102681332062,968.447648559281,312.83,249.52,-1.452,-0.688666666666668
857,13132.277,-276.75,-483.12,38.1148139392497,917.326526924846,38.1148139392497,917.326526924846,289.46,238.61,-1.558,-0.727333333333333
858,13147.258,-270.49,-453.58,38.271144416869,868.653764051017,38.271144416869,868.653764051017,267.54,228.39,-1.46133333333333,-0.681333333333335
859,13162.317,-263.87,-423.99,38.4259683882667,819.658266169506,38.4259683882667,819.658266169506,245.55,218.14,-1.466,-0.683333333333333
860,13178.404,-257.08,-394.58,38.5326830084758,769.341956024758,38.5326830084758,769.341956024758,222.19,207.24,-1.55733333333333,-0.726666666666665
861,13193.532,-250.27,-365.04,38.6589369792619,718.908431234465,38.6589369792619,718.908431234465,198.82,196.34,-1.558,-0.726666666666667
862,13208.554,-243.01,-333.62,38.9340864153371,668.145558467614,38.9340864153371,668.145558467614,176.87,186.11,-1.46333333333333,-0.681999999999999
863,13223.702,-236.68,-306.2,39.1505603973429,622.497090756254,39.1505603973429,622.497090756254,156.34,176.54,-1.36866666666667,-0.638000000000002
864,13238.789,-229.85,-276.6,39.5093343726507,575.020033129282,39.5093343726507,575.020033129282,135.98,167.04,-1.35733333333333,-0.633333333333333
865,13253.853,-222.62,-245.28,39.8608469019522,522.900300248527,39.8608469019522,522.900300248527,112.52,156.1,-1.564,-0.729333333333333
866,13268.947,-215.82,-215.85,40.268861677349,474.089971629858,40.268861677349,474.089971629858,90.62,145.89,-1.46,-0.680666666666667
867,13285.068,-208.99,-186.25,40.7755751790118,425.051166802304,40.7755751790118,425.051166802304,68.61,135.63,-1.46733333333333,-0.683999999999999
868,13301.073,-202.66,-158.83,41.0580461627638,375.123728521671,41.0580461627638,375.123728521671,43.73,124.03,-1.65866666666667,-0.773333333333333
869,13317.198,-195.4,-127.38,42.0180326107398,324.725933827282,42.0180326107398,324.725933827282,21.96,113.87,-1.45133333333333,-0.677333333333333
870,13332.148,-189.03,-99.79,42.6420593494733,274.646542668937,42.6420593494733,274.646542668937,-2.98,102.24,-1.66266666666667,-0.775333333333334
871,13347.434,-181.85,-68.38,44.3809127191424,224.470008909876,44.3809127191424,224.470008909876,-24.85,92.05,-1.458,-0.679333333333333
872,13362.516,-175.93,-40.72,46.4917997199482,177.904725344775,46.4917997199482,177.904725344775,-46.9,81.76,-1.47,-0.686
873,13377.365,-169.65,-11.17,50.9878952911795,133.601370127705,50.9878952911795,133.601370127705,-65.84,72.93,-1.26266666666667,-0.588666666666667
874,13393.468,-163.38,18.37,59.5179202815896,86.0884719344001,59.5179202815896,86.0884719344001,-89.19,62.04,-1.55666666666667,-0.726000000000001
875,13408.612,-157.52,45.9,82.7306812241359,46.7860502714217,82.7306812241359,46.7860502714217,-111.11,51.82,-1.46133333333333,-0.681333333333333
876,13423.729,-150.8,77.54,153.671442776822,40.0885681959334,153.671442776822,40.0885681959334,-133.02,41.61,-1.46066666666667,-0.680666666666667
877,13438.74,-144.95,105.03,188.858056616145,75.1361597368404,188.858056616145,75.1361597368404,-156.52,30.79,-1.56666666666667,-0.721333333333333
878,13453.796,-138.12,136.58,198.921465471014,121.780540727983,198.921465471014,121.780540727983,-177.61,21.38,-1.406,-0.627333333333333
879,13468.893,-131.33,166.05,203.44360810869,169.185946520389,203.44360810869,169.185946520389,-198.64,10.83,-1.402,-0.703333333333333
880,13484.08,-124.09,197.41,196.021264710999,207.468204069925,196.021264710999,207.468204069925,-181.35,-2,1.15266666666667,-0.855333333333333
881,13500.256,-117.72,225,189.809851100193,235.533829841915,189.809851100193,235.533829841915,-157.85,-7.09,1.56666666666667,-0.339333333333333
882,13515.345,-111.26,254.44,184.570160993365,267.319941081843,184.570160993365,267.319941081843,-132.56,-12.03,1.686,-0.329333333333333
883,13530.302,-104.95,284.07,180.7220173895,300.76388031145,180.7220173895,300.76388031145,-108.74,-16.67,1.588,-0.309333333333334
884,13545.448,-98.34,313.48,177.702760186401,335.049269958912,177.702760186401,335.049269958912,-84.91,-21.3,1.58866666666667,-0.308666666666667
885,13560.533,-88.34,298.7,175.495252759416,325.3049223421,175.495252759416,325.3049223421,-62.79,-25.6,1.47466666666667,-0.286666666666667
886,13575.589,-91.94,268.83,169.676459251658,304.285935429162,169.676459251658,304.285935429162,-37.41,-30.53,1.692,-0.328666666666667
887,13590.662,-96.13,238.92,163.256268347623,286.193791162562,163.256268347623,286.193791162562,-13.68,-35.14,1.582,-0.307333333333333
888,13605.69,-100.34,208.94,156.08755529077,272.018448822869,156.08755529077,272.018448822869,9.92,-39.73,1.57333333333333,-0.306
889,13620.728,-104.54,179.07,148.253058173456,262.72950728839,148.253058173456,262.72950728839,33.7,-44.35,1.58533333333333,-0.308
890,13636.857,-108.74,149.2,140.017713208845,258.625484629802,140.017713208845,258.625484629802,57.44,-48.97,1.58266666666667,-0.308
891,13651.944,-112.67,121.2,131.860600086687,262.362661977653,131.860600086687,262.362661977653,82.73,-53.88,1.686,-0.327333333333334
892,13667.018,-117.15,89.33,123.473057063345,268.010869182576,123.473057063345,268.010869182576,106.41,-58.49,1.57866666666667,-0.307333333333333
893,13682.052,-121.92,55.45,115.27070769833,276.976386177595,115.27070769833,276.976386177595,128.55,-62.79,1.476,-0.286666666666666
894,13697.09,-126.42,23.43,108.066611525603,293.174495480081,108.066611525603,293.174495480081,152.3,-67.49,1.58333333333333,-0.313333333333333
895,13712.164,-130.62,-6.5,101.700228099522,311.798549226901,101.700228099522,311.798549226901,174.7,-69.73,1.49333333333333,-0.149333333333334
896,13727.264,-134.82,-36.39,92.6771564400715,299.94736955006,92.6771564400715,299.94736955006,164.8,-50.4,-0.659999999999999,1.28866666666667
897,13742.376,-139.03,-66.33,83.2683394136909,288.347862138772,83.2683394136909,288.347862138772,147.33,-32.53,-1.16466666666667,1.19133333333333
898,13757.463,-142.96,-94.28,73.7636032951581,283.976024516155,73.7636032951581,283.976024516155,129.69,-14.88,-1.176,1.17666666666667
899,13772.5,-147.15,-124.09,63.8382771567421,288.428610404724,63.8382771567421,288.428610404724,111.73,3.08,-1.19733333333333,1.19733333333333
900,13787.574,-151.37,-154.15,54.671969104682,301.181048540575,54.671969104682,301.181048540575,94.35,20.01,-1.15866666666667,1.12866666666667
901,13802.662,-155.57,-184.01,46.4884251954053,320.682130777504,46.4884251954053,320.682130777504,77,36.78,-1.15666666666667,1.118
902,13817.786,-159.79,-214.08,39.3085095705878,346.095429903372,39.3085095705878,346.095429903372,59.46,53.71,-1.16933333333333,1.12866666666667
903,13832.798,-164.26,-245.88,33.1141040653315,377.717221476596,33.1141040653315,377.717221476596,42.09,70.49,-1.158,1.11866666666667
904,13847.912,-168.75,-277.79,28.1341424308838,412.713768367376,28.1341424308838,412.713768367376,25.86,86.16,-1.082,1.04466666666667
905,13863,-173.26,-309.87,23.5590622919139,451.645292679997,23.5590622919139,451.645292679997,7.26,104.13,-1.24,1.198
906,13877.921,-177.45,-339.72,19.9612325295394,490.092908130693,19.9612325295394,490.092908130693,-10.14,120.93,-1.16,1.12
907,13892.929,-181.66,-369.64,17.1274814115435,529.272233259974,17.1274814115435,529.272233259974,-25.79,136.16,-1.04333333333333,1.01533333333333
908,13908.052,-185.89,-399.74,14.2802139382097,572.437771727198,14.2802139382097,572.437771727198,-44.69,155.01,-1.26,1.25666666666667
909,13924.153,-190.09,-429.61,11.7643883514538,617.15374502631,11.7643883514538,617.15374502631,-64.26,174.58,-1.30466666666667,1.30466666666667
910,13939.237,-194.29,-459.56,9.62478456363523,662.698269878532,9.62478456363523,662.698269878532,-83.49,193.81,-1.282,1.282
911,13954.298,-198.15,-489.24,8.11573602891845,705.020838344513,8.11573602891845,705.020838344513,-98.62,208.72,-1.00866666666667,0.994
912,13970.354,-169.48,-492.54,4.05842731599736,722.160892460953,4.05842731599736,722.160892460953,-118.37,227.81,-1.31666666666667,1.27266666666667
913,13985.431,-139.54,-488.96,0.256730569076154,734.247370918003,0.256730569076154,734.247370918003,-136.25,245.28,-1.192,1.16466666666667
914,14000.532,-109.42,-485.26,356.726641327726,740.107504083022,356.726641327726,740.107504083022,-151.68,253.64,-1.02866666666667,0.557333333333332
915,14016.644,-77.44,-481.34,354.561226801943,714.37608421615,354.561226801943,714.37608421615,-145.15,229.82,0.435333333333333,-1.588
916,14032.661,-49.43,-477.9,353.007926945869,690.122438557101,353.007926945869,690.122438557101,-133.44,207.09,0.780666666666667,-1.51533333333333
917,14046.799,-19.31,-474.2,351.103826810322,669.342053213452,351.103826810322,669.342053213452,-122.82,187.09,0.708,-1.33333333333333
918,14062.86,12.73,-470.26,348.993051421382,646.421547676128,348.993051421382,646.421547676128,-110.69,164.27,0.808666666666666,-1.52133333333333
919,14078.846,44.52,-466.36,346.753070802496,624.486626678266,346.753070802496,624.486626678266,-98.58,141.51,0.807333333333333,-1.51733333333333
920,14093.874,74.6,-462.67,344.515490169393,603.308489083321,344.515490169393,603.308489083321,-86.47,118.74,0.807333333333333,-1.518
921,14108.07,104.71,-459.07,342.061132913442,585.840219855209,342.061132913442,585.840219855209,-75.73,98.29,0.716,-1.36333333333333
922,14123.159,136.66,-455.68,339.267712000855,570.364105637794,339.267712000855,570.364105637794,-65.25,77.75,0.698666666666667,-1.36933333333333
923,14138.24,142.29,-438.83,338.34420208399,532.666940780071,338.34420208399,532.666940780071,-54.28,56.24,0.731333333333333,-1.434
924,14153.333,122.23,-413.8,339.804355716897,476.527242662998,339.804355716897,476.527242662998,-42.28,33.43,0.8,-1.52066666666667
925,14169.398,101.5,-389.08,339.764689656598,430.500470266874,339.764689656598,430.500470266874,-47.4,14.85,-0.341333333333333,-1.23866666666667
926,14185.402,80.8,-364.41,337.69348522255,394.955906526286,337.69348522255,394.955906526286,-69.11,0.99,-1.44733333333333,-0.924
927,14199.52,60.09,-339.73,335.704958465308,361.417539834469,335.704958465308,361.417539834469,-88.61,-10.32,-1.3,-0.754
928,14215.606,42.02,-318.19,332.48707331029,332.244667827792,332.48707331029,332.244667827792,-111.46,-23.52,-1.52333333333333,-0.88
929,14231.671,21.3,-293.5,328.91744537708,300.248363359403,328.91744537708,300.248363359403,-133.71,-36.36,-1.48333333333333,-0.856
930,14247.668,0.5,-268.71,324.498643998828,269.560891265777,324.498643998828,269.560891265777,-156.04,-49.26,-1.48866666666667,-0.86
931,14263.762,-18.88,-245.62,318.967485725785,243.12735777777,318.967485725785,243.12735777777,-178.49,-62.22,-1.49666666666667,-0.864
932,14277.973,-38.34,-222.43,313.006906733124,218.359396408765,313.006906733124,218.359396408765,-198.02,-73.49,-1.302,-0.751333333333333
933,14293.962,-57.84,-199.19,305.163412842277,197.183451638316,305.163412842277,197.183451638316,-219.04,-85.63,-1.40133333333333,-0.809333333333333
934,14308.097,-75.9,-177.66,296.423928852819,181.569270527807,296.423928852819,181.569270527807,-238.5,-96.86,-1.29733333333333,-0.748666666666667
935,14324.161,-96.65,-152.94,284.721236148703,169.804050010593,284.721236148703,169.804050010593,-260.88,-109.79,-1.492,-0.862
936,14340.15,-117.34,-128.28,271.94458673591,165.915548698728,271.94458673591,165.915548698728,-283.16,-122.65,-1.48533333333334,-0.857333333333333
937,14354.271,-138.11,-103.71,259.607210841983,167.243770885495,259.607210841983,167.243770885495,-302.61,-133.88,-1.29666666666667,-0.748666666666666
938,14370.501,-156.61,-82.41,249.059544766306,180.555248608286,249.059544766306,180.555248608286,-325.24,-146.94,-1.50866666666667,-0.870666666666667
939,14386.456,-177.76,-58.08,236.448302097953,194.087391141207,236.448302097953,194.087391141207,-339.51,-165.35,-0.951333333333332,-1.22733333333333
940,14401.547,-198.98,-33.67,223.051189840275,212.714686140849,223.051189840275,212.714686140849,-344.19,-189.11,-0.312,-1.584
941,14418.666,-220.17,-9.3,211.881177457145,243.998305321984,211.881177457145,243.998305321984,-349.04,-216.49,-0.323333333333335,-1.82533333333333
942,14434.751,-241.1,15.03,203.601477658488,281.038166980928,203.601477658488,281.038166980928,-353.62,-242.5,-0.305333333333332,-1.734
943,14449.758,-261.99,39.9,197.342212477893,321.190871134284,197.342212477893,321.190871134284,-357.73,-266.69,-0.274000000000001,-1.61266666666667
944,14464.902,-282.67,64.55,192.520778999071,363.802143204242,192.520778999071,363.802143204242,-361.54,-290.6,-0.254,-1.594
945,14480.998,-303.65,88.94,188.692364123182,409.715982724619,188.692364123182,409.715982724619,-365.57,-316.07,-0.268666666666665,-1.698
946,14496.99,-322.71,113.56,185.899267922781,457.482769074421,185.899267922781,457.482769074421,-369.73,-341.5,-0.277333333333335,-1.69533333333333
947,14513.147,-308.98,141.18,187.315397940052,512.521794756087,187.315397940052,512.521794756087,-374.24,-367.17,-0.300666666666666,-1.71133333333333
948,14529.171,-291.05,167.85,188.209619534323,560.453374510316,188.209619534323,560.453374510316,-371.08,-386.86,0.210666666666668,-1.31266666666667
949,14545.268,-273.03,194.57,187.543577449244,576.095937322943,187.543577449244,576.095937322943,-348.66,-376.54,1.49466666666666,0.688
950,14561.313,-255,221.31,187.055641651359,586.974966161249,187.055641651359,586.974966161249,-327.1,-361.22,1.43733333333333,1.02133333333333
951,14577.347,-239.19,244.74,186.47650233489,594.614713322837,186.47650233489,594.614713322837,-306.26,-346.08,1.38933333333334,1.00933333333334
952,14593.612,-222.28,269.82,185.970910398052,603.80574442448,185.970910398052,603.80574442448,-285.09,-330.71,1.41133333333333,1.02466666666667
953,14609.656,-205.39,294.85,185.471441198143,612.902476500136,185.471441198143,612.902476500136,-263.83,-315.26,1.41733333333333,1.03
954,14625.751,-187.26,321.73,185.079282639301,623.940123489426,185.079282639301,623.940123489426,-242.5,-299.76,1.422,1.03333333333333
955,14640.673,-170.34,346.81,184.691511330981,633.933985995387,184.691511330981,633.933985995387,-222.19,-285,1.354,0.983999999999999
956,14656.734,-152.41,373.41,184.295357806319,644.610578876891,184.295357806319,644.610578876891,-200.69,-269.39,1.43333333333333,1.04066666666667
957,14671.77,-134.23,400.36,184.201706056327,658.269232837143,184.201706056327,658.269232837143,-182.46,-256.14,1.21533333333333,0.883333333333333
958,14685.916,-116.22,427.06,183.990655421384,670.605941891362,183.990655421384,670.605941891362,-162.89,-241.92,1.30466666666667,0.948
959,14700.995,-99.27,452.18,183.814800913897,682.381943562401,183.814800913897,682.381943562401,-144.67,-228.69,1.21466666666667,0.881999999999999
960,14716.079,-82.33,477.29,183.415625799252,691.859006807023,183.415625799252,691.859006807023,-123.55,-213.34,1.408,1.02333333333333
961,14732.123,-66.59,500.74,183.036942516897,700.643996620252,183.036942516897,700.643996620252,-103.71,-198.92,1.32266666666667,0.961333333333334
962,14746.221,-89.97,508.18,179.520417138948,692.934274011612,179.520417138948,692.934274011612,-84.17,-184.73,1.30266666666667,0.946
963,14762.28,-123.98,505.03,174.850225043257,677.253759310349,174.850225043257,677.253759310349,-63.19,-169.49,1.39866666666667,1.016
964,14778.356,-156,501.67,170.170540032102,665.7835351674,170.170540032102,665.7835351674,-42.34,-154.34,1.39,1.01
965,14793.406,-184.03,498.73,165.801324067283,658.743956936229,165.801324067283,658.743956936229,-22.45,-139.89,1.326,0.963333333333335
966,14809.467,-216.22,495.84,161.014282436654,656.958751597085,161.014282436654,656.958751597085,-2.49,-125.38,1.33066666666667,0.967333333333333
967,14825.523,-246.92,497,156.329439824296,662.802211523166,156.329439824296,662.802211523166,19.18,-110.04,1.44466666666667,1.02266666666667
968,14840.51,-274.81,512.84,152.677817855482,684.998733210508,152.677817855482,684.998733210508,39.6,-95.74,1.36133333333333,0.953333333333334
969,14855.648,-302.18,529.71,149.380218989434,710.450836933845,149.380218989434,710.450836933845,59.68,-81.68,1.33866666666667,0.937333333333333
970,14871.655,-329.62,546.86,146.321554466798,738.353125882189,146.321554466798,738.353125882189,79.82,-67.57,1.34266666666667,0.940666666666668
971,14886.81,-358.66,564.88,143.30915387298,769.911759424416,143.30915387298,769.911759424416,101.36,-52.49,1.436,1.00533333333333
972,14902.786,-384.49,580.44,140.612214890154,799.475849854141,140.612214890154,799.475849854141,122.83,-37.45,1.43133333333333,1.00266666666667
973,14916.96,-398.27,596.21,138.948473430128,822.535665001828,138.948473430128,822.535665001828,141.92,-24.08,1.27266666666667,0.891333333333334
974,14933.065,-368.59,590.6,138.431904129559,801.224142734104,138.431904129559,801.224142734104,163.03,-8.85,1.40733333333333,1.01533333333333
975,14948.167,-338.82,578.66,137.676978583589,775.007466093069,137.676978583589,775.007466093069,183,5.65,1.33133333333333,0.966666666666667
976,14963.145,-310.84,567.36,136.772159352308,750.662972644848,136.772159352308,750.662972644848,203.29,20.4,1.35266666666667,0.983333333333333
977,14979.418,-282.6,555.95,135.738338423371,726.527687703642,135.738338423371,726.527687703642,224.47,35.64,1.412,1.016
978,14994.436,-256.5,545.41,134.574777365858,705.061446400241,134.574777365858,705.061446400241,245.74,50.57,1.418,0.995333333333333
979,15011.437,-226.64,533.34,133.432431722972,680.074041630762,133.432431722972,680.074041630762,267.22,65.79,1.432,1.01466666666667
980,15027.477,-198.53,521.98,134.273923352917,661.791948122671,134.273923352917,661.791948122671,275.32,59.99,0.539999999999998,-0.386666666666667
981,15041.699,-170.52,510.67,137.439873600513,635.501437449201,137.439873600513,635.501437449201,259.31,42.58,-1.06733333333333,-1.16066666666667
982,15057.705,-142.49,499.34,140.970382962181,609.999308606166,140.970382962181,609.999308606166,241.64,25.48,-1.178,-1.14
983,15072.835,-114.28,487.94,144.64684008073,586.573514659501,144.64684008073,586.573514659501,225.12,9.53,-1.10133333333333,-1.06333333333333
984,15088.889,-86.35,476.66,149.033470633088,566.994902975327,149.033470633088,566.994902975327,205.39,-9.52,-1.31533333333333,-1.27
985,15103.983,-58.2,465.29,153.395334860968,549.804525718005,153.395334860968,549.804525718005,188.02,-26.3,-1.158,-1.11866666666667
986,15119.07,-30.24,453.99,157.994977827205,536.126253134465,157.994977827205,536.126253134465,170.64,-43.08,-1.15866666666667,-1.11866666666667
987,15134.155,-2.24,442.68,162.822810018736,526.127380013624,162.822810018736,526.127380013624,153.14,-59.98,-1.16666666666667,-1.12666666666667
988,15150.217,25.92,431.3,167.954354106129,520.674389325997,167.954354106129,520.674389325997,134.58,-77.91,-1.23733333333333,-1.19533333333333
989,15165.32,57.6,418.5,173.516176409786,517.610753848874,173.516176409786,517.610753848874,116.05,-95.8,-1.23533333333333,-1.19266666666667
990,15180.383,85.71,407.14,178.447218028609,518.860532802409,178.447218028609,518.860532802409,99.77,-111.53,-1.08533333333333,-1.04866666666667
991,15196.422,115.5,395.11,183.613410150119,524.402509624048,183.613410150119,524.402509624048,82.45,-128.25,-1.15466666666667,-1.11466666666667
992,15210.503,141.74,384.51,188.348386759905,536.393883727248,188.348386759905,536.393883727248,63.86,-146.2,-1.23933333333333,-1.19666666666667
993,15226.572,171.57,372.45,193.054598247583,548.434136428432,193.054598247583,548.434136428432,47.69,-161.81,-1.078,-1.04066666666667
994,15241.651,199.55,361.15,197.486268011062,567.064627445585,197.486268011062,567.064627445585,29.16,-179.71,-1.23533333333333,-1.19333333333333
995,15256.711,229.39,349.09,201.823996900389,588.799110138594,201.823996900389,588.799110138594,10.5,-197.51,-1.244,-1.18666666666667
996,15272.67,257.62,337.99,205.570636627009,610.717422381252,205.570636627009,610.717422381252,-5.98,-212.91,-1.09866666666667,-1.02666666666667
997,15288.786,283.91,327.89,208.942453146933,638.128263752672,208.942453146933,638.128263752672,-24.9,-230.54,-1.26133333333333,-1.17533333333333
998,15303.86,314,316.34,212.295653530744,665.146605569028,212.295653530744,665.146605569028,-41.38,-245.91,-1.09866666666667,-1.02466666666667
999,15318.872,344.05,304.81,215.427663062904,697.442944046321,215.427663062904,697.442944046321,-60.24,-263.5,-1.25733333333333,-1.17266666666667
1000,15333.945,372.29,293.97,218.110509450737,729.478998532514,218.110509450737,729.478998532514,-77.93,-280,-1.17933333333333,-1.1
1001,15349.049,400.42,282.93,220.557216401988,762.757001016707,220.557216401988,762.757001016707,-95.53,-296.58,-1.17333333333333,-1.10533333333333
1002,15366.146,426.52,272.39,222.650331077477,797.863004406145,222.650331077477,797.863004406145,-114.05,-314.44,-1.23466666666667,-1.19066666666667
1003,15382.179,454.53,261.08,224.6937485276,834.758550779805,224.6937485276,834.758550779805,-132.57,-332.33,-1.23466666666667,-1.19266666666667
1004,15398.202,480.69,250.82,226.435742098718,872.03743887519,226.435742098718,872.03743887519,-151.19,-350.16,-1.24133333333333,-1.18866666666667
1005,15413.323,512.48,238.48,228.387102474398,912.821856059549,228.387102474398,912.821856059549,-169.99,-367.72,-1.25333333333333,-1.17066666666667
1006,15428.424,508.06,214.5,229.304970787623,917.592117501017,229.304970787623,917.592117501017,-187.65,-383.8,-1.17733333333333,-1.072
1007,15443.42,490.15,187.7,230.921485609969,876.639227276535,230.921485609969,876.639227276535,-190.37,-364.92,-0.181333333333333,1.25866666666667
1008,15458.51,472.16,161.04,232.571107729627,824.711249892955,232.571107729627,824.711249892955,-182.75,-340.2,0.508,1.648
1009,15473.603,454.14,134.31,234.204810391355,777.240725193939,234.204810391355,777.240725193939,-176.29,-320.29,0.430666666666667,1.32733333333333
1010,15489.005,438.35,110.91,236.173052036056,730.23161017584,236.173052036056,730.23161017584,-168.27,-295.6,0.534666666666665,1.646
1011,15505.778,420.41,84.3,238.54856646871,680.637369823315,238.54856646871,680.637369823315,-160.23,-270.84,0.536000000000001,1.65066666666667
1012,15521.832,402.4,57.6,241.283830818118,632.421085353738,241.283830818118,632.421085353738,-152.24,-246.26,0.532666666666665,1.63866666666667
1013,15536.875,384.36,30.86,244.232306094191,588.098104060879,244.232306094191,588.098104060879,-145.26,-224.8,0.465333333333335,1.43066666666667
1014,15552.909,366.34,4.14,247.918633182068,543.462464205211,247.918633182068,543.462464205211,-137.26,-200.16,0.533333333333333,1.64266666666667
1015,15568.009,348.29,-22.61,252.235262896346,501.492488976655,252.235262896346,501.492488976655,-129.29,-175.62,0.531333333333333,1.636
1016,15584.178,331.41,-47.64,257.143008241901,464.321230184449,257.143008241901,464.321230184449,-121.27,-150.96,0.534666666666666,1.644
1017,15599.119,314.47,-72.75,262.645413382548,431.842798365331,262.645413382548,431.842798365331,-113.82,-128.03,0.496666666666667,1.52866666666667
1018,15614.409,296.49,-99.4,269.287112451692,402.671168200555,269.287112451692,402.671168200555,-106.15,-104.41,0.511333333333333,1.57466666666667
1019,15630.492,279.55,-124.52,276.78658801613,380.294649581085,276.78658801613,380.294649581085,-98.08,-79.58,0.538000000000001,1.65533333333333
1020,15646.541,262.64,-149.6,285.106772786822,365.169592655248,285.106772786822,365.169592655248,-89.91,-54.43,0.544666666666667,1.67666666666667
1021,15662.589,246.84,-173.02,293.57265604818,358.604197549332,293.57265604818,358.604197549332,-81.84,-29.61,0.538,1.65466666666667
1022,15678.663,228.82,-199.74,302.777022450104,359.937962015678,302.777022450104,359.937962015678,-73.81,-4.88,0.535333333333333,1.64866666666667
1023,15694.754,210.8,-226.45,311.664251078329,370.281577856636,311.664251078329,370.281577856636,-65.82,19.7,0.532666666666667,1.63866666666667
1024,15710.847,192.78,-253.17,319.895712591608,389.005655100283,319.895712591608,389.005655100283,-57.81,44.37,0.533999999999999,1.64466666666667
1025,15726.723,177.03,-276.51,326.730072723189,413.409756295131,326.730072723189,413.409756295131,-49.76,69.14,0.536666666666667,1.65133333333333
1026,15742.76,158.96,-303.3,333.20235170118,445.057221152517,333.20235170118,445.057221152517,-41.69,93.96,0.538,1.65466666666667
1027,15758.909,141.01,-329.92,338.721329569148,481.366490940115,338.721329569148,481.366490940115,-33.68,118.63,0.534,1.64466666666667
1028,15774.957,123.05,-356.54,343.440367601193,521.625123052945,343.440367601193,521.625123052945,-25.62,143.45,0.537333333333333,1.65466666666667
1029,15789.963,105.03,-383.26,347.409878966608,563.550943216317,347.409878966608,563.550943216317,-17.81,166.74,0.520666666666667,1.55266666666667
1030,15805.078,86.95,-410.06,350.8467770308,607.951369930195,350.8467770308,607.951369930195,-9.76,190.15,0.536666666666667,1.56066666666667
1031,15821.187,68.74,-437.07,353.873822865012,655.74476772598,353.873822865012,655.74476772598,-1.24,214.93,0.568,1.652
1032,15836.34,53,-460.39,356.128688388055,698.503839431109,356.128688388055,698.503839431109,5.84,236.52,0.472,1.43933333333333
1033,15851.497,35.91,-485.74,358.247935169178,745.718631187394,358.247935169178,745.718631187394,13.11,259.63,0.484666666666667,1.54066666666667
1034,15866.644,18.99,-510.94,358.215691581854,779.457939404045,358.215691581854,779.457939404045,-5.28,268.14,-1.226,0.567333333333333
1035,15881.625,2.4,-536.43,358.151163998026,798.7558128114,358.151163998026,798.7558128114,-23.37,261.91,-1.206,-0.415333333333331
1036,15896.744,-14.18,-561.88,0.780603623362097,816.225751186521,0.780603623362097,816.225751186521,-3.06,254.27,1.354,-0.509333333333334
1037,15911.917,-30.72,-586.99,3.52809171027648,841.595035691157,3.52809171027648,841.595035691157,21.07,253.01,1.60866666666667,-0.0840000000000013
1038,15926.916,-7.48,-584.03,3.604914948728,837.837797428595,3.604914948728,837.837797428595,45.2,252.15,1.60866666666667,-0.0573333333333324
1039,15941.969,17.36,-567.09,3.63495406791057,820.039725988931,3.63495406791057,820.039725988931,69.35,251.3,1.61,-0.0566666666666663
1040,15957.188,42.18,-549.72,3.6696713824889,801.824029822005,3.6696713824889,801.824029822005,93.5,250.46,1.61,-0.0560000000000002
1041,15972.414,66.85,-532.45,3.840041802784,783.769634650386,3.840041802784,783.769634650386,119.34,249.56,1.72266666666667,-0.0600000000000004
1042,15987.437,91.59,-515.12,3.76771109837313,765.314105253523,3.76771109837313,765.314105253523,141.88,248.54,1.50266666666667,-0.0680000000000007
1043,16002.771,116.54,-497.48,3.27921580712837,752.772565387448,3.27921580712837,752.772565387448,159.6,254.06,1.18133333333333,0.368000000000001
1044,16018.827,142.77,-478.44,0.319354206835371,753.531704973321,0.319354206835371,753.531704973321,146.97,275.08,-0.842,1.40133333333333
1045,16034.014,167.3,-460.73,357.1417209964,755.830303838104,357.1417209964,755.830303838104,129.61,294.16,-1.15733333333333,1.272
1046,16049.055,190.57,-444.39,354.148503776657,760.271409563716,354.148503776657,760.271409563716,113.06,311.92,-1.10333333333333,1.184
1047,16064.179,214.75,-425.86,351.108513873441,764.669148390335,351.108513873441,764.669148390335,96.56,329.62,-1.1,1.18
1048,16079.199,238.45,-407.35,348.060893667095,767.43105651257,348.060893667095,767.43105651257,79.69,343.48,-1.12466666666667,0.924000000000001
1049,16094.386,262.24,-388.76,344.816114291037,740.728693247399,344.816114291037,740.728693247399,68.23,326.11,-0.764,-1.158
1050,16109.469,286.25,-370,341.46850514961,709.382105497453,341.46850514961,709.382105497453,60.79,302.6,-0.496,-1.56733333333333
1051,16124.498,310,-351.45,337.8504937204,680.379849275388,337.8504937204,680.379849275388,53.48,278.72,-0.487333333333334,-1.592
1052,16139.673,334.03,-332.67,334.002517086357,655.531018030421,334.002517086357,655.531018030421,46.69,256.53,-0.452666666666667,-1.47933333333334
1053,16155.781,359.58,-312.72,329.518407195427,631.764848183246,329.518407195427,631.764848183246,39.11,231.73,-0.505333333333333,-1.65333333333333
1054,16171.917,385.17,-292.72,324.697603504128,612.035028572712,324.697603504128,612.035028572712,31.48,206.77,-0.508666666666667,-1.664
1055,16188.038,410.74,-272.84,319.619670714431,597.090340317108,319.619670714431,597.090340317108,23.91,182,-0.504666666666667,-1.65133333333333
1056,16203.121,435.09,-254.44,314.633360533954,587.872329677116,314.633360533954,587.872329677116,16.75,158.58,-0.477333333333333,-1.56133333333333
1057,16218.261,459.55,-236.01,309.501678275593,583.22515420719,309.501678275593,583.22515420719,9.53,134.98,-0.481333333333333,-1.57333333333333
1058,16234.386,485.21,-216.22,304.059957022718,582.990960907628,304.059957022718,582.990960907628,2.23,110.29,-0.486666666666667,-1.646
1059,16250.505,508.68,-197.24,298.791506843097,586.972689398749,298.791506843097,586.972689398749,-5.73,85.46,-0.530666666666667,-1.65533333333333
1060,16266.712,488.3,-176.29,295.220264065329,556.044122799621,295.220264065329,556.044122799621,-14.74,60.64,-0.600666666666667,-1.65466666666667
1061,16281.559,462.86,-159.69,292.117449858472,524.506318837057,292.117449858472,524.506318837057,-23.05,37.79,-0.554,-1.52333333333333
1062,16296.845,437.29,-143.08,288.812672629203,494.549863310061,288.812672629203,494.549863310061,-30.84,16.4,-0.519333333333333,-1.426
1063,16311.883,411.86,-126.57,284.900578265477,466.745008436084,284.900578265477,466.745008436084,-39.19,-6.55,-0.556666666666667,-1.53
1064,16326.984,384.6,-108.87,280.218467999724,439.623091522727,280.218467999724,439.623091522727,-48.05,-30.88,-0.590666666666667,-1.622
1065,16342.098,362.43,-94.47,275.771080484842,420.370610889962,275.771080484842,420.370610889962,-55.81,-52.2,-0.517333333333334,-1.42133333333333
1066,16357.22,335.27,-76.83,270.239549844181,399.433491084561,270.239549844181,399.433491084561,-64.16,-75.16,-0.556666666666666,-1.53066666666667
1067,16372.377,308.05,-59.15,264.171954882254,382.497079727414,264.171954882254,382.497079727414,-72.47,-97.99,-0.554,-1.522
1068,16388.562,280.73,-41.41,257.599958329982,370.175406665543,257.599958329982,370.175406665543,-80.81,-120.9,-0.556,-1.52733333333333
1069,16403.687,255.1,-24.77,250.738013959315,365.214708493511,250.738013959315,365.214708493511,-89.67,-145.25,-0.590666666666667,-1.62333333333333
1070,16418.74,229.68,-8.26,243.96742084448,364.767632473058,243.96742084448,364.767632473058,-98.08,-168.35,-0.560666666666666,-1.54
1071,16433.955,204.19,8.29,237.283237676564,369.167415815643,237.283237676564,369.167415815643,-106.41,-191.24,-0.555333333333333,-1.526
1072,16449.079,178.46,25,230.802338935795,378.324181225573,230.802338935795,378.324181225573,-114.73,-214.1,-0.554666666666667,-1.524
1073,16464.237,152.88,41.61,224.722113051235,392.187246732986,224.722113051235,392.187246732986,-123.09,-237.05,-0.557333333333333,-1.53
1074,16479.28,127.44,58.13,219.14388559426,409.998869266734,219.14388559426,409.998869266734,-131.38,-259.85,-0.552666666666666,-1.52
1075,16494.491,103.55,73.65,214.316097201921,431.532588340672,214.316097201921,431.532588340672,-139.73,-282.77,-0.556666666666666,-1.528
1076,16509.677,78.09,90.18,209.741139399388,455.811526071906,209.741139399388,455.811526071906,-148.03,-305.59,-0.553333333333334,-1.52133333333333
1077,16524.769,52.34,106.9,205.638172665829,481.318473050848,205.638172665829,481.318473050848,-155.92,-327.03,-0.525999999999999,-1.42933333333333
1078,16539.936,27.06,123.32,200.123308961721,491.248580354183,200.123308961721,491.248580354183,-141.95,-337.94,0.931333333333333,-0.727333333333335
1079,16555.004,1.46,139.94,194.003947560108,490.518678135706,194.003947560108,490.518678135706,-117.24,-336,1.64733333333333,0.129333333333333
1080,16570.133,-24.15,156.57,187.964862585305,494.783057207904,187.964862585305,494.783057207904,-92.71,-333.44,1.63533333333333,0.170666666666667
1081,16585.298,-49.65,173.13,182.102300128345,504.309439630075,182.102300128345,504.309439630075,-68.15,-330.84,1.63733333333333,0.173333333333335
1082,16600.364,-75.26,189.77,176.532405621802,518.649560782616,176.532405621802,518.649560782616,-43.89,-327.93,1.61733333333333,0.193999999999998
1083,16615.496,-100.82,206.37,171.34633629672,537.812516124346,171.34633629672,537.812516124346,-19.9,-325.32,1.59933333333333,0.174000000000001
1084,16630.612,-126.35,222.94,166.617834441331,565.144830994675,166.617834441331,565.144830994675,4.45,-326.86,1.62333333333333,-0.102666666666668
1085,16645.759,-150.16,238.4,162.493896411046,595.3643524767,162.493896411046,595.3643524767,28.93,-329.39,1.632,-0.168666666666665
1086,16660.887,-175.77,255.04,158.680662170644,630.120010870945,158.680662170644,630.120010870945,53.32,-331.96,1.626,-0.171333333333333
1087,16676.034,-201.41,271.69,155.265688710614,667.453684760224,155.265688710614,667.453684760224,77.86,-334.53,1.636,-0.171333333333333
1088,16691.085,-226.82,288.19,152.325607543579,705.915862691865,152.325607543579,705.915862691865,101.04,-336.97,1.54533333333333,-0.16266666666667
1089,16706.214,-252.14,305.02,149.596176638985,747.414519861636,149.596176638985,747.414519861636,126.12,-339.61,1.672,-0.175999999999999
1090,16721.372,-277.25,321.95,147.165524875682,790.499859898786,147.165524875682,790.499859898786,151.37,-342.26,1.68333333333333,-0.176666666666665
1091,16736.408,-302.49,338.98,145.045620012194,834.264187053478,145.045620012194,834.264187053478,175.48,-344.79,1.60733333333333,-0.168666666666669
1092,16751.575,-327.75,356.01,143.09896780695,879.646129872689,143.09896780695,879.646129872689,200.42,-347.42,1.66266666666667,-0.175333333333333
1093,16766.707,-351.26,371.88,141.399681856672,923.537162219258,141.399681856672,923.537162219258,224.92,-349.88,1.63333333333333,-0.163999999999999
1094,16781.775,-376.47,388.88,139.821548543238,969.728331905385,139.821548543238,969.728331905385,249.17,-352.03,1.61666666666667,-0.143333333333332
1095,16796.929,-402.08,405.71,138.412934244554,1004.38807330633,138.412934244554,1004.38807330633,264.59,-345.52,1.028,0.433999999999999
1096,16812.033,-427.5,422.22,137.867455604334,1009.51339535442,137.867455604334,1009.51339535442,249.73,-326.43,-0.990666666666666,1.27266666666667
1097,16827.107,-453.15,438.88,137.514441128718,1013.97035859043,137.514441128718,1013.97035859043,231.69,-308.87,-1.20266666666667,1.17066666666667
1098,16842.296,-478.4,455.66,137.19164732664,1018.07338684399,137.19164732664,1018.07338684399,213.43,-291.23,-1.21733333333333,1.176
1099,16857.4,-503.67,472.62,136.876449516704,1022.72784894125,136.876449516704,1022.72784894125,195.44,-273.85,-1.19933333333333,1.15866666666667
1100,16872.573,-525.4,478.54,136.28029963718,1017.76660045415,136.28029963718,1017.76660045415,178.01,-257.03,-1.162,1.12133333333334
1101,16887.607,-516.26,450.96,135.600787686446,966.364039531687,135.600787686446,966.364039531687,159.86,-239.49,-1.21,1.16933333333333
1102,16902.701,-503.39,423.24,135.003994685869,912.782932848769,135.003994685869,912.782932848769,142,-222.24,-1.19066666666667,1.15
1103,16918.874,-491.45,397.64,134.405213086685,859.633606253269,134.405213086685,859.633606253269,122.68,-203.87,-1.288,1.22466666666667
1104,16933.958,-477.72,368.2,133.633892084087,804.958739066792,133.633892084087,804.958739066792,104.88,-187.26,-1.18666666666667,1.10733333333333
1105,16949.121,-465.66,342.33,132.864307229585,754.045050776146,132.864307229585,754.045050776146,87.03,-170.62,-1.19,1.10933333333333
1106,16964.237,-451.95,312.93,131.858930084464,699.821368993545,131.858930084464,699.821368993545,69.27,-154.06,-1.184,1.104
1107,16980.339,-438.26,283.58,130.68107357579,644.214666473839,130.68107357579,644.214666473839,50.28,-136.35,-1.266,1.18066666666667
1108,16995.491,-425.63,255.88,129.349703286704,592.364729706285,129.349703286704,592.364729706285,32.44,-119.71,-1.18933333333333,1.10933333333333
1109,17010.649,-406.46,231.13,128.44415301851,538.575279789186,128.44415301851,538.575279789186,15.36,-103.73,-1.13866666666667,1.06533333333333
1110,17025.721,-382.86,211.92,128.110690302799,482.677178246496,128.110690302799,482.677178246496,-3.08,-85.98,-1.22933333333333,1.18333333333333
1111,17040.8,-359.3,192.85,127.696942867892,427.04248840133,127.696942867892,427.04248840133,-21.4,-68.28,-1.22133333333333,1.18
1112,17055.929,-335.61,173.66,127.159099459485,371.27272953989,127.159099459485,371.27272953989,-39.72,-50.6,-1.22133333333333,1.17866666666667
1113,17071.046,-313.59,155.83,126.518416276322,318.527993432288,126.518416276322,318.527993432288,-57.6,-33.72,-1.192,1.12533333333333
1114,17086.207,-289.93,136.67,125.637080326867,264.001109846152,125.637080326867,264.001109846152,-75.37,-17.15,-1.18466666666667,1.10466666666667
1115,17101.306,-266.32,117.55,124.002501039893,212.095546865086,124.002501039893,212.095546865086,-90.49,-1.06,-1.008,1.07266666666667
1116,17116.413,-242.67,98.41,115.380906326552,180.480284795875,115.380906326552,180.480284795875,-79.61,21.05,0.725333333333333,1.474
1117,17131.464,-219.09,79.31,104.265397482121,159.487851888475,104.265397482121,159.487851888475,-64.52,40.01,1.006,1.264
1118,17146.583,-195.49,60.19,90.9499152175482,145.369978331153,90.9499152175482,145.369978331153,-50.14,57.78,0.958666666666666,1.18466666666667
1119,17161.73,-171.83,41.04,75.2634161929916,142.073430309823,75.2634161929916,142.073430309823,-34.43,77.18,1.04733333333333,1.29333333333333
1120,17176.83,-148.12,21.84,59.9925533345789,149.406368003509,59.9925533345789,149.406368003509,-18.74,96.56,1.046,1.292
1121,17192.033,-124.43,2.65,46.9941557460904,165.6127824173,46.9941557460904,165.6127824173,-3.32,115.61,1.028,1.27
1122,17207.178,-100.72,-16.54,36.7325722730716,188.586541672517,36.7325722730716,188.586541672517,12.07,134.6,1.026,1.266
1123,17222.327,-77.02,-35.74,28.902718969812,216.542144858686,28.902718969812,216.542144858686,27.64,153.83,1.038,1.282
1124,17237.389,-53.57,-54.73,22.9952486087405,247.149150514421,22.9952486087405,247.149150514421,42.98,172.78,1.02266666666667,1.26333333333333
1125,17252.553,-31.34,-72.73,18.752535298436,279.549639599124,18.752535298436,279.549639599124,58.53,191.98,1.03666666666667,1.28
1126,17267.689,-7.66,-91.9,15.1066338017918,314.063252546362,15.1066338017918,314.063252546362,74.19,211.31,1.044,1.28866666666667
1127,17282.747,15.93,-111.01,12.0613920686173,347.818346267128,12.0613920686173,347.818346267128,88.61,229.13,0.961333333333334,1.188
1128,17297.841,39.65,-130.21,9.63520407795352,383.570887320714,9.63520407795352,383.570887320714,103.85,247.95,1.016,1.25466666666667
1129,17313.027,63.24,-149.31,7.66410204618744,420.274330527098,7.66410204618744,420.274330527098,119.29,267.21,1.02933333333333,1.284
1130,17328.082,86.86,-168.44,5.99885334472428,457.85723211499,5.99885334472428,457.85723211499,134.71,286.91,1.028,1.31333333333334
1131,17343.29,110.53,-187.61,4.54130582297348,495.214720803007,4.54130582297348,495.214720803007,149.74,306.05,1.002,1.276
1132,17358.363,134.29,-206.85,3.47705712786936,524.164901629249,3.47705712786936,524.164901629249,166.08,316.35,1.08933333333333,0.686666666666667
1133,17373.511,156.42,-224.77,2.22371554486178,520.341847826984,2.22371554486178,520.341847826984,176.61,295.18,0.702,-1.41133333333333
1134,17388.668,180.1,-243.95,0.502201584871457,515.689809187655,0.502201584871457,515.689809187655,184.62,271.72,0.533999999999999,-1.564
1135,17403.816,203.81,-263.15,358.72081838518,511.107374726681,358.72081838518,511.107374726681,192.4,247.83,0.518666666666667,-1.59266666666667
1136,17418.847,227.35,-282.21,356.904053640876,507.700992711261,356.904053640876,507.700992711261,199.93,224.75,0.502,-1.53866666666667
1137,17433.938,250.92,-301.3,354.99038860251,506.053090594258,354.99038860251,506.053090594258,206.73,202.82,0.453333333333332,-1.462
1138,17449.123,274.65,-320.52,350.156276609306,522.34003532182,350.156276609306,522.34003532182,185.35,194.13,-1.42533333333333,-0.579333333333333
1139,17464.178,298.18,-339.57,345.48682562564,549.236100142735,345.48682562564,549.236100142735,160.54,192.14,-1.654,-0.132666666666667
1140,17479.285,321.79,-358.69,341.288458399372,579.731307158756,341.288458399372,579.731307158756,135.81,190.4,-1.64866666666667,-0.115999999999999
1141,17494.397,345.21,-377.66,337.704517814895,612.230581153866,337.704517814895,612.230581153866,112.94,188.8,-1.52466666666667,-0.106666666666666
1142,17509.549,369.11,-396.54,334.335637161725,647.520071658014,334.335637161725,647.520071658014,88.67,187.1,-1.618,-0.113333333333334
1143,17524.609,393.08,-415.27,331.307869293698,684.748867395923,331.307869293698,684.748867395923,64.33,185.4,-1.62266666666667,-0.113333333333333
1144,17539.742,416.86,-434.34,328.630621212603,723.845067400476,328.630621212603,723.845067400476,40.06,183.7,-1.618,-0.113333333333334
1145,17554.842,428.9,-432.08,326.063032363879,740.165532026451,326.063032363879,740.165532026451,15.68,182,-1.62533333333333,-0.113333333333333
1146,17569.946,409.46,-409.29,324.655554885841,722.812166264514,324.655554885841,722.812166264514,-8.68,180.3,-1.624,-0.113333333333333
1147,17585.102,388.42,-387.46,323.342194898149,705.620834442975,323.342194898149,705.620834442975,-32.86,178.6,-1.612,-0.113333333333334
1148,17600.239,367.25,-365.54,321.945354207663,688.905272225435,321.945354207663,688.905272225435,-57.4,176.92,-1.636,-0.112
1149,17615.367,346.05,-343.59,320.586070150987,672.086405159337,320.586070150987,672.086405159337,-80.67,175.65,-1.55133333333333,-0.0846666666666655
1150,17630.346,325.04,-321.82,319.033340104378,657.072938569228,319.033340104378,657.072938569228,-105.75,174.33,-1.672,-0.0879999999999996
1151,17645.504,303.97,-300.01,317.464443730542,641.996202480981,317.464443730542,641.996202480981,-130.05,173.05,-1.62,-0.0853333333333334
1152,17660.557,282.87,-278.16,315.809711976909,627.464361537769,315.809711976909,627.464361537769,-154.5,171.75,-1.63,-0.0866666666666674
1153,17675.669,261.87,-256.41,314.071681993969,613.205703903674,314.071681993969,613.205703903674,-178.7,170.11,-1.61333333333333,-0.109333333333332
1154,17690.71,240.8,-234.59,312.248033922047,599.412732764328,312.248033922047,599.412732764328,-202.91,168.42,-1.614,-0.112666666666668
1155,17705.886,219.73,-212.77,310.365206504158,586.482979463173,310.365206504158,586.482979463173,-227.13,167.07,-1.61466666666667,-0.0899999999999996
1156,17720.971,198.64,-190.93,311.372552868605,556.242733795238,311.372552868605,556.242733795238,-218.78,176.72,0.556666666666666,0.643333333333334
1157,17736.051,177.59,-169.13,313.12410515709,508.922935816416,313.12410515709,508.922935816416,-193.86,178.76,1.66133333333333,0.135999999999999
1158,17751.16,156.57,-147.38,315.186058797871,461.630025020037,315.186058797871,461.630025020037,-168.79,180.1,1.67133333333333,0.0893333333333336
1159,17766.306,136.69,-126.79,317.636305166191,417.075809056339,317.636305166191,417.075809056339,-144.35,181.38,1.62933333333333,0.0853333333333334
1160,17781.402,115.6,-104.95,320.692372808225,371.706380090523,320.692372808225,371.706380090523,-119.87,182.66,1.632,0.0853333333333334
1161,17796.571,94.55,-83.15,324.309760741201,328.743675376425,324.309760741201,328.743675376425,-97.24,183.85,1.50866666666667,0.0793333333333332
1162,17811.705,73.35,-61.19,329.31102727753,286.435086014266,329.31102727753,286.435086014266,-72.84,185.13,1.62666666666667,0.0853333333333334
1163,17826.754,52.09,-39.18,335.964967468844,246.995336798086,335.964967468844,246.995336798086,-48.51,186.4,1.622,0.0846666666666674
1164,17841.932,30.96,-17.3,344.903947723909,212.296219938086,344.903947723909,212.296219938086,-24.33,187.67,1.612,0.0846666666666655
1165,17857.08,11.29,3.07,356.536517051102,186.220130222272,356.536517051102,186.220130222272,0.04,188.95,1.62466666666667,0.0853333333333334
1166,17872.176,-9.99,25.1,11.7815907175591,168.673435964292,11.7815907175591,168.673435964292,24.45,190.22,1.62733333333333,0.0846666666666674
1167,17887.225,-31.08,46.95,28.9012494861456,165.114331600864,28.9012494861456,165.114331600864,48.72,191.5,1.618,0.0853333333333334
1168,17902.396,-52.25,68.86,44.6828679276568,160.968253391779,44.6828679276568,160.968253391779,60.94,183.31,0.814666666666667,-0.546
1169,17917.526,-73.47,90.84,56.1285812274522,139.324746186742,56.1285812274522,139.324746186742,42.21,168.49,-1.24866666666667,-0.988
1170,17932.632,-94.54,112.66,69.9669911749424,123.598260505559,69.9669911749424,123.598260505559,21.58,155,-1.37533333333333,-0.899333333333334
1171,17947.695,-115.65,134.52,86.0784454245668,118.437306622533,86.0784454245668,118.437306622533,2.51,142.62,-1.27133333333333,-0.825333333333333
1172,17962.851,-136.89,156.52,102.772160000986,121.814058712449,102.772160000986,121.814058712449,-18.09,129.59,-1.37333333333333,-0.868666666666667
1173,17978.02,-158.03,178.41,117.374049614121,134.298213316485,117.374049614121,134.298213316485,-38.77,116.66,-1.37866666666667,-0.862
1174,17993.12,-179.16,200.29,128.859336884555,153.822717763014,128.859336884555,153.822717763014,-59.38,103.78,-1.374,-0.858666666666666
1175,18008.26,-198.88,220.7,137.653586197746,175.947128422148,137.653586197746,175.947128422148,-80.36,90.66,-1.39866666666667,-0.874666666666667
1176,18023.389,-221.41,244.04,144.163478449177,205.26938519906,144.163478449177,205.26938519906,-101.23,77.63,-1.39133333333333,-0.868666666666667
1177,18038.464,-241.01,264.34,149.14601506906,232.737727066327,149.14601506906,232.737727066327,-121.65,64.54,-1.36133333333333,-0.872666666666666
1178,18053.613,-262.24,286.32,152.933116400994,263.982422331488,152.933116400994,263.982422331488,-142.12,51.25,-1.36466666666667,-0.886000000000001
1179,18068.662,-284.71,309.59,155.865232769945,297.834867669989,155.865232769945,297.834867669989,-162.93,37.79,-1.38733333333333,-0.897333333333333
1180,18083.837,-307.26,332.94,158.112058975996,331.980933338046,158.112058975996,331.980933338046,-183.5,24.89,-1.37133333333333,-0.86
1181,18099.927,-327.1,345.44,156.672364692556,365.540966377231,156.672364692556,365.540966377231,-182.35,9.78,0.0766666666666671,-1.00733333333333
1182,18115.083,-315.76,319.04,153.724937193776,351.675387253643,153.724937193776,351.675387253643,-160.08,3.7,1.48466666666667,-0.405333333333333
1183,18131.176,-298.27,291.77,150.647152424979,337.177713528044,150.647152424979,337.177713528044,-132.99,-2.12,1.806,-0.388
1184,18146.302,-281.64,266.16,147.894216292117,322.417930177588,147.894216292117,322.417930177588,-110.28,-6.95,1.514,-0.322
1185,18161.458,-263.9,238.84,144.714140636799,307.345450592652,144.714140636799,307.345450592652,-86.36,-12.04,1.59466666666667,-0.339333333333333
1186,18177.483,-248.47,215.09,141.119405049075,298.693907704861,141.119405049075,298.693907704861,-60.98,-17.43,1.692,-0.359333333333333
1187,18192.683,-231.96,189.66,137.385827075642,288.424315895869,137.385827075642,288.424315895869,-36.68,-22.6,1.62,-0.344666666666667
1188,18208.737,-215.46,164.25,133.189744542326,281.144547875288,133.189744542326,281.144547875288,-10.48,-28.17,1.74666666666667,-0.371333333333333
1189,18222.905,-198.9,138.75,129.135023089134,272.090601454736,129.135023089134,272.090601454736,12.15,-32.98,1.50866666666667,-0.320666666666666
1190,18237.962,-182.41,113.36,124.69869393893,266.117049810793,124.69869393893,266.117049810793,36.38,-38.13,1.61533333333333,-0.343333333333334
1191,18254.049,-164.78,86.21,119.789504804896,261.183740879864,119.789504804896,261.183740879864,61.89,-43.55,1.70066666666667,-0.361333333333333
1192,18269.184,-148.2,60.68,115.10233668833,256.837960589941,115.10233668833,256.837960589941,84.38,-48.28,1.49933333333333,-0.315333333333334
1193,18283.312,-131.7,35.15,110.161338637333,255.697668741817,110.161338637333,255.697668741817,108.33,-52.98,1.59666666666667,-0.313333333333333
1194,18299.432,-115.5,9.29,105.114747172648,256.679693197573,105.114747172648,256.679693197573,132.3,-57.64,1.598,-0.310666666666667
1195,18313.572,-100.42,-14.84,100.528950556974,261.14701013031,100.528950556974,261.14701013031,156.33,-62.56,1.602,-0.328
1196,18329.679,-83.26,-42.22,96.6051344204186,260.549406639125,96.6051344204186,260.549406639125,175.56,-72.19,1.282,-0.642
1197,18344.832,-68.93,-64.37,97.2073668826738,249.400619485999,97.2073668826738,249.400619485999,178.5,-95.66,0.196,-1.56466666666667
1198,18360.864,-49.85,-88.98,98.1241438650956,231.180078077675,98.1241438650956,231.180078077675,179.01,-121.65,0.0339999999999994,-1.73266666666667
1199,18376.046,-20.17,-92.51,104.808377039042,206.074553984717,104.808377039042,206.074553984717,179.06,-145.18,0.00333333333333409,-1.56866666666667
1200,18391.146,10.12,-94.64,114.088549671566,185.055409269764,114.088549671566,185.055409269764,179.06,-170.17,0,-1.666
1201,18406.283,40.5,-96.77,125.452314888978,170.096058743288,125.452314888978,170.096058743288,179.06,-195.43,0,-1.684
1202,18421.424,70.94,-98.9,138.244869741168,162.399953817727,138.244869741168,162.399953817727,179.09,-220.05,0.00200000000000008,-1.64133333333333
1203,18436.511,101.22,-101.01,151.36433235496,163.259063148114,151.36433235496,163.259063148114,179.46,-244.3,0.024666666666667,-1.61666666666667
1204,18451.591,131.61,-103.14,163.742852406406,172.424400245441,163.742852406406,172.424400245441,179.88,-268.67,0.0279999999999992,-1.62466666666667
1205,18466.769,162.13,-105.27,174.567730233599,188.657296969929,174.567730233599,188.657296969929,179.99,-293.08,0.00733333333333424,-1.62733333333333
1206,18481.863,192.5,-107.4,188.493103154324,185.049315859314,188.493103154324,185.049315859314,165.17,-290.42,-0.988000000000001,0.177333333333331
1207,18496.957,220.69,-109.37,202.632330119409,173.251542561675,202.632330119409,173.251542561675,154.02,-269.28,-0.743333333333332,1.40933333333334
1208,18512.112,251.34,-111.51,218.500064953574,173.088053025043,218.500064953574,173.088053025043,143.59,-246.97,-0.695333333333334,1.48733333333333
1209,18527.137,281.69,-113.63,233.154200354407,185.454016402989,233.154200354407,185.454016402989,133.28,-224.84,-0.687333333333334,1.47533333333333
1210,18542.353,311.87,-115.74,245.2587249104,207.97022863862,245.2587249104,207.97022863862,122.99,-202.78,-0.686,1.47066666666667
1211,18557.518,342.4,-117.88,254.712596519487,238.146724730784,254.712596519487,238.146724730784,112.68,-180.67,-0.687333333333333,1.474
1212,18572.573,372.74,-120,261.550393952208,272.629258334464,261.550393952208,272.629258334464,103.07,-160.06,-0.640666666666668,1.374
1213,18587.665,401.13,-121.98,267.01452332332,308.739030250469,267.01452332332,308.739030250469,92.81,-138.06,-0.683999999999999,1.46666666666667
1214,18602.865,431.59,-124.11,271.340650489026,349.19558831692,271.340650489026,349.19558831692,82.49,-115.94,-0.688000000000001,1.47466666666667
1215,18617.932,461.84,-126.23,274.754636613238,391.005528989041,274.754636613238,391.005528989041,72.18,-93.82,-0.687333333333333,1.47466666666667
1216,18633.009,492.19,-128.48,277.505571071404,433.998426840467,277.505571071404,433.998426840467,61.91,-71.79,-0.684666666666667,1.46866666666667
1217,18648.144,522.18,-131.09,279.783345059966,477.392560583007,279.783345059966,477.392560583007,51.73,-49.97,-0.678666666666667,1.45466666666667
1218,18663.173,541.99,-120.59,280.50946763136,509.161292028371,280.50946763136,509.161292028371,41.37,-27.72,-0.690666666666667,1.48333333333333
1219,18678.247,539.63,-90.76,279.569924077932,515.605453132529,279.569924077932,515.605453132529,31.2,-5.04,-0.678,1.512
1220,18693.416,536.46,-60.52,278.740236491526,521.930965741639,278.740236491526,521.930965741639,20.59,18.79,-0.707333333333333,1.58866666666667
1221,18708.466,533.29,-30.38,277.642930192771,526.92107947965,277.642930192771,526.92107947965,11.05,39.7,-0.636,1.394
1222,18723.616,530.1,0,276.636269683178,528.702407408932,276.636269683178,528.702407408932,4.94,61.1,-0.407333333333333,1.42666666666667
1223,18738.753,526.93,30.18,272.509351167624,504.083370981428,272.509351167624,504.083370981428,23.33,52.25,1.226,-0.59
1224,18753.936,523.74,60.45,266.920210143486,482.256531008135,266.920210143486,482.256531008135,42.18,34.54,1.25666666666667,-1.18066666666667
1225,18768.998,520.75,88.9,261.312584542976,467.149566734253,261.312584542976,467.149566734253,58.96,18.34,1.11866666666667,-1.08
1226,18784.131,517.39,120.94,254.837281345069,456.833804572297,254.837281345069,456.833804572297,76.46,1.45,1.16666666666667,-1.126
1227,18799.184,514.21,151.12,248.398847248575,452.133771023577,248.398847248575,452.133771023577,93.83,-15.33,1.158,-1.11866666666667
1228,18814.197,511.06,181.17,241.880896383322,453.314855922459,241.880896383322,453.314855922459,111.25,-32.48,1.16133333333333,-1.14333333333333
1229,18829.33,507.91,211.13,235.481542624798,460.407680756957,235.481542624798,460.407680756957,128.56,-49.77,1.154,-1.15266666666667
1230,18844.374,504.95,241.18,231.409580268431,466.822457471789,231.409580268431,466.822457471789,140.07,-50,0.767333333333333,-0.0153333333333331
1231,18859.516,502.29,271.32,231.190202652182,483.232948069562,231.190202652182,483.232948069562,125.74,-31.54,-0.955333333333333,1.23066666666667
1232,18874.539,499.83,299.42,231.330037499822,502.293869562431,231.330037499822,502.293869562431,107.66,-14.43,-1.20533333333333,1.14066666666667
1233,18889.686,497.19,329.62,231.208421285787,522.88206978247,231.208421285787,522.88206978247,89.64,2.04,-1.20133333333333,1.098
1234,18904.727,494.56,359.69,231.082549328406,543.53703875633,231.082549328406,543.53703875633,71.66,18.24,-1.19866666666667,1.08
1235,18919.837,491.5,389.79,230.954440606364,563.912506068096,230.954440606364,563.912506068096,53.54,34.56,-1.208,1.088
1236,18934.879,488.33,419.95,230.936499868971,584.070008560618,230.936499868971,584.070008560618,34.83,51.88,-1.24733333333333,1.15466666666667
1237,18949.989,485.39,450.02,229.932308971991,610.400446428408,229.932308971991,610.400446428408,18.26,57.11,-1.10466666666667,0.348666666666666
1238,18965.098,482.7,479.98,226.313303738271,646.345175351375,226.313303738271,646.345175351375,15.31,33.54,-0.196666666666667,-1.57133333333333
1239,18980.141,456.83,480.14,223.219961631943,646.041664445878,223.219961631943,646.041664445878,14.42,9.35,-0.0593333333333334,-1.61266666666667
1240,18995.264,427.89,471.38,220.514462547443,637.691675420026,220.514462547443,637.691675420026,13.62,-13.42,-0.0533333333333334,-1.518
1241,19010.416,398.74,462.47,217.620911023968,632.320318904904,217.620911023968,632.320318904904,12.75,-38.37,-0.058,-1.66333333333333
1242,19025.531,369.75,453.6,214.689102590736,628.809429398129,214.689102590736,628.809429398129,11.88,-63.44,-0.058,-1.67133333333333
1243,19040.649,340.71,444.72,211.752555604495,626.487106411616,211.752555604495,626.487106411616,11.02,-88,-0.0573333333333334,-1.63733333333333
1244,19055.818,311.52,435.8,208.798394534649,625.559028869379,208.798394534649,625.559028869379,10.17,-112.39,-0.0566666666666666,-1.626
1245,19070.963,282.35,426.88,205.821151204177,626.912135789378,205.821151204177,626.912135789378,9.29,-137.44,-0.0586666666666667,-1.67
1246,19086.058,253.09,417.94,203.847363850061,626.092138985948,203.847363850061,626.092138985948,-0.04,-154.7,-0.622,-1.15066666666667
1247,19101.117,225.96,409.64,203.939526847745,618.179347438913,203.939526847745,618.179347438913,-24.88,-155.36,-1.656,-0.0440000000000017
1248,19116.266,196.76,400.72,203.896253989849,606.91443762692,203.896253989849,606.91443762692,-49.09,-154.17,-1.614,0.0793333333333351
1249,19131.408,167.77,391.85,203.880658423104,595.751923958287,203.880658423104,595.751923958287,-73.41,-152.9,-1.62133333333333,0.0846666666666655
1250,19146.536,138.65,382.95,203.714434421352,583.969635511985,203.714434421352,583.969635511985,-96.21,-151.71,-1.52,0.0793333333333332
1251,19161.66,109.53,374.02,203.67601144844,572.66036461414,203.67601144844,572.66036461414,-120.43,-150.44,-1.61466666666667,0.0846666666666674
1252,19176.757,80.56,364.66,203.681185338107,561.064715429513,203.681185338107,561.064715429513,-144.79,-149.16,-1.624,0.0853333333333334
1253,19191.874,65.16,345.92,205.373651529462,546.532667001708,205.373651529462,546.532667001708,-169.04,-147.89,-1.61666666666667,0.0846666666666674
1254,19207.037,69.52,317.97,209.345868115926,533.075765159138,209.345868115926,533.075765159138,-191.73,-146.7,-1.51266666666667,0.0793333333333332
1255,19222.11,74.82,287.82,214.029980552311,522.669910746735,214.029980552311,522.669910746735,-217.68,-145.34,-1.73,0.0906666666666657
1256,19237.261,80.09,257.97,218.699585403515,515.148648158956,218.699585403515,515.148648158956,-242,-144.07,-1.62133333333333,0.0846666666666674
1257,19252.38,85.37,227.97,223.490395311608,511.047880339993,223.490395311608,511.047880339993,-266.35,-142.79,-1.62333333333333,0.0853333333333334
1258,19267.5,90.67,197.97,228.19187463924,509.376763604309,228.19187463924,509.376763604309,-289.01,-141.6,-1.51066666666666,0.0793333333333332
1259,19282.564,95.93,168.11,232.997719349333,512.439367828039,232.997719349333,512.439367828039,-313.31,-140.3,-1.62,0.0866666666666655
1260,19297.717,101.22,138.1,237.824311565642,519.58887613189,237.824311565642,519.58887613189,-338.57,-138.59,-1.684,0.114000000000001
1261,19312.807,106.51,108.11,242.44201688743,529.562527375191,242.44201688743,529.562527375191,-362.97,-136.89,-1.62666666666667,0.113333333333334
1262,19327.899,111.8,78.11,246.850173254931,543.067846221814,246.850173254931,543.067846221814,-387.54,-135.39,-1.638,0.1
1263,19342.972,117.08,48.29,249.440665189514,550.405892592003,249.440665189514,550.405892592003,-398.27,-145,-0.715333333333331,-0.640666666666668
1264,19358.126,122.84,18.41,250.363464342911,535.035892627775,250.363464342911,535.035892627775,-381.08,-161.39,1.146,-1.09266666666667
1265,19373.308,125.16,-9.73,251.093462658735,514.836241925527,251.093462658735,514.836241925527,-361.9,-176.55,1.27866666666667,-1.01066666666667
1266,19388.378,103.71,3.54,246.417750187576,487.295662303698,246.417750187576,487.295662303698,-342.89,-191.41,1.26733333333333,-0.990666666666666
1267,19403.504,83.18,26.01,240.242528424587,468.499049412056,240.242528424587,468.499049412056,-323.54,-206.52,1.29,-1.00733333333333
1268,19418.65,62.89,48.55,233.864703875046,456.287502568282,233.864703875046,456.287502568282,-305.62,-220.52,1.19466666666667,-0.933333333333333
1269,19433.768,42.51,71.18,227.008337665043,449.748689047561,227.008337665043,449.748689047561,-286.46,-235.5,1.27733333333334,-0.998666666666666
1270,19448.904,22.11,93.83,220.007980999236,449.778440679408,220.007980999236,449.778440679408,-267.05,-250.68,1.294,-1.012
1271,19464.037,1.7,116.51,213.115407048965,456.832456487058,213.115407048965,456.832456487058,-247.88,-266.12,1.278,-1.02933333333333
1272,19479.058,-18.62,139.07,206.545434374108,470.231706821222,206.545434374108,470.231706821222,-228.77,-281.59,1.274,-1.03133333333333
1273,19494.24,-38.92,161.61,200.445678186181,489.122884048579,200.445678186181,489.122884048579,-209.78,-296.7,1.266,-1.00733333333333
1274,19509.35,-59.4,184.36,195.044271518685,507.887565608767,195.044271518685,507.887565608767,-191.23,-306.12,1.23666666666667,-0.628000000000001
1275,19524.371,-79.73,206.94,192.60408511402,502.766055536768,192.60408511402,502.766055536768,-189.44,-283.71,0.119333333333333,1.494
1276,19539.582,-100.09,229.55,190.708508775621,497.921191455033,190.708508775621,497.921191455033,-192.61,-259.7,-0.211333333333334,1.60066666666667
1277,19554.626,-119.09,250.65,189.038775379801,490.824943335198,189.038775379801,490.824943335198,-196.2,-234.08,-0.239333333333332,1.708
1278,19569.762,-139.55,273.37,187.114487558035,485.98174214676,187.114487558035,485.98174214676,-199.74,-208.87,-0.236000000000001,1.68066666666667
1279,19584.918,-159.85,295.83,185.190653821412,480.93222152399,185.190653821412,480.93222152399,-203.36,-183.13,-0.241333333333334,1.716
1280,19600.058,-179.14,306.99,183.427632209863,465.312392699786,183.427632209863,465.312392699786,-206.96,-157.49,-0.24,1.70933333333333
1281,19615.244,-172.83,278.25,185.169152758095,414.555978608438,185.169152758095,414.555978608438,-210.18,-134.62,-0.214666666666667,1.52466666666667
1282,19630.343,-163.45,249.29,187.974434426281,362.283253822199,187.974434426281,362.283253822199,-213.71,-109.49,-0.235333333333333,1.67533333333333
1283,19645.489,-154.68,222.28,191.482215078885,313.718593806615,191.482215078885,313.718593806615,-217.13,-85.16,-0.227999999999999,1.622
1284,19660.528,-145.26,193.29,196.613988290121,263.917831152046,196.613988290121,263.917831152046,-220.72,-59.61,-0.239333333333334,1.70333333333333
1285,19675.668,-135.83,164.26,204.025142695387,217.273040435301,204.025142695387,217.273040435301,-224.29,-34.19,-0.238,1.69466666666667
1286,19690.76,-126.37,135.15,215.190856649151,176.105611778841,215.190856649151,176.105611778841,-227.86,-8.77,-0.238000000000001,1.69466666666667
1287,19705.958,-116.93,106.11,231.239980602771,146.439675293276,231.239980602771,146.439675293276,-231.12,14.43,-0.217333333333333,1.54666666666667
1288,19721.228,-107.56,77.28,253.73322167922,132.483600871957,253.73322167922,132.483600871957,-234.74,40.17,-0.241333333333334,1.716
1289,19736.202,-98.17,48.38,277.048528760417,141.227314992533,277.048528760417,141.227314992533,-238.33,65.71,-0.239333333333334,1.70266666666667
1290,19751.315,-88.74,19.34,294.970161245516,168.875137897797,294.970161245516,168.875137897797,-241.83,90.63,-0.233333333333333,1.66133333333333
1291,19766.448,-79.32,-9.66,306.981302442082,207.778392764984,306.981302442082,207.778392764984,-245.3,115.33,-0.231333333333333,1.64666666666667
1292,19781.504,-69.92,-38.56,315.05916835771,253.349423721468,315.05916835771,253.349423721468,-248.88,140.77,-0.238666666666666,1.696
1293,19796.63,-60.5,-67.57,320.59860726242,302.38710157677,320.59860726242,302.38710157677,-252.44,166.09,-0.237333333333333,1.688
1294,19811.857,-51.06,-96.61,324.555812093468,353.365392759393,324.555812093468,353.365392759393,-255.98,191.27,-0.235999999999999,1.67866666666667
1295,19826.873,-41.65,-125.57,327.547414940915,406.204620603951,327.547414940915,406.204620603951,-259.62,217.2,-0.242666666666668,1.72866666666667
1296,19842.056,-32.86,-152.63,329.677314612447,455.7019799167,329.677314612447,455.7019799167,-262.93,240.73,-0.220666666666667,1.56866666666667
1297,19857.216,-23.41,-181.71,331.580471901209,511.321144194136,331.580471901209,511.321144194136,-266.76,267.99,-0.255333333333332,1.81733333333333
1298,19872.3,-13.34,-212.72,333.089327481722,567.895572178548,333.089327481722,567.895572178548,-270.37,293.68,-0.240666666666668,1.71266666666667
1299,19888.428,-4,-241.45,334.261427596664,621.32482229507,334.261427596664,621.32482229507,-273.82,318.23,-0.229999999999999,1.63666666666667
1300,19903.78,5.42,-270.46,335.266069484218,675.852314414917,335.266069484218,675.852314414917,-277.36,343.39,-0.236000000000001,1.67733333333333
1301,19918.748,14.86,-299.51,336.127375010202,730.878544356037,336.127375010202,730.878544356037,-280.93,368.84,-0.238,1.69666666666667
1302,19933.995,24.87,-330.31,337.064645733999,779.666434957925,337.064645733999,779.666434957925,-278.96,387.72,0.131333333333335,1.25866666666667
1303,19948.971,19.14,-354.05,338.479349995954,777.621563294126,338.479349995954,777.621563294126,-266.12,369.36,0.855999999999998,-1.224
1304,19964.172,-12.86,-356.47,340.870438921786,744.205029880879,340.870438921786,744.205029880879,-256.74,346.64,0.625333333333333,-1.51466666666667
1305,19980.327,-45.25,-356.96,343.468943791873,708.067511541096,343.468943791873,708.067511541096,-246.72,321.84,0.668000000000001,-1.65333333333333
1306,19996.407,-64.44,-347.01,345.016720794137,667.524969795138,345.016720794137,667.524969795138,-237.02,297.82,0.646666666666666,-1.60133333333333
1307,20012.611,-43.56,-322.78,342.882353911527,624.085482686467,342.882353911527,624.085482686467,-227.25,273.66,0.651333333333334,-1.61066666666666
1308,20028.62,-24.27,-302.08,340.694271237688,584.497523091416,340.694271237688,584.497523091416,-217.51,249.55,0.649333333333334,-1.60733333333333
1309,20042.821,-3.44,-279.74,337.977956775921,548.293691555903,337.977956775921,548.293691555903,-209.03,228.55,0.565333333333333,-1.4
1310,20057.911,17.35,-257.45,334.891890926767,513.424081729714,334.891890926767,513.424081729714,-200.51,207.46,0.568000000000001,-1.406
1311,20074.083,36.78,-236.61,331.548587677082,477.547502349243,331.548587677082,477.547502349243,-190.73,183.26,0.652,-1.61333333333333
1312,20090.237,60.24,-211.45,326.943608569558,442.375499886691,326.943608569558,442.375499886691,-181.06,159.32,0.644666666666666,-1.596
1313,20105.35,81.01,-189.18,322.179484055235,412.40076054731,322.179484055235,412.40076054731,-171.87,136.59,0.612666666666667,-1.51533333333333
1314,20121.436,101.94,-166.74,316.605215377561,384.442189282082,316.605215377561,384.442189282082,-162.18,112.61,0.646,-1.59866666666667
1315,20136.536,123.96,-143.12,310.090397621371,362.129901692749,310.090397621371,362.129901692749,-153.08,90.09,0.606666666666666,-1.50133333333333
1316,20151.614,144.79,-120.79,303.258361820847,346.015163251555,303.258361820847,346.015163251555,-144.55,68.97,0.568666666666667,-1.408
1317,20166.775,164.24,-99.94,296.020220531654,333.448588091178,296.020220531654,333.448588091178,-135.41,46.34,0.609333333333334,-1.50866666666667
1318,20181.934,186.22,-76.36,287.762964488986,328.143660764611,287.762964488986,328.143660764611,-126.28,23.75,0.608666666666666,-1.506
1319,20197.067,208.44,-52.53,279.357272593727,329.970694001755,279.357272593727,329.970694001755,-117.14,1.12,0.609333333333333,-1.50866666666667
1320,20212.212,230.7,-28.66,271.15279265509,338.988611608119,271.15279265509,338.988611608119,-108.22,-21.84,0.594666666666667,-1.53066666666667
1321,20227.292,251.39,-6.47,263.769182007962,352.884584531543,263.769182007962,352.884584531543,-99.41,-44.77,0.587333333333334,-1.52866666666667
1322,20243.421,270.74,14.27,256.927209839414,370.266000869645,256.927209839414,370.266000869645,-89.93,-69.48,0.631999999999999,-1.64733333333333
1323,20258.542,291.63,36.68,250.94636403542,394.482351062757,250.94636403542,394.482351062757,-81.24,-92.1,0.579333333333334,-1.508
1324,20273.812,312.35,58.9,245.4676905001,422.36833984095,245.4676905001,422.36833984095,-71.89,-116.47,0.623333333333333,-1.62466666666667
1325,20288.869,331.8,79.76,240.981994176917,451.61208055144,240.981994176917,451.61208055144,-63.12,-139.31,0.584666666666667,-1.52266666666667
1326,20304.064,353.82,103.37,237.118480687802,486.642561229492,237.118480687802,486.642561229492,-54.86,-160.83,0.550666666666667,-1.43466666666667
1327,20319.133,374.54,125.59,233.674396654182,521.917550001914,233.674396654182,521.917550001914,-45.95,-183.58,0.594,-1.51666666666667
1328,20334.172,395.16,147.7,230.687346954704,558.407422944932,230.687346954704,558.407422944932,-36.88,-206.08,0.604666666666667,-1.5
1329,20349.36,415.82,170.08,228.066630864823,596.37934840167,228.066630864823,596.37934840167,-27.84,-228.46,0.602666666666667,-1.492
1330,20364.38,436.05,192.54,225.723270725439,635.230491239204,225.723270725439,635.230491239204,-18.76,-250.93,0.605333333333333,-1.498
1331,20379.523,435.38,207.61,222.774215785789,655.445092132057,222.774215785789,655.445092132057,-9.74,-273.51,0.601333333333333,-1.50533333333333
1332,20394.517,407.92,196.31,219.713537031172,640.066151112524,219.713537031172,640.066151112524,-1.05,-296.06,0.579333333333333,-1.50333333333333
1333,20409.629,380.56,183,216.620591864878,625.115917650479,216.620591864878,625.115917650479,7.67,-318.72,0.581333333333333,-1.51066666666667
1334,20424.75,353.22,169.66,213.372741259004,611.452630544673,213.372741259004,611.452630544673,16.87,-340.97,0.613333333333333,-1.48333333333333
1335,20439.919,325.81,156.3,211.271509221804,566.737254907422,211.271509221804,566.737254907422,31.62,-328.1,0.983333333333333,0.858
1336,20455.069,300.2,143.8,209.79166040654,518.046125842091,209.79166040654,518.046125842091,42.81,-305.78,0.746,1.488
1337,20471.131,272.94,130.51,207.90025198517,469.639180754758,207.90025198517,469.639180754758,53.18,-284.54,0.691333333333333,1.416
1338,20486.234,245.62,117.19,205.571433995685,419.334744088777,205.571433995685,419.334744088777,64.62,-261.07,0.762666666666667,1.56466666666667
1339,20501.371,218.15,103.79,202.604288431621,370.663859851483,202.604288431621,370.663859851483,75.68,-238.4,0.737333333333334,1.51133333333333
1340,20516.569,190.72,90.41,198.763713067508,323.503167990671,198.763713067508,323.503167990671,86.66,-215.9,0.731999999999999,1.5
1341,20531.655,163.48,77.12,193.699852413057,278.843163265661,193.699852413057,278.843163265661,97.44,-193.79,0.718666666666667,1.474
1342,20546.732,136.17,63.8,186.767150919969,237.11190438272,186.767150919969,237.11190438272,108.23,-171.66,0.719333333333334,1.47533333333333
1343,20561.872,108.74,50.42,177.242295989328,201.403239795193,177.242295989328,201.403239795193,118.43,-150.75,0.68,1.394
1344,20576.969,81.4,37.09,163.43302941094,170.936050030413,163.43302941094,170.936050030413,130.14,-126.75,0.780666666666665,1.6
1345,20592.097,54.02,23.74,145.8051007459,154.872759386536,145.8051007459,154.872759386536,141.06,-104.36,0.728000000000001,1.49266666666667
1346,20607.278,26.56,10.34,126.877243729465,155.990001282133,126.877243729465,155.990001282133,151.34,-83.27,0.685333333333334,1.406
1347,20622.409,-0.87,-3.04,109.552053484837,173.069565493185,109.552053484837,173.069565493185,162.22,-60.96,0.725333333333333,1.48733333333333
1348,20637.469,-26.27,-15.42,96.1977879959682,201.276434040352,96.1977879959682,201.276434040352,173.83,-37.15,0.774000000000001,1.58733333333333
1349,20652.608,-53.69,-28.75,86.9946765571201,238.037380467858,86.9946765571201,238.037380467858,184.02,-16.27,0.679333333333333,1.392
1350,20667.741,-81.27,-41.66,79.8682382755264,281.276274328284,79.8682382755264,281.276274328284,195.62,7.82,0.773333333333333,1.606
1351,20682.861,-108.79,-54.49,75.2242873744775,324.738590869641,75.2242873744775,324.738590869641,205.21,28.33,0.639333333333334,1.36733333333333
1352,20697.924,-136.32,-67.33,71.5088812565023,370.951159184063,71.5088812565023,370.951159184063,215.48,50.32,0.684666666666665,1.466
1353,20713.013,-163.8,-80.14,68.7658291846502,417.719850737309,68.7658291846502,417.719850737309,225.56,71.15,0.672000000000001,1.38866666666667
1354,20728.114,-191.43,-93.02,70.557551184359,447.63584764851,70.557551184359,447.63584764851,230.68,55.98,0.341333333333334,-1.01133333333333
1355,20743.246,-218.93,-105.98,72.5244826594146,463.072967900308,72.5244826594146,463.072967900308,222.77,33.08,-0.527333333333333,-1.52666666666667
1356,20758.333,-246.24,-119.28,74.2965124375704,478.572591149974,74.2965124375704,478.572591149974,214.47,10.25,-0.553333333333334,-1.522
1357,20773.473,-275.39,-133.49,75.7542205311886,497.395385985837,75.7542205311886,497.395385985837,206.71,-11.09,-0.517333333333333,-1.42266666666667
1358,20788.55,-300.87,-145.88,77.354600614036,511.702046605249,77.354600614036,511.702046605249,198.42,-33.86,-0.552666666666668,-1.518
1359,20804.599,-330.09,-159.55,78.8191209244392,530.254267781034,78.8191209244392,530.254267781034,190.1,-56.73,-0.554666666666666,-1.52466666666667
1360,20819.724,-357.28,-171.06,80.5072990044399,545.712651126946,80.5072990044399,545.712651126946,180.96,-81.06,-0.609333333333332,-1.622
1361,20834.864,-375.66,-149.04,85.5004742034922,548.751260681923,85.5004742034922,548.751260681923,171.4,-105.99,-0.637333333333334,-1.662
1362,20849.99,-390.28,-124.81,90.0775426464781,554.170507515512,90.0775426464781,554.170507515512,163.89,-125.56,-0.500666666666668,-1.30466666666667
1363,20865.103,-407.02,-96.95,95.4305548737694,563.931127798422,95.4305548737694,563.931127798422,154.38,-150.32,-0.633999999999999,-1.65066666666667
1364,20880.2,-422.67,-70.92,100.232415484492,577.342479989131,100.232415484492,577.342479989131,145.49,-173.48,-0.592666666666666,-1.544
1365,20896.275,-438.37,-44.78,104.778624657598,594.703616013893,104.778624657598,594.703616013893,136.66,-196.48,-0.588666666666667,-1.53333333333333
1366,20911.579,-453.37,-19.81,108.986884669819,614.534957183072,108.986884669819,614.534957183072,127.73,-219.75,-0.595333333333333,-1.55133333333333
1367,20926.602,-470.06,7.96,113.205874761549,640.347338559317,113.205874761549,640.347338559317,118.48,-244.36,-0.616666666666667,-1.64066666666667
1368,20941.647,-484.64,32.09,116.560816797175,665.641661631842,116.560816797175,665.641661631842,110.75,-265.55,-0.515333333333334,-1.41266666666667
1369,20956.737,-500.64,57.77,119.724024050197,695.086977650999,119.724024050197,695.086977650999,102.99,-286.87,-0.517333333333334,-1.42133333333333
1370,20971.804,-516.58,83.29,122.721439730225,726.641832679622,122.721439730225,726.641832679622,94.75,-309.5,-0.549333333333333,-1.50866666666667
1371,20986.925,-533.42,111.12,125.579545010524,762.023237506574,125.579545010524,762.023237506574,86.34,-332.25,-0.560666666666666,-1.51666666666667
1372,21003.041,-516.7,123.89,129.03132497791,763.991554469027,129.03132497791,763.991554469027,76.77,-357.23,-0.638000000000001,-1.66533333333333
1373,21019.15,-486.3,126.1,132.512274056515,751.330228993883,132.512274056515,751.330228993883,67.53,-381.61,-0.616,-1.62533333333333
1374,21035.412,-456.09,128.21,135.864349641373,734.52003764363,135.864349641373,734.52003764363,55.4,-398.95,-0.808666666666667,-1.156
1375,21050.457,-425.52,130.35,137.603333169291,691.98884188981,137.603333169291,691.98884188981,41.06,-380.68,-0.956,1.218
1376,21065.691,-393.24,132.61,139.272397356245,647.990206484635,139.272397356245,647.990206484635,29.55,-358.45,-0.767333333333333,1.482
1377,21080.75,-360.96,134.86,141.141900808895,603.337213587891,141.141900808895,603.337213587891,17.57,-334.96,-0.798666666666667,1.566
1378,21096.961,-330.43,137,143.189407983007,562.276301207867,143.189407983007,562.276301207867,6.47,-313.17,-0.74,1.45266666666666
1379,21112.131,-300.09,139.12,145.516018895858,520.633340653478,145.516018895858,520.633340653478,-5.32,-290.03,-0.786,1.54266666666667
1380,21127.261,-269.64,141.07,148.222771937313,481.012831637577,148.222771937313,481.012831637577,-16.33,-267.84,-0.734,1.47933333333333
1381,21142.448,-239.17,142.68,151.372835424348,443.449015333217,151.372835424348,443.449015333217,-26.71,-246.56,-0.692,1.41866666666666
1382,21157.566,-208.82,144.27,155.079599560893,406.067282109751,155.079599560893,406.067282109751,-37.72,-223.99,-0.734,1.50466666666667
1383,21172.634,-178.35,146.22,159.56111612375,370.323645612861,159.56111612375,370.323645612861,-49.03,-200.79,-0.754,1.54666666666667
1384,21187.799,-150.17,148.03,164.557805822355,338.458493762529,164.557805822355,338.458493762529,-60.05,-178.21,-0.734666666666666,1.50533333333333
1385,21202.924,-138.93,126.67,166.506650947698,289.758191773762,166.506650947698,289.758191773762,-71.32,-155.09,-0.751333333333333,1.54133333333333
1386,21218.051,-138.77,96.21,166.141947867489,235.515357673337,166.141947867489,235.515357673337,-82.36,-132.45,-0.736,1.50933333333333
1387,21233.076,-138.77,65.73,165.597728309104,179.955404475665,165.597728309104,179.955404475665,-94.01,-108.57,-0.776666666666667,1.592
1388,21248.245,-138.77,35.44,164.335106922473,127.661690808167,164.335106922473,127.661690808167,-104.3,-87.48,-0.686,1.406
1389,21263.319,-138.77,5.09,161.435561127868,74.1587627998202,161.435561127868,74.1587627998202,-115.16,-65.21,-0.724,1.48466666666667
1390,21278.366,-138.77,-25.2,144.510023959529,22.3404789563698,144.510023959529,22.3404789563698,-125.8,-43.39,-0.709333333333333,1.45466666666667
1391,21293.453,-138.77,-57.52,3.43139089638623,35.7541004641426,3.43139089638623,35.7541004641426,-136.63,-21.83,-0.722,1.43733333333333
1392,21308.575,-138.77,-87.74,354.192285588071,88.0519624994242,354.192285588071,88.0519624994242,-147.68,-0.14,-0.736666666666668,1.446
1393,21324.661,-138.93,-120.15,351.853631112698,144.457678577499,351.853631112698,144.457678577499,-159.4,22.85,-0.781333333333333,1.53266666666667
1394,21339.775,-139.48,-152.43,351.072209262573,199.304633664147,351.072209262573,199.304633664147,-170.41,44.46,-0.733999999999999,1.44066666666667
1395,21355.816,-140,-182.63,350.436667746462,253.64501572079,350.436667746462,253.64501572079,-182.14,67.49,-0.781999999999999,1.53533333333333
1396,21369.943,-140.57,-215.07,350.283402351872,307.095400486559,350.283402351872,307.095400486559,-192.4,87.62,-0.684000000000001,1.342
1397,21386.013,-141.13,-247.34,349.996201496435,365.141524617511,349.996201496435,365.141524617511,-204.56,112.25,-0.810666666666666,1.642
1398,21402.127,-141.63,-275.54,349.704202833413,419.067765880412,349.704202833413,419.067765880412,-216.53,136.78,-0.798,1.63533333333333
1399,21417.215,-142.03,-307.88,349.611734794456,475.494098386089,349.611734794456,475.494098386089,-227.77,159.82,-0.749333333333334,1.536
1400,21433.346,-142.05,-338.32,349.421236039543,530.211764863814,349.421236039543,530.211764863814,-239.39,182.88,-0.774666666666665,1.53733333333333
1401,21448.504,-142.05,-368.84,349.297434134662,583.703831150696,349.297434134662,583.703831150696,-250.45,204.71,-0.737333333333334,1.45533333333333
1402,21464.623,-142.09,-401.27,351.094632927942,625.763346082207,351.094632927942,625.763346082207,-238.96,216.95,0.765999999999999,0.815999999999999
1403,21480.667,-142.58,-431.62,353.846957608464,651.493159211975,353.846957608464,651.493159211975,-212.41,216.12,1.77,-0.0553333333333323
1404,21494.906,-143.01,-462.1,355.971937946465,678.766712869746,355.971937946465,678.766712869746,-190.69,214.99,1.448,-0.075333333333333
1405,21510.065,-131.32,-473.29,357.075246701912,687.906061973581,357.075246701912,687.906061973581,-166.42,213.72,1.618,-0.0846666666666674
1406,21526.135,-116.48,-449.43,357.939459754661,662.208188185558,357.939459754661,662.208188185558,-140.29,212.35,1.742,-0.0913333333333336
1407,21541.226,-102.19,-422.64,358.743496980647,633.882420406182,358.743496980647,633.882420406182,-116.09,211.09,1.61333333333333,-0.0839999999999994
1408,21556.377,-87.86,-395.69,359.636642702268,605.512176260726,359.636642702268,605.512176260726,-91.7,209.81,1.626,-0.0853333333333334
1409,21571.43,-73.54,-368.74,0.603425477424835,577.312016850507,0.603425477424835,577.312016850507,-67.46,208.54,1.616,-0.0846666666666674
1410,21586.552,-59.35,-342.07,1.51385300189307,549.611832842052,1.51385300189307,549.611832842052,-44.83,207.35,1.50866666666667,-0.0793333333333332
1411,21601.629,-45.11,-315.29,2.87293052476267,521.935996076147,2.87293052476267,521.935996076147,-18.95,205.99,1.72533333333333,-0.0906666666666657
1412,21616.718,-30.89,-288.54,4.01991357400571,494.55673537017,4.01991357400571,494.55673537017,3.78,204.8,1.51533333333333,-0.0793333333333332
1413,21631.775,-16.7,-261.85,5.48645967879905,467.521800989002,5.48645967879905,467.521800989002,28,203.53,1.61466666666667,-0.0846666666666674
1414,21646.822,-2.49,-235.13,7.20325396304781,440.546981036075,7.20325396304781,440.546981036075,52.75,201.94,1.65,-0.106
1415,21661.96,11.67,-208.49,9.12646726892452,413.960473958565,9.12646726892452,413.960473958565,77.33,200.23,1.63866666666667,-0.114000000000001
1416,21677.047,25.91,-181.7,11.5242837330358,387.920429985326,11.5242837330358,387.920429985326,103.41,198.4,1.73866666666667,-0.121999999999999
1417,21692.072,40.1,-155.03,13.7131835663812,362.18420617139,13.7131835663812,362.18420617139,125.96,196.83,1.50333333333333,-0.104666666666666
1418,21707.178,54.28,-128.36,16.5754993058397,337.494710032617,16.5754993058397,337.494710032617,150.56,195.11,1.64,-0.114666666666667
1419,21722.259,68.53,-101.56,19.9659454179374,313.768844374326,19.9659454179374,313.768844374326,175.67,193.35,1.674,-0.117333333333335
1420,21737.37,82.73,-74.84,23.8416688591187,291.308539181398,23.8416688591187,291.308539181398,200.48,191.61,1.654,-0.115999999999999
1421,21752.389,97.04,-47.93,28.2438805373066,270.188267694954,28.2438805373066,270.188267694954,224.9,190.09,1.628,-0.101333333333334
1422,21767.511,111.23,-21.24,33.2738750855607,251.238667605128,33.2738750855607,251.238667605128,249.07,188.81,1.61133333333333,-0.0853333333333334
1423,21782.589,125.41,5.42,39.0782214245415,234.604233764014,39.0782214245415,234.604233764014,273.3,187.54,1.61533333333333,-0.0846666666666674
1424,21797.623,139.7,32.29,45.6965206326133,220.456828653594,45.6965206326133,220.456828653594,297.47,186.27,1.61133333333333,-0.0846666666666655
1425,21812.747,153.91,59.03,53.1153465284361,209.678006953519,53.1153465284361,209.678006953519,321.62,184.88,1.61,-0.0926666666666677
1426,21827.763,168.09,85.69,61.3082480592277,203.063037010678,61.3082480592277,203.063037010678,346.22,183.18,1.64,-0.113333333333333
1427,21842.877,181.31,110.56,69.4661639875529,202.303297303825,69.4661639875529,202.303297303825,370.76,181.52,1.636,-0.110666666666666
1428,21857.998,195.79,137.1,79.0901418068025,192.112204713808,79.0901418068025,192.112204713808,384.43,173.46,0.911333333333334,-0.537333333333333
1429,21873.021,210.42,163.5,91.5403927752801,155.49619287944,91.5403927752801,155.49619287944,365.86,159.32,-1.238,-0.942666666666668
1430,21888.056,225.2,190.17,109.298256140694,128.447325390605,109.298256140694,128.447325390605,346.43,147.72,-1.29533333333333,-0.773333333333333
1431,21903.287,239.87,216.64,133.788009005757,117.674752602247,133.788009005757,117.674752602247,324.82,135.21,-1.44066666666667,-0.833999999999999
1432,21918.455,255.65,245.1,158.56024722542,131.20936894902,158.56024722542,131.20936894902,303.61,122.97,-1.414,-0.816000000000001
1433,21933.56,270.41,271.73,175.752334063486,161.473534983291,175.752334063486,161.473534983291,282.37,110.7,-1.416,-0.818
1434,21948.695,284.93,298.53,186.843788977132,201.65686028499,186.843788977132,201.65686028499,260.9,98.31,-1.43133333333334,-0.826
1435,21964.778,299.25,325.46,194.029490208414,246.925521564702,194.029490208414,246.925521564702,239.39,85.9,-1.434,-0.827333333333333
1436,21979.886,313.51,352.28,199.103912384765,295.769015280506,199.103912384765,295.769015280506,216.71,72.8,-1.512,-0.873333333333334
1437,21995.062,327.94,379.13,202.407517802077,343.71159130876,202.407517802077,343.71159130876,196.92,61.37,-1.31933333333333,-0.762
1438,22011.192,342.68,405.75,205.22713234487,395.13596470076,205.22713234487,395.13596470076,174.27,48.3,-1.51,-0.871333333333333
1439,22026.341,357.25,432.5,207.269719101485,446.178499033739,207.269719101485,446.178499033739,152.82,35.91,-1.43,-0.826
1440,22041.466,368.75,421.83,210.756898142841,463.143522571567,210.756898142841,463.143522571567,131.9,23.83,-1.39466666666667,-0.805333333333333
1441,22056.465,371.04,391.94,214.397727299886,461.027082284761,214.397727299886,461.027082284761,110.59,11.53,-1.42066666666667,-0.82
1442,22071.545,373.15,361.69,218.063407810421,460.315865900796,218.063407810421,460.315865900796,89.35,-0.73,-1.416,-0.817333333333333
1443,22086.78,375.27,331.46,221.713277074638,461.269090445046,221.713277074638,461.269090445046,68.34,-12.87,-1.40066666666667,-0.809333333333333
1444,22101.906,377.38,301.25,225.341987374674,464.393579843649,225.341987374674,464.393579843649,47.05,-25.16,-1.41933333333333,-0.819333333333333
1445,22116.92,379.48,271.16,228.907947082834,470.825782216735,228.907947082834,470.825782216735,24.64,-38.3,-1.494,-0.876
1446,22132.031,381.48,240.98,232.310250816869,477.194852130657,232.310250816869,477.194852130657,3.86,-50.77,-1.38533333333333,-0.831333333333334
1447,22147.122,383.08,210.64,235.599073108132,484.88411904289,235.599073108132,484.88411904289,-17,-63.31,-1.39066666666667,-0.836
1448,22162.288,384.67,180.31,238.773817010534,492.382747565347,238.773817010534,492.382747565347,-36.38,-74.95,-1.292,-0.776
1449,22177.282,386.27,150.01,241.832958139457,502.940684872481,241.832958139457,502.940684872481,-57.11,-87.4,-1.382,-0.83
1450,22192.42,388.29,120.04,244.743972291625,515.440855287976,244.743972291625,515.440855287976,-77.88,-99.88,-1.38466666666667,-0.831999999999999
1451,22207.434,390.33,89.89,247.529398002937,529.13410322904,247.529398002937,529.13410322904,-98.63,-112.35,-1.38333333333333,-0.831333333333333
1452,22222.64,382.42,65.39,249.241482464341,536.551570028455,249.241482464341,536.551570028455,-119.3,-124.78,-1.378,-0.828666666666667
1453,22237.665,353.68,56.57,248.575011454072,530.82157981755,248.575011454072,530.82157981755,-140.46,-137.33,-1.41066666666667,-0.836666666666667
1454,22252.863,322.15,48.11,247.777000120209,522.404839564107,247.777000120209,522.404839564107,-161.45,-149.47,-1.39933333333333,-0.809333333333333
1455,22268.013,294.78,40.78,247.014733898988,518.778242122778,247.014733898988,518.778242122778,-182.81,-161.8,-1.424,-0.822000000000001
1456,22283.081,263.38,32.36,246.175672780545,510.752081738293,246.175672780545,510.752081738293,-203.85,-173.95,-1.40266666666667,-0.809999999999999
1457,22298.262,232,23.95,245.302350943739,502.979926537829,245.302350943739,502.979926537829,-224.97,-186.21,-1.408,-0.817333333333335
1458,22313.345,232,23.95,245.016398051502,527.134675106846,245.016398051502,527.134675106846,-245.81,-198.69,-1.38933333333333,-0.831999999999999
1459,22328.466,200.5,15.68,244.094002269468,519.437177337164,244.094002269468,519.437177337164,-266.74,-211.26,-1.39533333333333,-0.838
1460,22343.582,169.21,7.87,243.15462038069,510.956592774768,243.15462038069,510.956592774768,-286.68,-222.87,-1.32933333333333,-0.774000000000001
1461,22358.69,138.15,0.8,243.459722753402,486.11675161426,243.459722753402,486.11675161426,-296.74,-216.41,-0.670666666666667,0.430666666666667
1462,22373.774,117.55,21.22,241.61693948741,456.870829556889,241.61693948741,456.870829556889,-284.4,-195.96,0.822666666666669,1.36333333333333
1463,22388.804,98.9,44.99,239.129904999267,430.136176111705,239.129904999267,430.136176111705,-270.3,-175.71,0.939999999999998,1.35
1464,22403.98,80.25,68.86,236.317011902256,404.040852513703,236.317011902256,404.040852513703,-255.96,-155.22,0.956,1.366
1465,22419.026,60.24,94.47,232.776615687307,379.287218345148,232.776615687307,379.287218345148,-241.78,-134.97,0.945333333333334,1.35
1466,22434.178,41.6,118.32,229.123330949083,355.895880982065,229.123330949083,355.895880982065,-227.5,-114.59,0.952,1.35866666666667
1467,22449.27,21.56,143.97,224.58355727952,334.668337313227,224.58355727952,334.668337313227,-213.36,-94.39,0.942666666666666,1.34666666666667
1468,22464.419,1.65,169.46,219.501045169293,315.818948449899,219.501045169293,315.818948449899,-199.24,-74.23,0.941333333333334,1.344
1469,22479.498,-18.26,194.95,213.826816430174,299.810762982252,213.826816430174,299.810762982252,-185.16,-54.11,0.938666666666668,1.34133333333333
1470,22494.626,-36.89,218.79,207.961468363948,286.279360939625,207.961468363948,286.279360939625,-171.12,-34.07,0.936,1.336
1471,22509.697,-55.54,242.66,201.574227083079,275.845165446125,201.574227083079,275.845165446125,-156.97,-13.86,0.943333333333334,1.34733333333333
1472,22524.759,-74.25,266.6,194.774211148573,269.282961399343,194.774211148573,269.282961399343,-142.92,6.22,0.936666666666667,1.33866666666667
1473,22539.863,-92.77,290.31,187.814500795286,266.757251635265,187.814500795286,266.757251635265,-129.04,26.03,0.925333333333333,1.32066666666667
1474,22554.872,-111.36,314.11,180.801123018604,268.206217116606,180.801123018604,268.206217116606,-115.11,45.93,0.928666666666666,1.32666666666667
1475,22569.984,-130.27,337.68,173.904360937915,273.476226571891,173.904360937915,273.476226571891,-101.23,65.75,0.925333333333333,1.32133333333333
1476,22584.975,-149.27,361.14,167.301893587225,282.284159846067,167.301893587225,282.284159846067,-87.22,85.76,0.934,1.334
1477,22600.132,-169.65,386.3,161.014634709091,296.594220611259,161.014634709091,296.594220611259,-73.16,105.84,0.937333333333334,1.33866666666667
1478,22615.278,-188.7,409.83,155.676871358808,312.783582209808,155.676871358808,312.783582209808,-59.87,124.81,0.886,1.26466666666667
1479,22631.346,-207.78,433.4,150.406045166284,330.0799001757,150.406045166284,330.0799001757,-44.77,146.38,1.00666666666667,1.438
1480,22647.413,-228.06,458.69,145.74532913491,352.104724478386,145.74532913491,352.104724478386,-29.87,167.66,0.993333333333334,1.41866666666667
1481,22662.533,-247.95,484.13,141.986505625667,376.587010397332,141.986505625667,376.587010397332,-16.03,187.43,0.922666666666667,1.318
1482,22677.551,-267.84,509.59,138.63598017847,402.517589677768,138.63598017847,402.517589677768,-1.84,207.49,0.946,1.33733333333333
1483,22691.722,-285.33,531.82,135.85452999756,426.241875582398,135.85452999756,426.241875582398,11.54,225.96,0.892,1.23133333333333
1484,22706.839,-304.32,555.32,133.108233392368,452.604103936321,133.108233392368,452.604103936321,26.11,246.02,0.971333333333333,1.33733333333333
1485,22722.872,-323.22,578.86,130.439481749777,479.692641803061,130.439481749777,479.692641803061,41.87,267.71,1.05066666666667,1.446
1486,22737.957,-308.92,591.86,129.838754091624,475.313949826849,129.838754091624,475.313949826849,56.05,287.36,0.945333333333333,1.31
1487,22753.054,-280.78,590.01,128.853841989816,450.556077974762,128.853841989816,450.556077974762,70.09,307.36,0.936,1.33333333333333
1488,22768.151,-248.64,587.22,127.973534618001,422.202322115831,127.973534618001,422.202322115831,84.18,327.44,0.939333333333334,1.33866666666667
1489,22783.163,-216.63,584.42,127.30635529821,396.715510284133,127.30635529821,396.715510284133,98.92,343.98,0.982666666666666,1.10266666666667
1490,22798.22,-186.46,581.78,131.815015522698,388.044407896828,131.815015522698,388.044407896828,102.75,323.06,0.255333333333333,-1.39466666666667
1491,22813.365,-156.34,579.14,137.560522059338,379.395098149673,137.560522059338,379.395098149673,99.68,299.15,-0.204666666666666,-1.594
1492,22828.397,-126.2,576.5,143.407381862535,373.598374862632,143.407381862535,373.598374862632,96.51,276.54,-0.211333333333333,-1.50733333333333
1493,22843.528,-96.23,573.88,149.511022403285,373.157717996024,149.511022403285,373.157717996024,93.1,252.32,-0.227333333333334,-1.61466666666667
1494,22858.591,-66.24,571.25,155.530989106567,376.604578437384,155.530989106567,376.604578437384,89.75,228.47,-0.223333333333333,-1.59
1495,22873.645,-38.08,568.37,161.181461659683,385.433363631121,161.181461659683,385.433363631121,86.25,203.54,-0.233333333333333,-1.662
1496,22888.737,-6.03,565,167.024479702826,395.796226611624,167.024479702826,395.796226611624,82.84,179.31,-0.227333333333333,-1.61533333333333
1497,22903.813,24.12,561.83,172.260034711311,410.610870411391,172.260034711311,410.610870411391,79.42,154.96,-0.228,-1.62333333333333
1498,22917.912,54.04,558.69,177.023032577583,427.07634258994,177.023032577583,427.07634258994,76.22,132.19,-0.213333333333334,-1.518
1499,22933.895,84.04,555.54,181.46853956353,449.897769943351,181.46853956353,449.897769943351,72.51,105.79,-0.247333333333333,-1.76
1500,22949.031,116.21,552.15,185.71721951767,473.203869489674,185.71721951767,473.203869489674,69.07,81.3,-0.229333333333334,-1.63266666666667
1501,22965.089,146.15,549.08,189.287140865664,500.05473700386,189.287140865664,500.05473700386,65.45,55.58,-0.241333333333333,-1.71466666666667
1502,22980.155,176.27,546.41,192.506297968005,527.322190126681,192.506297968005,527.322190126681,62.08,31.6,-0.224666666666667,-1.59866666666667
1503,22995.239,208.31,543.61,195.595878752917,556.405800203413,195.595878752917,556.405800203413,58.72,7.69,-0.224,-1.594
1504,23010.295,238.52,540.97,198.19616501911,586.541191818614,198.19616501911,586.541191818614,55.36,-16.24,-0.224,-1.59533333333333
1505,23025.406,270.55,537.91,200.703868722873,618.321075251362,200.703868722873,618.321075251362,51.95,-40.48,-0.227333333333333,-1.616
1506,23040.458,300.48,534.77,202.800902448245,650.014014002775,202.800902448245,650.014014002775,48.58,-64.45,-0.224666666666667,-1.598
1507,23056.469,326.53,532.22,204.347296496969,682.883418600862,204.347296496969,682.883418600862,45,-89.93,-0.238666666666667,-1.69866666666667
1508,23070.613,347.42,518.23,205.851688084699,700.802244074603,205.851688084699,700.802244074603,41.84,-112.44,-0.210666666666666,-1.50066666666667
1509,23086.623,343.25,490.51,205.872484857152,698.536056907587,205.872484857152,698.536056907587,38.43,-138.01,-0.227333333333334,-1.70466666666667
1510,23101.769,336.66,458.94,205.874143351989,690.199145247225,205.874143351989,690.199145247225,35.46,-162.07,-0.198,-1.604
1511,23116.856,329.95,427.37,205.869978088699,681.639454037103,205.869978088699,681.639454037103,32.53,-185.96,-0.195333333333333,-1.59266666666667
1512,23131.912,323.26,395.93,205.857285566003,673.398527248167,205.857285566003,673.398527248167,29.57,-210.05,-0.197333333333333,-1.606
1513,23147.009,316.9,364.28,205.877749005921,665.112607383141,205.877749005921,665.112607383141,26.61,-234.14,-0.197333333333333,-1.606
1514,23163.038,310.69,332.75,205.910834715045,656.838592425871,205.910834715045,656.838592425871,23.67,-258.06,-0.196,-1.59466666666667
1515,23178.147,296.91,314.05,204.838866441438,658.727036184185,204.838866441438,658.727036184185,20.2,-283.74,-0.231333333333334,-1.712
1516,23194.123,272.12,329.79,201.7762392591,689.007763163812,201.7762392591,689.007763163812,16.51,-310.05,-0.246,-1.754
1517,23209.174,248.33,348.3,199.016006726332,721.874431255187,199.016006726332,721.874431255187,13.12,-334.18,-0.226,-1.60866666666667
1518,23224.298,224.45,366.95,196.471344658897,756.130334069464,196.471344658897,756.130334069464,10.06,-358.15,-0.204,-1.598
1519,23239.309,200.61,385.58,194.151032859008,791.725181865526,194.151032859008,791.725181865526,7.05,-382.12,-0.200666666666667,-1.598
1520,23254.376,176.91,404.18,191.495489924479,798.130176099112,191.495489924479,798.130176099112,17.85,-377.94,0.72,0.278666666666667
1521,23269.465,153.45,423.14,189.40579983567,788.247495968113,189.40579983567,788.247495968113,24.63,-354.51,0.452,1.562
1522,23284.614,129.92,442.2,187.321134041159,779.091538909261,187.321134041159,779.091538909261,30.64,-330.54,0.400666666666667,1.598
1523,23299.663,104.63,462.22,185.052633423048,771.538031531823,185.052633423048,771.538031531823,36.68,-306.32,0.402666666666667,1.61466666666667
1524,23314.695,80.19,477.89,182.826279906469,761.135825592253,182.826279906469,761.135825592253,42.66,-282.32,0.398666666666666,1.6
1525,23329.758,50.25,481.25,180.163021883731,741.583001760423,180.163021883731,741.583001760423,48.14,-260.33,0.365333333333334,1.466
1526,23344.864,20.16,483.89,177.299505456733,721.000694105075,177.299505456733,721.000694105075,54.13,-236.31,0.399333333333334,1.60133333333333
1527,23359.974,-8,486.35,174.425404030598,701.758920499056,174.425404030598,701.758920499056,60.17,-212.09,0.402666666666667,1.61466666666667
1528,23374.999,-8,486.35,173.732242122174,678.727057733814,173.732242122174,678.727057733814,66.1,-188.32,0.395333333333333,1.58466666666667
1529,23390.104,-37.98,488.97,170.4488584339,662.818057463736,170.4488584339,662.818057463736,72,-164.66,0.393333333333334,1.57733333333333
1530,23405.194,-70.09,491.78,166.873903818078,649.992593957808,166.873903818078,649.992593957808,77.52,-141.23,0.368,1.562
1531,23420.258,-100.27,494.42,163.329448410457,638.82998364197,163.329448410457,638.82998364197,82.99,-117.56,0.364666666666667,1.578
1532,23435.307,-130.3,497.05,159.681948301121,630.041441890928,159.681948301121,630.041441890928,88.47,-93.79,0.365333333333334,1.58466666666667
1533,23450.351,-160.36,499.68,155.918646865429,623.527452483048,155.918646865429,623.527452483048,94.06,-69.58,0.372666666666667,1.614
1534,23465.371,-192.47,502.49,151.973779647856,621.377261412099,151.973779647856,621.377261412099,99.5,-46.02,0.362666666666667,1.57066666666667
1535,23480.495,-222.48,505.11,148.137710109074,620.520454135075,148.137710109074,620.520454135075,105.08,-21.91,0.372,1.60733333333333
1536,23495.513,-254.6,507.92,144.187800118447,624.510408239927,144.187800118447,624.510408239927,110.82,1.48,0.382666666666666,1.55933333333333
1537,23510.547,-284.75,510.56,140.40859357802,629.930485450577,140.40859357802,629.930485450577,116.71,25.13,0.392666666666667,1.57666666666667
1538,23525.685,-314.7,513.18,136.676539211554,637.574130121353,136.676539211554,637.574130121353,122.75,49.35,0.402666666666667,1.61466666666667
1539,23540.681,-342.8,515.64,133.198421856971,646.417135447383,133.198421856971,646.417135447383,128.43,73.15,0.378666666666667,1.58666666666667
1540,23555.834,-372.85,518.27,129.76305946501,659.194216676694,129.76305946501,659.194216676694,133.87,96.64,0.362666666666667,1.566
1541,23570.878,-403.06,520.91,127.65032459095,690.278033403932,127.65032459095,690.278033403932,143.47,99.26,0.64,0.174666666666667
1542,23585.96,-433.18,523.12,127.807641057051,730.539842376855,127.807641057051,730.539842376855,144,75.29,0.0353333333333334,-1.598
1543,23601.011,-463.36,525.23,128.056268022936,769.781012561365,128.056268022936,769.781012561365,142.77,50.71,-0.0819999999999993,-1.63866666666667
1544,23616.087,-493.41,527.33,128.314441955884,809.143151364454,128.314441955884,809.143151364454,141.46,25.68,-0.0873333333333335,-1.66866666666667
1545,23631.199,-523.63,529.72,128.436410566098,847.556762995848,128.436410566098,847.556762995848,140.26,2.84,-0.0800000000000011,-1.52266666666667
1546,23646.293,-553.74,532.35,128.651435276814,887.010754444387,128.651435276814,887.010754444387,138.98,-21.66,-0.0853333333333334,-1.63333333333333
1547,23661.384,-580.91,530.96,128.784441964469,921.850607039991,128.784441964469,921.850607039991,137.68,-46.48,-0.0866666666666655,-1.65466666666667
1548,23676.479,-561.66,510.66,129.796043273732,908.544591090608,129.796043273732,908.544591090608,136.4,-70.86,-0.0853333333333334,-1.62533333333333
1549,23691.563,-537.44,492.35,131.150201035507,893.189238683494,131.150201035507,893.189238683494,135.12,-95.4,-0.0853333333333334,-1.636
1550,23706.66,-513.28,474.15,132.531969501267,878.178546424359,132.531969501267,878.178546424359,133.85,-119.5,-0.0846666666666674,-1.60666666666667
1551,23721.775,-488.96,455.82,133.9647852407,863.779995658617,133.9647852407,863.779995658617,132.76,-143.83,-0.0726666666666669,-1.622
1552,23736.801,-466.34,438.77,135.405098593534,852.099111254084,135.405098593534,852.099111254084,131.91,-168,-0.0566666666666663,-1.61133333333333
1553,23751.908,-442.24,420.61,136.906450248005,839.149699636483,136.906450248005,839.149699636483,131.06,-192.17,-0.0566666666666663,-1.61133333333333
1554,23767.013,-417.91,402.28,138.465249072222,826.513858141532,138.465249072222,826.513858141532,130.13,-216.41,-0.0620000000000005,-1.616
1555,23782.128,-393.78,384.1,140.07887016119,814.48266089586,140.07887016119,814.48266089586,128.9,-240.55,-0.0819999999999993,-1.60933333333333
1556,23797.22,-369.54,365.83,141.767449659894,802.33689837873,141.767449659894,802.33689837873,126.99,-264.41,-0.127333333333334,-1.59066666666667
1557,23812.329,-345.41,347.65,143.662751506634,760.728872595224,143.662751506634,760.728872595224,105.35,-265.15,-1.44266666666667,-0.0493333333333302
1558,23827.447,-321.16,329.37,145.551897004944,714.033754384203,145.551897004944,714.033754384203,82.74,-259.45,-1.50733333333333,0.379999999999999
1559,23842.443,-297.03,311.19,147.76571387431,667.025949120422,147.76571387431,667.025949120422,58.75,-253.03,-1.59933333333333,0.427999999999999
1560,23857.537,-272.75,292.89,150.344656524558,620.678011854778,150.344656524558,620.678011854778,34.35,-246.49,-1.62666666666667,0.435999999999999
1561,23872.636,-248.6,274.69,153.332168652616,575.891289915032,153.332168652616,575.891289915032,9.87,-239.94,-1.632,0.436666666666667
1562,23887.744,-224.31,256.39,156.849157135437,532.565945963502,156.849157135437,532.565945963502,-14.93,-233.29,-1.65333333333333,0.443333333333334
1563,23902.826,-200.14,238.17,160.903333844719,492.048433896502,160.903333844719,492.048433896502,-39.16,-226.8,-1.61533333333333,0.432666666666665
1564,23917.941,-175.86,219.88,165.692388577568,454.218537050174,165.692388577568,454.218537050174,-63.61,-220.25,-1.63,0.436666666666667
1565,23933.056,-153.4,202.96,171.104154703085,421.692504676097,171.104154703085,421.692504676097,-88.19,-213.66,-1.63866666666667,0.439333333333334
1566,23948.082,-128.9,185.03,177.628459895481,392.466144399743,177.628459895481,392.466144399743,-112.66,-207.1,-1.63133333333333,0.437333333333333
1567,23963.302,-109.45,165.41,184.150871118349,367.213233557834,184.150871118349,367.213233557834,-136.03,-200.84,-1.558,0.417333333333333
1568,23978.301,-122.21,138.84,186.476363031737,335.480880528235,186.476363031737,335.480880528235,-160.05,-194.5,-1.60133333333333,0.422666666666667
1569,23993.405,-137.74,112.92,188.627186623058,304.990875437283,188.627186623058,304.990875437283,-183.49,-188.62,-1.56266666666667,0.392
1570,24008.543,-153.29,87.04,191.25478894376,275.09026900274,191.25478894376,275.09026900274,-206.98,-182.76,-1.566,0.390666666666668
1571,24023.597,-168.93,61.01,194.528771124712,245.748600402932,194.528771124712,245.748600402932,-230.58,-176.88,-1.57333333333333,0.392
1572,24038.723,-184.58,34.95,198.626656418367,217.376183148016,198.626656418367,217.376183148016,-254.01,-171.04,-1.562,0.389333333333334
1573,24053.755,-200.16,9.03,203.483563136538,190.345472496721,203.483563136538,190.345472496721,-276.01,-165.55,-1.46666666666667,0.365999999999999
1574,24068.881,-215.7,-16.84,211.178679085455,165.962063436196,211.178679085455,165.962063436196,-301.62,-158.83,-1.70733333333333,0.448
1575,24083.96,-231.35,-42.88,220.451734785713,144.187658625834,220.451734785713,144.187658625834,-324.9,-152.6,-1.552,0.415333333333335
1576,24099.059,-246.92,-68.79,232.845642967351,128.103578794661,232.845642967351,128.103578794661,-349.02,-146.16,-1.608,0.429333333333333
1577,24114.173,-262.6,-94.89,247.550368506196,118.835909135244,247.550368506196,118.835909135244,-372.43,-140.27,-1.56066666666667,0.392666666666666
1578,24129.309,-278.22,-120.89,264.573660654545,114.523224718832,264.573660654545,114.523224718832,-392.23,-131.72,-1.32,0.570000000000001
1579,24144.294,-293.87,-146.94,290.228731726968,87.6886583316223,290.228731726968,87.6886583316223,-376.15,-116.62,1.072,1.00666666666667
1580,24159.378,-309.79,-172.73,326.45318634219,80.9781612535133,326.45318634219,80.9781612535133,-354.54,-105.24,1.44066666666666,0.758666666666667
1581,24174.445,-325.75,-198.27,355.96299975762,104.118338922593,355.96299975762,104.118338922593,-333.08,-94.41,1.43066666666667,0.722
1582,24189.506,-341.82,-223.99,12.4146903276983,141.590790660975,12.4146903276983,141.590790660975,-311.38,-85.71,1.44666666666667,0.58
1583,24204.591,-357.58,-249.63,23.5334652368393,166.923527700561,23.5334652368393,166.923527700561,-290.93,-96.59,1.36333333333333,-0.725333333333334
1584,24219.66,-373.22,-275.64,31.7102407595633,193.636621794536,31.7102407595633,193.636621794536,-271.44,-110.91,1.29933333333333,-0.954666666666666
1585,24234.716,-387.9,-299.52,38.118307781299,220.772404299088,38.118307781299,220.772404299088,-251.62,-125.83,1.32133333333333,-0.994666666666667
1586,24249.88,-371.9,-318.79,38.0996944481503,226.536180995443,38.0996944481503,226.536180995443,-232.12,-140.52,1.3,-0.979333333333334
1587,24264.952,-345.05,-332.71,36.6556739950138,221.455547909733,36.6556739950138,221.455547909733,-212.84,-155.05,1.28533333333333,-0.968666666666667
1588,24279.999,-318.19,-346.4,35.2137744884487,216.326362702284,35.2137744884487,216.326362702284,-193.45,-169.66,1.29266666666667,-0.973999999999999
1589,24295.057,-291.25,-360.12,33.7246605188968,211.310304765291,33.7246605188968,211.310304765291,-173.93,-184.37,1.30133333333333,-0.980666666666667
1590,24310.096,-264.05,-373.47,32.1917237131241,205.986237404347,32.1917237131241,205.986237404347,-154.31,-199.15,1.308,-0.985333333333333
1591,24325.273,-238.6,-385.88,31.0689024368566,200.922935724123,31.0689024368566,200.922935724123,-134.91,-213.78,1.29333333333333,-0.975333333333333
1592,24340.349,-209.78,-399.94,28.775145217417,195.752367290922,28.775145217417,195.752367290922,-115.55,-228.36,1.29066666666667,-0.972000000000001
1593,24355.455,-182.77,-413.59,26.9628577293046,191.304698583176,26.9628577293046,191.304698583176,-96.03,-243.08,1.30133333333333,-0.981333333333333
1594,24370.465,-155.7,-427.23,24.9474507983196,187.416934667068,24.9474507983196,187.416934667068,-76.65,-257.3,1.292,-0.948
1595,24385.496,-127.27,-433.07,23.5010302727741,176.118519753035,23.5010302727741,176.118519753035,-57.04,-271.56,1.30733333333333,-0.950666666666666
1596,24400.668,-97.21,-433.1,22.0476802419856,158.986389354561,22.0476802419856,158.986389354561,-37.53,-285.74,1.30066666666667,-0.945333333333334
1597,24415.718,-69.01,-432.64,20.9993269584547,142.204568140408,20.9993269584547,142.204568140408,-18.05,-299.88,1.29866666666667,-0.942666666666666
1598,24430.76,-36.74,-432.08,17.9905324200461,123.939714377596,17.9905324200461,123.939714377596,1.54,-314.2,1.306,-0.954666666666666
1599,24445.864,-6.44,-431.55,14.9418287241539,106.345751678194,14.9418287241539,106.345751678194,20.98,-328.8,1.296,-0.973333333333335
1600,24460.9,23.55,-431.39,10.9382459475154,89.4857530560033,10.9382459475154,89.4857530560033,40.53,-343.53,1.30333333333333,-0.981999999999997
1601,24476.008,51.9,-431.39,6.23926780218491,73.9781940844733,6.23926780218491,73.9781940844733,59.94,-357.85,1.294,-0.95466666666667
1602,24491.075,84.09,-430.92,355.480834115072,69.676622334898,355.480834115072,69.676622334898,78.6,-361.46,1.244,-0.240666666666664
1603,24506.139,100.94,-408.81,351.255141440177,66.8268516391428,351.255141440177,66.8268516391428,90.78,-342.76,0.812000000000001,1.24666666666667
1604,24521.18,114.21,-381.73,348.91771238002,61.7005842760018,348.91771238002,61.7005842760018,102.35,-321.18,0.771333333333333,1.43866666666667
1605,24536.227,127.47,-354.53,345.718547982443,56.6713931362199,345.718547982443,56.6713931362199,113.49,-299.61,0.742666666666667,1.438
1606,24551.389,139.76,-329.34,343.328484994458,53.4361768842046,343.328484994458,53.4361768842046,124.43,-278.15,0.729333333333334,1.43066666666667
1607,24566.437,153.08,-302.04,339.488827581284,49.3164729071332,339.488827581284,49.3164729071332,135.8,-255.85,0.758,1.48666666666667
1608,24581.474,166.33,-274.86,334.411000483735,44.8933424908416,334.411000483735,44.8933424908416,146.94,-234.37,0.742666666666666,1.432
1609,24596.521,179.62,-247.61,329.24699442336,41.0295990718896,329.24699442336,41.0295990718896,158.64,-212.35,0.779999999999999,1.468
1610,24611.674,193.69,-218.76,320.563984722767,37.1212243871346,320.563984722767,37.1212243871346,170.11,-190.09,0.764666666666669,1.484
1611,24626.71,206.92,-191.65,312.174889879469,34.7187125337332,312.174889879469,34.7187125337332,181.19,-168.34,0.738666666666666,1.45
1612,24641.834,220.17,-164.47,303.623043750303,33.1932824529301,303.623043750303,33.1932824529301,192.53,-146.09,0.756,1.48333333333333
1613,24656.844,233.43,-137.29,294.064537406877,32.4941748625812,294.064537406877,32.4941748625812,203.76,-124.04,0.748666666666666,1.47
1614,24671.874,246.6,-110.28,283.820034005464,32.7789231061669,283.820034005464,32.7789231061669,214.77,-102.45,0.734000000000001,1.43933333333333
1615,24687.008,259.88,-83.06,273.585735002317,34.2169855481163,273.585735002317,34.2169855481163,225.73,-80.92,0.730666666666665,1.43533333333333
1616,24702.102,273.15,-55.85,265.183967623669,36.3282603492102,265.183967623669,36.3282603492102,236.95,-58.9,0.748,1.468
1617,24717.127,285.54,-30.44,260.32867900212,37.85805066297,260.32867900212,37.85805066297,248.22,-36.8,0.751333333333334,1.47333333333333
1618,24732.162,298.72,-3.42,253.222412145424,41.3292850168014,253.222412145424,41.3292850168014,259.15,-15.35,0.728666666666665,1.43
1619,24747.311,312.01,23.82,247.664192218932,44.9959375944096,247.664192218932,44.9959375944096,270.39,6.72,0.749333333333334,1.47133333333333
1620,24762.288,325.2,50.87,243.261230067857,48.6749514637662,243.261230067857,48.6749514637662,281.73,28.97,0.756000000000002,1.48333333333333
1621,24777.431,338.48,78.11,238.992033770286,53.3429358022222,238.992033770286,53.3429358022222,292.76,50.63,0.735333333333332,1.444
1622,24792.455,351.78,105.36,235.639869067715,57.8675081544039,235.639869067715,57.8675081544039,304.01,72.7,0.75,1.47133333333333
1623,24807.564,365.03,132.53,232.672212887012,62.8160059220578,232.672212887012,62.8160059220578,315.08,94.44,0.738,1.44933333333333
1624,24822.597,378.2,159.53,230.266087952971,67.5663947536051,230.266087952971,67.5663947536051,326.24,116.34,0.744000000000002,1.46
1625,24837.723,391.48,186.77,228.044364766923,72.8287148039838,228.044364766923,72.8287148039838,337.32,138.08,0.738666666666666,1.44933333333333
1626,24852.735,404.69,213.86,225.885498138172,79.155915129572,225.885498138172,79.155915129572,347.86,158.76,0.702666666666668,1.37866666666667
1627,24867.869,417.98,241.1,224.35582220562,84.2783127500782,224.35582220562,84.2783127500782,359.06,180.84,0.746666666666666,1.472
1628,24882.936,431.16,268.12,224.951078042759,99.3768232537145,224.951078042759,99.3768232537145,360.95,197.79,0.125999999999999,1.13
1629,24897.964,445.46,296.95,222.718063731568,153.082733840234,222.718063731568,153.082733840234,341.61,184.48,-1.28933333333333,-0.887333333333334
1630,24913.093,459.22,323.96,220.790359368241,208.068896762587,220.790359368241,208.068896762587,323.29,166.43,-1.22133333333333,-1.20333333333333
1631,24928.109,472.89,350.79,219.606321272429,261.408076577599,219.606321272429,261.408076577599,306.24,149.39,-1.13666666666667,-1.136
1632,24943.219,486.56,377.63,218.79314365078,313.402545299173,218.79314365078,313.402545299173,290.21,133.36,-1.06866666666667,-1.06866666666666
1633,24958.25,500.25,404.49,218.268390351343,368.517769585132,218.268390351343,368.517769585132,272.01,115.16,-1.21333333333333,-1.21333333333333
1634,24973.308,513.89,431.4,217.842833813522,422.022844168417,217.842833813522,422.022844168417,254.98,98.13,-1.13533333333333,-1.13533333333333
1635,24988.347,527.18,458.59,217.461299850028,475.695340527948,217.461299850028,475.695340527948,237.85,81,-1.142,-1.142
1636,25003.487,540.46,485.81,217.127486051858,527.609331987219,217.127486051858,527.609331987219,222,65.15,-1.05666666666667,-1.05666666666667
1637,25018.554,553.81,512.89,216.892765725512,581.274046298302,216.892765725512,581.274046298302,204.86,48.01,-1.14266666666667,-1.14266666666667
1638,25033.599,566.65,538.13,216.758204814812,633.013202784902,216.758204814812,633.013202784902,187.83,30.98,-1.13533333333333,-1.13533333333333
1639,25048.715,580.06,564.98,216.603495297918,686.513420771947,216.603495297918,686.513420771947,170.71,13.86,-1.14133333333333,-1.14133333333333
1640,25063.802,584.82,543.1,218.305635165705,696.048520219676,218.305635165705,696.048520219676,153.37,-3.1,-1.156,-1.13066666666667
1641,25078.869,577.07,514.06,219.558669689029,692.592484077036,219.558669689029,692.592484077036,135.98,-19.91,-1.15933333333333,-1.12066666666667
1642,25093.904,568.16,482.94,220.868288340641,687.581567234027,220.868288340641,687.581567234027,118.26,-37.02,-1.18133333333333,-1.14066666666667
1643,25109.035,559.31,452.06,222.185783468897,683.08993617239,222.185783468897,683.08993617239,100.59,-54.09,-1.178,-1.138
1644,25124.102,550.51,421.12,223.504327491917,678.622381962163,223.504327491917,678.622381962163,83.34,-71.1,-1.15,-1.134
1645,25139.36,542.63,391.87,224.780118916951,676.218265429144,224.780118916951,676.218265429144,66.31,-88.12,-1.13533333333333,-1.13466666666667
1646,25154.391,533.93,363.66,225.967173927247,674.449683964638,225.967173927247,674.449683964638,49.04,-105.13,-1.15133333333333,-1.134
1647,25169.513,505.84,360.91,225.287514740616,659.470229350803,225.287514740616,659.470229350803,37.19,-103.06,-0.79,0.138
1648,25184.705,475.8,363.92,223.886150390237,618.382733264764,223.886150390237,618.382733264764,47.12,-81.76,0.662,1.42
1649,25199.747,445.76,367.08,222.024218397057,576.567443149542,222.024218397057,576.567443149542,59.78,-61.23,0.844,1.36866666666667
1650,25214.787,415.71,370.23,219.85955673991,535.396694050309,219.85955673991,535.396694050309,72.57,-40.75,0.852666666666666,1.36533333333333
1651,25229.896,385.7,373.39,217.339761806731,495.086647466885,217.339761806731,495.086647466885,85.41,-20.23,0.856,1.368
1652,25244.924,355.51,376.56,214.323716128891,454.432643633795,214.323716128891,454.432643633795,99.27,1.26,0.924,1.43266666666667
1653,25259.976,325.56,379.71,210.750521522695,416.115043828026,210.750521522695,416.115043828026,112.8,22.1,0.902,1.38933333333333
1654,25275.06,295.4,382.88,206.481856352064,381.91186889124,206.481856352064,381.91186889124,125.1,41.04,0.82,1.26266666666667
1655,25290.114,265.46,386.03,201.371754964383,348.171835879929,201.371754964383,348.171835879929,138.58,61.8,0.898666666666668,1.384
1656,25305.153,235.34,389.19,195.098042433891,316.080619146445,195.098042433891,316.080619146445,153.01,84.02,0.961999999999999,1.48133333333333
1657,25320.213,205.45,392.33,187.874434574637,291.892342653931,187.874434574637,291.892342653931,165.46,103.19,0.830000000000001,1.278
1658,25335.334,175.28,395.5,179.106315081355,270.562911907748,179.106315081355,270.562911907748,179.5,124.97,0.936,1.452
1659,25350.384,143.32,398.86,168.934401448448,257.538128050974,168.934401448448,257.538128050974,192.75,146.11,0.883333333333333,1.40933333333333
1660,25365.465,113.31,402.02,158.614699913084,252.881009567741,158.614699913084,252.881009567741,205.52,166.55,0.851333333333334,1.36266666666667
1661,25380.495,83.22,405.18,148.160639564021,256.435763691416,148.160639564021,256.435763691416,218.5,187.33,0.865333333333333,1.38533333333333
1662,25395.613,53.16,408.34,138.205215931013,268.236301234564,138.205215931013,268.236301234564,231.93,208.36,0.895333333333334,1.402
1663,25410.702,23.14,411.49,129.259675316563,287.452001210637,129.259675316563,287.452001210637,245.71,229.58,0.918666666666667,1.41466666666667
1664,25425.738,-9.05,414.88,121.626006629194,314.413923514847,121.626006629194,314.413923514847,258.67,250.01,0.864000000000001,1.362
1665,25440.768,-41,418.24,118.487364656159,326.900334658746,118.487364656159,326.900334658746,246.32,262.32,-0.823333333333335,0.820666666666667
1666,25455.834,-73.02,421.6,117.667748522418,333.007720330926,117.667748522418,333.007720330926,221.91,266.97,-1.62733333333333,0.310000000000002
1667,25470.907,-105.27,424.99,116.983756708219,339.645434239885,116.983756708219,339.645434239885,197.4,270.88,-1.634,0.260666666666665
1668,25486.033,-135.37,428.16,116.480100156396,343.853967259359,116.480100156396,343.853967259359,172.41,274.84,-1.666,0.263999999999999
1669,25501.102,-167.59,431.54,115.867070514506,350.230009565143,115.867070514506,350.230009565143,147.55,278.74,-1.65733333333333,0.260000000000002
1670,25516.2,-199.85,434.93,115.285367789219,357.645413782981,115.285367789219,357.645413782981,123.53,282.17,-1.60133333333333,0.228666666666667
1671,25531.293,-232.03,438.31,114.733485666971,365.059135620518,114.733485666971,365.059135620518,99.54,285.57,-1.59933333333333,0.226666666666665
1672,25546.398,-262.39,441.5,113.392013424293,374.565551672868,113.392013424293,374.565551672868,81.39,292.79,-1.21,0.481333333333335
1673,25561.593,-292.61,444.68,110.315760640435,420.860258042976,110.315760640435,420.860258042976,102.07,298.56,1.37866666666667,0.384666666666665
1674,25576.67,-322.92,447.58,108.510273063066,473.864554593399,108.510273063066,473.864554593399,126.43,297.14,1.624,-0.0946666666666677
1675,25591.753,-353.07,450.22,107.046431726493,528.26813570383,107.046431726493,528.26813570383,151.99,295.36,1.704,-0.118666666666665
1676,25606.898,-383.47,452.88,105.880334737769,581.845987955576,105.880334737769,581.845987955576,176.17,293.67,1.612,-0.112666666666667
1677,25621.98,-413.63,455.52,104.940558167417,633.899728506015,104.940558167417,633.899728506015,198.84,292.09,1.51133333333333,-0.105333333333336
1678,25637.043,-444,458.17,104.094292862158,689.434546929584,104.094292862158,689.434546929584,224.68,290.28,1.72266666666667,-0.120666666666667
1679,25652.121,-474.1,461.1,103.442064939023,741.626507144938,103.442064939023,741.626507144938,247.21,288.7,1.502,-0.105333333333332
1680,25667.31,-502.33,464.06,102.88718347694,793.87687836339,102.88718347694,793.87687836339,271.55,287,1.62266666666667,-0.113333333333333
1681,25682.397,-532.44,467.22,102.387292059819,847.991338752938,102.387292059819,847.991338752938,295.81,285.31,1.61733333333333,-0.112666666666667
1682,25697.454,-562.73,469.97,101.92084210106,902.207078280812,101.92084210106,902.207078280812,320.02,283.61,1.614,-0.113333333333333
1683,25712.542,-590.42,468.9,101.329030516335,953.151925980323,101.329030516335,953.151925980323,344.16,281.66,1.60933333333334,-0.129999999999999
1684,25727.629,-593.2,440,100.087213481714,962.619897778973,100.087213481714,962.619897778973,354.54,271.4,0.692,-0.684000000000003
1685,25742.756,-592.69,409.5,99.235925988501,939.874703670654,99.235925988501,939.874703670654,335,258.65,-1.30266666666667,-0.85
1686,25757.871,-592.16,379.18,98.2314586464715,914.562028076828,98.2314586464715,914.562028076828,312.98,248.24,-1.468,-0.693999999999998
1687,25773.038,-591.63,348.89,97.1615255328794,889.569854986105,97.1615255328794,889.569854986105,291,237.99,-1.46533333333333,-0.683333333333333
1688,25788.141,-591.1,318.25,95.9554434365944,866.174847764584,95.9554434365944,866.174847764584,270.4,228.38,-1.37333333333333,-0.640666666666668
1689,25803.236,-590.57,288.02,94.7626808774996,841.876873954856,94.7626808774996,841.876873954856,248.4,218.12,-1.46666666666666,-0.683999999999999
1690,25818.351,-590.04,257.65,93.4906892168966,817.917477500023,93.4906892168966,817.917477500023,226.36,207.85,-1.46933333333333,-0.684666666666667
1691,25833.439,-589.55,229.53,92.3053380638659,794.533053875042,92.3053380638659,794.533053875042,204.34,197.57,-1.468,-0.685333333333334
1692,25848.518,-589.02,199.11,90.8718427609159,771.559322735459,90.8718427609159,771.559322735459,182.45,187.37,-1.45933333333333,-0.679999999999999
1693,25863.604,-588.49,168.87,89.3703929855126,748.965219018881,89.3703929855126,748.965219018881,160.43,177.1,-1.468,-0.684666666666667
1694,25878.796,-587.96,138.46,87.7611136154186,726.974948949412,87.7611136154186,726.974948949412,138.46,166.86,-1.46466666666667,-0.682666666666665
1695,25893.871,-587.43,108.03,86.0527186008321,705.563729935149,86.0527186008321,705.563729935149,116.46,156.6,-1.46666666666667,-0.684000000000001
1696,25908.92,-586.9,77.58,84.2401167447586,684.737085895017,84.2401167447586,684.737085895017,94.38,146.3,-1.472,-0.686666666666666
1697,25924.006,-586.37,47.3,82.3310104210087,664.594416618136,82.3310104210087,664.594416618136,72.28,135.99,-1.47333333333333,-0.687333333333334
1698,25939.103,-585.84,16.82,80.2828707061318,645.440094819031,80.2828707061318,645.440094819031,50.34,125.76,-1.46266666666667,-0.682
1699,25954.283,-585.34,-11.4,78.2836502501793,628.16793932833,78.2836502501793,628.16793932833,29.74,116.16,-1.37333333333333,-0.640000000000001
1700,25969.357,-585.34,-11.4,78.8118028230283,604.59014720718,78.8118028230283,604.59014720718,7.76,105.91,-1.46533333333333,-0.683333333333333
1701,25984.434,-584.77,-43.98,76.2474130840313,587.389676535092,76.2474130840313,587.389676535092,-14.22,95.66,-1.46533333333333,-0.683333333333333
1702,25999.606,-584.25,-74.28,73.7567414302253,570.721624962643,73.7567414302253,570.721624962643,-36.31,85.36,-1.47266666666667,-0.686666666666666
1703,26014.641,-583.68,-106.65,70.9039979301688,555.857891371527,70.9039979301688,555.857891371527,-58.41,75.2,-1.47333333333333,-0.677333333333333
1704,26029.708,-583.12,-139.03,67.8748168860055,541.882504330967,67.8748168860055,541.882504330967,-81.14,65.06,-1.51533333333333,-0.676
1705,26044.813,-582.55,-171.41,64.6936806078278,529.923933503668,64.6936806078278,529.923933503668,-103.48,55.11,-1.48933333333333,-0.663333333333334
1706,26059.96,-582.02,-201.78,61.5702715538617,518.420665193817,61.5702715538617,518.420665193817,-126.12,45.03,-1.50933333333333,-0.672
1707,26075.012,-581.49,-231.94,58.3680884555539,508.999535265014,58.3680884555539,508.999535265014,-148.11,35.01,-1.466,-0.668
1708,26090.034,-580.97,-262.17,55.0750112118393,501.376832332728,55.0750112118393,501.376832332728,-169.89,24.87,-1.452,-0.676
1709,26105.145,-580.44,-292.43,51.6658792084999,495.367749656758,51.6658792084999,495.367749656758,-191.87,14.82,-1.46533333333333,-0.67
1710,26120.185,-579.91,-322.51,50.0490668103204,504.164762453704,50.0490668103204,504.164762453704,-193.42,1.23,-0.103333333333332,-0.906
1711,26135.259,-579.38,-352.85,49.6588115047766,536.628572478209,49.6588115047766,536.628572478209,-170.36,-5.47,1.53733333333333,-0.446666666666667
1712,26150.395,-578.86,-382.93,49.2844675410499,571.206147113282,49.2844675410499,571.206147113282,-145.91,-10.33,1.63,-0.324
1713,26165.432,-578.62,-413.13,48.939298869881,606.036408147233,48.939298869881,606.036408147233,-121.66,-15.05,1.61666666666667,-0.314666666666667
1714,26180.467,-578.62,-443.4,48.6362543939249,641.080841236111,48.6362543939249,641.080841236111,-97.47,-19.75,1.61266666666667,-0.313333333333333
1715,26195.577,-578.55,-473.64,48.3522420212648,675.976939547497,48.3522420212648,675.976939547497,-73.43,-24.42,1.60266666666667,-0.311333333333333
1716,26210.619,-578.05,-503.81,48.084887331872,710.583076775686,48.084887331872,710.583076775686,-49.28,-29.12,1.61,-0.313333333333333
1717,26225.709,-567.94,-520.87,48.1017787932228,729.324812480694,48.1017787932228,729.324812480694,-25.08,-33.82,1.61333333333333,-0.313333333333333
1718,26240.717,-545.32,-501.9,49.6065226978702,715.009661543115,49.6065226978702,715.009661543115,-0.76,-38.55,1.62133333333333,-0.315333333333333
1719,26255.851,-523.23,-481.31,51.1805112016868,699.348821690578,51.1805112016868,699.348821690578,21.65,-42.91,1.494,-0.290666666666667
1720,26270.915,-502.54,-462.03,52.9014687729213,687.149470857688,52.9014687729213,687.149470857688,45.53,-47.55,1.592,-0.309333333333333
1721,26285.986,-480.49,-441.46,54.700295679573,673.682964383099,54.700295679573,673.682964383099,69.33,-52.17,1.58666666666667,-0.308
1722,26301.112,-458.34,-420.81,56.6874476665447,662.137808994472,56.6874476665447,662.137808994472,95,-57.16,1.71133333333333,-0.332666666666666
1723,26316.158,-436.31,-400.26,58.5323496451061,648.982603773013,58.5323496451061,648.982603773013,117.23,-61.48,1.482,-0.288
1724,26331.223,-414.15,-379.59,60.5355388619217,637.630516208251,60.5355388619217,637.630516208251,141.01,-65.95,1.58533333333333,-0.298
1725,26346.296,-391.98,-358.92,62.5842841736658,627.156496657732,62.5842841736658,627.156496657732,164.74,-70.15,1.582,-0.28
1726,26361.413,-369.76,-338.2,62.6695573661874,608.640455112869,62.6695573661874,608.640455112869,170.94,-58.76,0.413333333333333,0.759333333333334
1727,26376.51,-347.63,-317.57,61.1183354945215,573.434244704657,61.1183354945215,573.434244704657,154.48,-40.6,-1.09733333333333,1.21066666666667
1728,26391.604,-325.45,-296.88,59.3874418405849,537.478087832425,59.3874418405849,537.478087832425,137.12,-23.18,-1.15733333333333,1.16133333333333
1729,26406.687,-303.22,-276.15,57.3870641268551,501.928734483293,57.3870641268551,501.928734483293,119.57,-5.63,-1.17,1.17
1730,26421.778,-281.15,-255.57,55.0487649997267,467.253959640793,55.0487649997267,467.253959640793,101.83,12.11,-1.18266666666667,1.18266666666667
1731,26436.847,-258.9,-234.93,52.3271618201929,433.296547066787,52.3271618201929,433.296547066787,84.06,29.88,-1.18466666666667,1.18466666666667
1732,26451.957,-236.52,-214.73,49.1467871665516,400.627787977819,49.1467871665516,400.627787977819,66.51,47.33,-1.17,1.16333333333333
1733,26467.051,-213.9,-194.36,45.4932445495431,368.805207799456,45.4932445495431,368.805207799456,49.12,64.17,-1.15933333333333,1.12266666666667
1734,26482.179,-191.48,-174.17,41.1787703481253,338.998174773847,41.1787703481253,338.998174773847,31.72,80.98,-1.16,1.12066666666667
1735,26497.228,-168.84,-153.79,36.0211470101299,311.214145726058,36.0211470101299,311.214145726058,14.18,97.92,-1.16933333333333,1.12933333333333
1736,26513.291,-146.44,-133.5,29.9898988919845,286.567509672677,29.9898988919845,286.567509672677,-3.2,114.7,-1.15866666666667,1.11866666666667
1737,26528.598,-122.77,-111.47,22.4715568174244,264.190115825706,22.4715568174244,264.190115825706,-21.79,132.66,-1.23933333333333,1.19733333333333
1738,26543.626,-100.49,-90.69,13.9742241883635,248.710727754152,13.9742241883635,248.710727754152,-40.43,150.66,-1.24266666666667,1.2
1739,26558.742,-78.19,-70.29,4.7898775672699,239.396060326815,4.7898775672699,239.396060326815,-58.2,168.27,-1.18466666666667,1.174
1740,26573.863,-57.2,-51.29,355.71313765108,236.922839127004,355.71313765108,236.922839127004,-74.91,184.97,-1.114,1.11333333333333
1741,26588.874,-29.74,-45.38,345.984517455163,254.351977385669,345.984517455163,254.351977385669,-91.34,201.4,-1.09533333333333,1.09533333333333
1742,26605.02,0.42,-46.32,337.481137662304,287.998909025711,337.481137662304,287.998909025711,-109.88,219.72,-1.236,1.22133333333333
1743,26621.081,30.86,-47.38,330.797829459647,326.588184109591,330.797829459647,326.588184109591,-128.48,237.7,-1.24,1.19866666666667
1744,26637.189,91.25,-49.75,322.053406211979,388.062517257207,322.053406211979,388.062517257207,-147.38,256.27,-1.26,1.238
1745,26653.241,121.59,-51.33,316.82755486379,395.99737827415,316.82755486379,395.99737827415,-149.35,237.47,-0.131333333333333,-1.25333333333333
1746,26669.301,149.87,-52.81,312.88096504477,392.797725298913,312.88096504477,392.797725298913,-137.96,214.48,0.759333333333332,-1.53266666666667
1747,26685.481,182.1,-54.5,308.635976152749,394.237269927641,308.635976152749,394.237269927641,-125.85,191.65,0.807333333333334,-1.522
1748,26701.539,212.3,-56.08,304.59853095252,396.039157659947,304.59853095252,396.039157659947,-113.7,168.8,0.809999999999999,-1.52333333333333
1749,26717.598,242.52,-57.67,300.616969422882,399.806539841459,300.616969422882,399.806539841459,-101.55,145.95,0.81,-1.52333333333333
1750,26733.755,270.68,-59.14,296.846934462462,403.60173797941,296.846934462462,403.60173797941,-89.42,123.13,0.808666666666666,-1.52133333333333
1751,26749.807,302.98,-60.84,292.965418504825,412.993664842452,292.965418504825,412.993664842452,-77.28,100.3,0.809333333333333,-1.522
1752,26765.945,333.38,-62.42,289.340175988043,422.343269154369,289.340175988043,422.343269154369,-65.13,77.45,0.81,-1.52333333333333
1753,26782.025,361.65,-63.48,285.890834591,431.291762267725,285.890834591,431.291762267725,-53.16,54.61,0.798,-1.52266666666667
1754,26798.092,391.84,-64.54,282.413101317032,443.108479945938,282.413101317032,443.108479945938,-40.91,30.71,0.816666666666667,-1.59333333333333
1755,26814.204,422.21,-65.6,279.405765403843,481.321013565791,279.405765403843,481.321013565791,-52.64,13.06,-0.782,-1.17666666666667
1756,26829.273,452.45,-66.66,277.273294036865,530.085299267957,277.273294036865,530.085299267957,-73.37,0.45,-1.382,-0.840666666666667
1757,26844.359,482.79,-67.82,275.550253182145,579.928850980877,275.550253182145,579.928850980877,-94.42,-11.73,-1.40333333333333,-0.812
1758,26859.468,512.99,-69.37,274.210621023664,628.957629733514,274.210621023664,628.957629733514,-114.27,-23.19,-1.32333333333333,-0.764
1759,26874.572,543.37,-70.97,272.973960502797,680.196076510296,272.973960502797,680.196076510296,-135.91,-35.68,-1.44266666666667,-0.832666666666667
1760,26890.627,573.51,-72.19,271.837268459202,732.356491607742,271.837268459202,732.356491607742,-158.47,-48.71,-1.504,-0.868666666666667
1761,26906.68,595.52,-79.15,271.292732572755,776.577655357145,271.292732572755,776.577655357145,-180.86,-61.63,-1.49266666666667,-0.861333333333333
1762,26921.787,568.85,-88.33,271.069220715705,771.154272827429,271.069220715705,771.154272827429,-202.17,-73.94,-1.42066666666667,-0.820666666666666
1763,26936.886,538.78,-92.18,270.441300566951,762.132605915795,270.441300566951,762.132605915795,-223.33,-86.31,-1.41066666666667,-0.824666666666667
1764,26952.94,508.72,-95.88,269.719665673094,754.179027154694,269.719665673094,754.179027154694,-245.45,-99.57,-1.47466666666667,-0.883999999999999
1765,26968.1,480.62,-99.33,269.020503373337,747.019157050206,269.020503373337,747.019157050206,-266.29,-112.1,-1.38933333333334,-0.835333333333333
1766,26983.22,450.41,-103.04,268.33095415437,737.823027697022,268.33095415437,737.823027697022,-287.1,-124.53,-1.38733333333333,-0.828666666666667
1767,26998.291,420.31,-106.73,267.61990779512,729.619428263804,267.61990779512,729.619428263804,-308.68,-137.03,-1.43866666666667,-0.833333333333333
1768,27013.397,392.26,-110.18,266.885564905325,723.168109155817,266.885564905325,723.168109155817,-329.84,-149.47,-1.41066666666666,-0.829333333333333
1769,27028.485,360.15,-114.12,265.390086803842,700.74692493082,265.390086803842,700.74692493082,-338.33,-170.44,-0.566000000000001,-1.398
1770,27043.546,328.05,-118.06,263.52156437359,675.090865958058,263.52156437359,675.090865958058,-342.73,-194.23,-0.293333333333336,-1.586
1771,27058.654,295.86,-122.02,261.623871370661,649.477909247112,261.623871370661,649.477909247112,-346.69,-216.63,-0.263999999999999,-1.49333333333333
1772,27073.73,267.66,-125.48,259.465376061245,629.164822999506,259.465376061245,629.164822999506,-350.9,-240.51,-0.280666666666665,-1.592
1773,27088.829,235.52,-129.52,257.138011269997,605.830848092106,257.138011269997,605.830848092106,-355.11,-264.38,-0.280666666666669,-1.59133333333333
1774,27103.953,230.48,-141.19,255.990502485298,607.891356822911,255.990502485298,607.891356822911,-359.33,-288.35,-0.281333333333331,-1.598
1775,27119.093,260.25,-142.03,254.740606913437,646.606641243345,254.740606913437,646.606641243345,-363.56,-312.21,-0.282000000000001,-1.59066666666666
1776,27134.206,290.75,-141,253.367916768645,688.025292049646,253.367916768645,688.025292049646,-368.49,-337.93,-0.328666666666667,-1.71466666666667
1777,27150.255,321.04,-139.95,252.276145721271,728.739764936702,252.276145721271,728.739764936702,-373.11,-361.8,-0.308,-1.59133333333333
1778,27166.465,353.31,-138.78,251.281983220309,768.094994776037,251.281983220309,768.094994776037,-374.16,-385.27,-0.0700000000000008,-1.56466666666666
1779,27181.516,381.59,-137.34,251.897919492761,771.842783214302,251.897919492761,771.842783214302,-352.05,-377.16,1.474,0.540666666666664
1780,27196.59,409.8,-136.08,252.969340541016,775.632924326965,252.969340541016,775.632924326965,-331.82,-363.25,1.34866666666667,0.927333333333335
1781,27211.651,404.5,-153.41,254.726256452753,741.977967664809,254.726256452753,741.977967664809,-311.27,-348.87,1.37,0.958666666666666
1782,27226.669,379.9,-170.94,256.234571593484,692.211682218669,256.234571593484,692.211682218669,-292.43,-335.65,1.256,0.881333333333335
1783,27241.698,355.25,-188.2,257.960896137378,643.544454563941,257.960896137378,643.544454563941,-274.14,-322.43,1.21933333333333,0.881333333333331
1784,27257.067,328.74,-206.77,260.221848327895,590.224347261277,260.221848327895,590.224347261277,-252.91,-307.01,1.41533333333333,1.028
1785,27273.123,305.64,-222.94,262.651132242628,542.879369657754,262.651132242628,542.879369657754,-232.78,-292.38,1.342,0.975333333333333
1786,27288.162,279.19,-241.15,265.851535894378,491.698274351253,265.851535894378,491.698274351253,-211.22,-276.72,1.43733333333333,1.044
1787,27303.294,252.38,-259.24,269.588299340025,443.951460972931,269.588299340025,443.951460972931,-191.56,-262.43,1.31066666666667,0.952666666666668
1788,27318.336,229,-275.01,273.746280415024,402.520118254976,273.746280415024,402.520118254976,-172.66,-248.71,1.26,0.914666666666667
1789,27333.46,202.37,-292.97,279.34439377612,360.230180023829,279.34439377612,360.230180023829,-153.08,-234.48,1.30533333333333,0.948666666666668
1790,27348.549,177.2,-309.95,286.329868221093,322.406238308132,286.329868221093,322.406238308132,-132.2,-219.3,1.392,1.012
1791,27363.595,150.34,-328.07,294.811718160242,291.01291534913,294.811718160242,291.01291534913,-113.81,-205.95,1.226,0.890000000000002
1792,27378.726,126.96,-343.84,304.480169351648,268.511518747334,304.480169351648,268.511518747334,-94.38,-191.83,1.29533333333333,0.941333333333332
1793,27393.73,100.22,-361.87,316.644502424211,254.033745986631,316.644502424211,254.033745986631,-74.18,-177.16,1.34666666666667,0.978000000000001
1794,27408.87,77.02,-377.68,328.572051706914,251.905388985627,328.572051706914,251.905388985627,-54.33,-162.73,1.32333333333333,0.962
1795,27423.924,50.64,-396.12,341.34275621078,262.452047429621,341.34275621078,262.452047429621,-33.32,-147.46,1.40066666666667,1.018
1796,27438.976,25.87,-413.46,352.228375423465,283.675579668043,352.228375423465,283.675579668043,-12.49,-132.39,1.38866666666667,1.00466666666667
1797,27454.114,2.76,-429.65,1.2166926456723,312.710503821026,1.2166926456723,312.710503821026,9.4,-117.01,1.45933333333333,1.02533333333333
1798,27469.148,-23.71,-448.18,8.81792272958074,349.652728289084,8.81792272958074,349.652728289084,29.89,-102.66,1.366,0.956666666666667
1799,27484.25,-48.5,-465.06,14.6523456178797,389.083591661227,14.6523456178797,389.083591661227,49.92,-88.63,1.33533333333333,0.935333333333334
1800,27499.307,-71.95,-480.88,19.291803879748,430.747222509908,19.291803879748,430.747222509908,70.36,-74.32,1.36266666666667,0.954
1801,27514.421,-96.86,-497.87,23.1520980720235,475.744371905754,23.1520980720235,475.744371905754,90.19,-60.44,1.322,0.925333333333333
1802,27529.424,-119.93,-513.98,26.214564018648,521.264031082138,26.214564018648,521.264031082138,110.33,-46.33,1.34266666666667,0.940666666666667
1803,27544.574,-147.7,-521.66,29.632485575068,563.370569518856,29.632485575068,563.370569518856,130.85,-31.97,1.368,0.957333333333333
1804,27559.617,-179.78,-523.21,33.1791528994866,604.028737809717,33.1791528994866,604.028737809717,150.78,-17.66,1.32866666666667,0.954
1805,27574.685,-210.08,-524.28,36.1025257362712,643.481712016744,36.1025257362712,643.481712016744,169.08,-4.37,1.22,0.886
1806,27589.799,-242.37,-525.45,38.8744283525383,688.765480261606,38.8744283525383,688.765480261606,189.91,10.77,1.38866666666667,1.00933333333333
1807,27604.843,-270.53,-526.88,41.0225483259684,731.737057965496,41.0225483259684,731.737057965496,209.75,25.18,1.32266666666667,0.960666666666667
1808,27619.957,-279.96,-505.12,43.111322596703,745.561224380668,43.111322596703,745.561224380668,229.57,39.16,1.32133333333333,0.932
1809,27634.96,-273.96,-475.58,44.7157776297214,744.083478784471,44.7157776297214,744.083478784471,249.57,53.17,1.33333333333333,0.934
1810,27650.074,-267.25,-443.99,46.3785240021638,741.27659102389,46.3785240021638,741.27659102389,269.37,67.41,1.32,0.949333333333333
1811,27665.097,-261,-414.61,48.5005724150926,719.515482599228,48.5005724150926,719.515482599228,277.89,62.15,0.567999999999999,-0.350666666666667
1812,27680.243,-254.7,-384.95,50.2896043527801,673.665692832877,50.2896043527801,673.665692832877,263.54,45.46,-0.956666666666664,-1.11266666666667
1813,27695.318,-248.4,-355.34,52.1803080473694,626.196036796785,52.1803080473694,626.196036796785,246.26,28.63,-1.152,-1.122
1814,27710.363,-241.9,-325.97,54.3502160078347,578.677203456297,54.3502160078347,578.677203456297,228.33,11.3,-1.19533333333333,-1.15533333333333
1815,27725.425,-235.12,-296.59,56.8704446691311,532.720730683536,56.8704446691311,532.720730683536,211,-5.44,-1.15533333333333,-1.116
1816,27740.486,-228.3,-267.01,59.8819171114847,487.680192031622,59.8819171114847,487.680192031622,193.54,-22.3,-1.164,-1.124
1817,27755.577,-221.5,-237.57,63.4735749261762,444.458860750914,63.4735749261762,444.458860750914,176.17,-39.07,-1.158,-1.118
1818,27770.665,-214.71,-208.16,67.8225908739949,403.23125387301,67.8225908739949,403.23125387301,158.69,-55.95,-1.16533333333333,-1.12533333333333
1819,27785.719,-207.88,-178.57,73.1330871008424,364.949660364275,73.1330871008424,364.949660364275,141.37,-72.68,-1.15466666666667,-1.11533333333333
1820,27800.891,-201.08,-149.12,79.6016496113674,330.487709453771,79.6016496113674,330.487709453771,123.98,-89.47,-1.15933333333333,-1.11933333333333
1821,27815.955,-194.74,-121.68,87.0759496188608,301.692794246068,87.0759496188608,301.692794246068,106.56,-106.29,-1.16133333333333,-1.12133333333333
1822,27831.014,-187.95,-92.28,96.35539805347,278.783293079051,96.35539805347,278.783293079051,89.12,-123.14,-1.16266666666667,-1.12333333333333
1823,27846.051,-181.58,-64.68,106.535487827505,264.081448042077,106.535487827505,264.081448042077,71.58,-139.84,-1.16933333333333,-1.11333333333333
1824,27861.122,-173.86,-31.22,118.764049834124,259.910697163468,118.764049834124,259.910697163468,53.98,-156.29,-1.17333333333333,-1.09666666666667
1825,27876.163,-167.34,-1.85,130.025770703813,265.855180126324,130.025770703813,265.855180126324,36.24,-172.83,-1.18266666666667,-1.10266666666667
1826,27891.32,-161.03,27.78,140.37305045065,281.740121565957,140.37305045065,281.740121565957,18.66,-189.22,-1.172,-1.09266666666667
1827,27906.358,-154.76,57.29,149.386958064769,305.672799738544,149.386958064769,305.672799738544,0.9,-205.78,-1.184,-1.104
1828,27921.441,-148.5,86.74,156.901978199704,335.886311867572,156.901978199704,335.886311867572,-16.73,-222.22,-1.17533333333333,-1.096
1829,27936.462,-142.21,116.37,163.152030740438,371.213532215624,163.152030740438,371.213532215624,-34.62,-238.91,-1.19266666666667,-1.11266666666667
1830,27951.592,-135.91,145.97,168.039434680525,409.142287841284,168.039434680525,409.142287841284,-51.12,-254.29,-1.1,-1.02533333333333
1831,27966.648,-130.26,171.47,172.072864279342,446.728825687351,172.072864279342,446.728825687351,-68.65,-270.99,-1.16866666666667,-1.11333333333333
1832,27981.699,-123.49,200.84,175.625861941004,490.107546156963,175.625861941004,490.107546156963,-86.11,-287.84,-1.164,-1.12333333333333
1833,27996.815,-116.21,232.36,178.635412245077,537.072314032291,178.635412245077,537.072314032291,-103.42,-304.56,-1.154,-1.11466666666667
1834,28011.85,-109.59,261.76,180.995124191256,582.127798425741,180.995124191256,582.127798425741,-119.7,-320.28,-1.08533333333333,-1.048
1835,28026.965,-103.27,291.39,183.188451925244,630.345778521598,183.188451925244,630.345778521598,-138.33,-337.98,-1.242,-1.18
1836,28042.012,-95.44,319.59,185.137638436562,676.839232388312,185.137638436562,676.839232388312,-156.05,-354.53,-1.18133333333333,-1.10333333333333
1837,28057.064,-89.26,295.91,187.207573071781,672.302448753535,187.207573071781,672.302448753535,-173.61,-371.08,-1.17066666666667,-1.10333333333333
1838,28072.131,-93.21,265.89,188.465918262837,657.514534059894,188.465918262837,657.514534059894,-190.01,-384.46,-1.09333333333333,-0.892
1839,28087.252,-97.39,236.11,188.956214442608,606.180798937083,188.956214442608,606.180798937083,-191.76,-362.68,-0.116666666666667,1.452
1840,28102.332,-101.61,206.09,188.659367040085,552.073131749771,188.659367040085,552.073131749771,-184.73,-339.69,0.468666666666667,1.53266666666667
1841,28117.391,-105.82,176.11,188.250034212194,497.932958238356,188.250034212194,497.932958238356,-177.27,-316.67,0.497333333333332,1.53466666666667
1842,28132.459,-110.03,146.17,187.732823886606,443.614103134695,187.732823886606,443.614103134695,-169.72,-293.41,0.503333333333334,1.55066666666667
1843,28147.563,-113.98,118.1,187.079083002752,391.43390259404,187.079083002752,391.43390259404,-162.22,-270.35,0.5,1.53733333333333
1844,28162.621,-118.21,87.95,186.211603607321,337.058848422646,186.211603607321,337.058848422646,-154.68,-247.13,0.502666666666666,1.548
1845,28177.658,-122.42,58,184.98748640328,282.499625663469,184.98748640328,282.499625663469,-146.98,-223.43,0.513333333333334,1.58
1846,28192.813,-126.62,28.1,183.228007106833,228.913203201563,183.228007106833,228.913203201563,-139.51,-200.45,0.498,1.532
1847,28207.901,-130.56,0.1,180.483823827499,177.636333276726,180.483823827499,177.636333276726,-132.06,-177.53,0.496666666666666,1.528
1848,28222.949,-134.74,-29.68,175.628341563133,126.728707087226,175.628341563133,126.728707087226,-125.08,-156.04,0.465333333333334,1.43266666666667
1849,28238.942,-138.96,-59.66,163.05501900142,75.0377591616381,163.05501900142,75.0377591616381,-117.09,-131.44,0.532666666666666,1.64
1850,28255.097,-143.45,-91.6,113.733300884617,37.5670933131644,113.733300884617,37.5670933131644,-109.06,-106.72,0.535333333333333,1.648
1851,28271.172,-147.65,-121.53,49.8116683177958,60.948195215281,49.8116683177958,60.948195215281,-101.09,-82.2,0.531333333333333,1.63466666666667
1852,28287.139,-151.88,-151.59,32.0114038570234,110.962698687442,32.0114038570234,110.962698687442,-93.06,-57.5,0.535333333333333,1.64666666666667
1853,28301.276,-156.08,-181.5,25.6895997048596,161.570299250821,25.6895997048596,161.570299250821,-86.04,-35.9,0.468,1.44
1854,28316.387,-160.03,-209.59,22.5423529489421,211.520962790925,22.5423529489421,211.520962790925,-78.94,-14.23,0.473333333333334,1.44466666666667
1855,28331.495,-164.26,-239.69,20.559072151193,265.851943758175,20.559072151193,265.851943758175,-70.9,9.23,0.536,1.564
1856,28346.599,-168.75,-271.67,19.1904859410061,321.834004729146,19.1904859410061,321.834004729146,-62.96,32.28,0.529333333333334,1.53666666666667
1857,28362.64,-172.96,-301.6,18.2871806945412,377.653103257474,18.2871806945412,377.653103257474,-54.46,56.98,0.566666666666667,1.64666666666667
1858,28376.754,-177.19,-331.67,17.6030463667269,430.162537304215,17.6030463667269,430.162537304215,-47.1,78.35,0.490666666666667,1.42466666666667
1859,28392.805,-181.38,-361.47,17.0859910578824,485.727648173336,17.0859910578824,485.727648173336,-38.67,102.82,0.562,1.63133333333333
1860,28407.838,-185.86,-393.37,16.631847704309,542.308208309629,16.631847704309,542.308208309629,-30.64,126.25,0.535333333333333,1.562
1861,28422.979,-190.34,-425.24,16.2310589689021,598.400877422485,16.2310589689021,598.400877422485,-23.08,149.31,0.504,1.53733333333333
1862,28438.953,-194.36,-457.19,15.8579535435705,656.130969929023,15.8579535435705,656.130969929023,-15.07,173.97,0.534,1.644
1863,28454.119,-197.37,-488.76,15.4717919579336,712.240229768019,15.4717919579336,712.240229768019,-7.37,197.67,0.513333333333333,1.58
1864,28470.089,-170.38,-492.47,13.4802205112333,735.533618878158,13.4802205112333,735.533618878158,1.08,222.8,0.563333333333333,1.67533333333334
1865,28486.156,-144.4,-489.47,11.8045900568914,753.270924435558,11.8045900568914,753.270924435558,9.7,247.87,0.574666666666667,1.67133333333333
1866,28502.288,-112.46,-485.55,8.99621592408774,762.682002934381,8.99621592408774,762.682002934381,6.8,267.75,-0.193333333333333,1.32533333333333
1867,28518.348,-82.46,-481.87,4.96693646503158,752.244809420444,4.96693646503158,752.244809420444,-17.33,267.55,-1.60866666666667,-0.0133333333333326
1868,28534.443,-50.6,-477.96,3.06548376560721,734.330777851507,3.06548376560721,734.330777851507,-11.33,255.32,0.4,-0.815333333333335
1869,28549.52,-18.45,-474.01,2.42983592279317,727.664251286265,2.42983592279317,727.664251286265,12.4,253,1.582,-0.154666666666666
1870,28564.584,11.49,-470.33,1.98596979674693,722.844181411181,1.98596979674693,722.844181411181,36.54,252.08,1.60933333333333,-0.0613333333333325
1871,28579.139,39.61,-466.88,1.68939704423666,718.422274501564,1.68939704423666,718.422274501564,60.79,251.23,1.61666666666667,-0.0566666666666682
1872,28594.24,71.54,-462.96,0.942784292305802,713.50659120992,0.942784292305802,713.50659120992,83.28,250.45,1.49933333333333,-0.0520000000000001
1873,28610.343,99.66,-459.65,0.770694411872341,709.254162976856,0.770694411872341,709.254162976856,109.2,249.54,1.728,-0.0606666666666664
1874,28625.415,131.68,-456.26,0.130852877662022,704.961838470708,0.130852877662022,704.961838470708,133.29,248.7,1.606,-0.0560000000000002
1875,28640.383,143.03,-443.25,1.16883511186235,691.713927140404,1.16883511186235,691.713927140404,157.14,248.32,1.59,-0.025333333333333
1876,28655.74,122.9,-418.39,2.39650870568609,686.360304504857,2.39650870568609,686.360304504857,151.6,267.37,-0.369333333333333,1.27
1877,28670.81,103.48,-395.24,2.71651682315692,681.726087002691,2.71651682315692,681.726087002691,135.79,285.72,-1.054,1.22333333333334
1878,28685.912,83.98,-372,2.99063511461358,676.981998283559,2.99063511461358,676.981998283559,119.3,304.06,-1.09933333333333,1.22266666666667
1879,28701.013,64.56,-348.86,3.16567223546329,673.447661292249,3.16567223546329,673.447661292249,101.75,323.56,-1.17,1.3
1880,28717.111,25.7,-302.55,5.06607818273248,648.663992603258,5.06607818273248,648.663992603258,82.98,343.58,-1.25133333333333,1.33466666666667
1881,28733.221,4.94,-277.81,6.08659646639119,609.536091548318,6.08659646639119,609.536091548318,69.57,328.29,-0.894000000000001,-1.01933333333333
1882,28749.27,-14.56,-254.57,7.76319722503393,563.595459350056,7.76319722503393,563.595459350056,61.57,303.86,-0.533333333333333,-1.62866666666667
1883,28765.259,-33.9,-231.52,9.7671169875107,518.261988669823,9.7671169875107,518.261988669823,54.02,279.23,-0.503333333333333,-1.642
1884,28781.425,-53.34,-208.35,12.1690236156615,473.632521793004,12.1690236156615,473.632521793004,46.5,254.64,-0.501333333333334,-1.63933333333334
1885,28796.483,-71.5,-186.7,14.8553229052152,432.640449796364,14.8553229052152,432.640449796364,39.42,231.48,-0.472,-1.544
1886,28811.503,-92.26,-161.97,18.5981815780224,390.713639639058,18.5981815780224,390.713639639058,32.35,208.34,-0.471333333333333,-1.54266666666667
1887,28826.652,-110.42,-140.33,22.6266114484622,352.772310137857,22.6266114484622,352.772310137857,25.3,185.29,-0.47,-1.53666666666667
1888,28841.678,-131.2,-115.57,28.2821746952912,315.355641300421,28.2821746952912,315.355641300421,18.22,162.14,-0.472,-1.54333333333333
1889,28857.832,-151.85,-90.95,35.4364528030558,280.303718847967,35.4364528030558,280.303718847967,10.67,137.43,-0.503333333333333,-1.64733333333333
1890,28873.866,-172.69,-66.11,44.5136737412365,250.756168618042,44.5136737412365,250.756168618042,3.11,112.7,-0.504,-1.64866666666667
1891,28888.628,-193.43,-41.4,55.244964766058,229.954632482149,55.244964766058,229.954632482149,-4.5,89.69,-0.507333333333333,-1.534
1892,28903.69,-193.43,-41.4,59.0581653140993,210.670592394857,59.0581653140993,210.670592394857,-12.74,66.92,-0.549333333333333,-1.518
1893,28918.702,-214.1,-16.76,72.490482097213,202.450124722115,72.490482097213,202.450124722115,-21.03,44.15,-0.552666666666667,-1.518
1894,28933.818,-234.88,8,86.2353080219087,206.064662909486,86.2353080219087,206.064662909486,-29.26,21.53,-0.548666666666667,-1.508
1895,28948.961,-252.94,29.53,98.6218130829874,217.194431788663,98.6218130829874,217.194431788663,-38.2,-3.03,-0.596,-1.63733333333333
1896,28963.985,-273.7,54.17,108.980248277425,240.897410737434,108.980248277425,240.897410737434,-45.9,-24.18,-0.513333333333333,-1.41
1897,28980.142,-313.16,99.94,119.9589712021,298.089797208828,119.9589712021,298.089797208828,-54.9,-48.92,-0.6,-1.64933333333333
1898,28995.209,-320.72,124.16,127.296236127477,323.614959017657,127.296236127477,323.614959017657,-63.28,-71.93,-0.558666666666667,-1.534
1899,29010.272,-304.5,149.35,136.394839753088,337.545517523193,136.394839753088,337.545517523193,-71.7,-95.07,-0.561333333333334,-1.54266666666667
1900,29026.262,-304.5,149.35,140.269446105416,350.090260504345,140.269446105416,350.090260504345,-80.73,-119.89,-0.602,-1.65466666666667
1901,29042.324,-286.42,176.17,148.414365684807,375.90759569341,148.414365684807,375.90759569341,-89.53,-144.05,-0.586666666666666,-1.61066666666667
1902,29058.428,-250.29,229.74,159.193811350445,426.792269845648,159.193811350445,426.792269845648,-98.69,-169.22,-0.610666666666667,-1.678
1903,29073.483,-250.29,229.74,161.184320106131,444.958101960173,161.184320106131,444.958101960173,-106.78,-191.44,-0.539333333333334,-1.48133333333333
1904,29088.541,-233.41,254.77,165.871326008185,484.104162861672,165.871326008185,484.104162861672,-115.24,-214.69,-0.564,-1.55
1905,29103.688,-215.36,281.52,169.957942904841,526.922439169182,169.957942904841,526.922439169182,-123.48,-237.33,-0.549333333333334,-1.50933333333333
1906,29118.747,-198.48,306.55,173.309331266528,571.028913891407,173.309331266528,571.028913891407,-131.95,-260.59,-0.564666666666666,-1.55066666666666
1907,29133.808,-180.41,333.33,176.277611356956,618.124040383482,176.277611356956,618.124040383482,-140.28,-283.49,-0.555333333333334,-1.52666666666667
1908,29148.913,-163.57,358.3,178.703316428974,664.620195374772,178.703316428974,664.620195374772,-148.53,-306.15,-0.55,-1.51066666666666
1909,29163.989,-145.46,385.15,180.931960108136,715.64466888254,180.931960108136,715.64466888254,-157.1,-330.4,-0.571333333333333,-1.61666666666667
1910,29179.056,-127.43,411.88,181.005246786018,750.115448181145,181.005246786018,750.115448181145,-140.59,-338.12,1.10066666666667,-0.514666666666669
1911,29194.154,-110.66,436.75,180.392019587373,773.168097246647,180.392019587373,773.168097246647,-115.95,-336.4,1.64266666666667,0.114666666666668
1912,29209.223,-93.57,461.65,179.88401096567,795.301629634946,179.88401096567,795.301629634946,-91.96,-333.65,1.59933333333333,0.183333333333333
1913,29224.291,-76.2,486.47,179.4264934425,817.230939514652,179.4264934425,817.230939514652,-68.02,-330.72,1.596,0.19533333333333
1914,29239.402,-70.07,509.1,178.197970565792,837.304091116244,178.197970565792,837.304091116244,-43.74,-327.79,1.61866666666667,0.195333333333334
1915,29255.416,-97.21,509.92,174.606174089438,839.246097995099,174.606174089438,839.246097995099,-18.32,-325.61,1.69466666666667,0.145333333333334
1916,29271.534,-127.07,506.67,170.807059904117,845.145078965736,170.807059904117,845.145078965736,7.95,-327.62,1.75133333333333,-0.133999999999999
1917,29287.56,-157.27,502.98,167.072137766099,854.981634013269,167.072137766099,854.981634013269,34.01,-330.33,1.73733333333333,-0.180666666666665
1918,29302.857,-187.26,499.29,163.479209691103,868.150178828525,163.479209691103,868.150178828525,59.61,-333.02,1.70666666666667,-0.179333333333333
1919,29317.917,-217.28,495.93,160.0849181428,884.39835063166,160.0849181428,884.39835063166,83.97,-335.58,1.624,-0.170666666666667
1920,29332.97,-248.11,496.46,156.986228854007,906.529885056196,156.986228854007,906.529885056196,106.3,-337.92,1.48866666666667,-0.156000000000002
1921,29348.017,-273.91,511.48,154.663077093564,942.491081018807,154.663077093564,942.491081018807,129.42,-340.35,1.54133333333333,-0.162
1922,29364.134,-299.5,527.46,152.410470122512,982.242541636229,152.410470122512,982.242541636229,155.41,-343.09,1.73266666666667,-0.182666666666663
1923,29380.213,-325.16,543.5,150.319475986801,1023.64194545749,150.319475986801,1023.64194545749,181.71,-345.84,1.75333333333333,-0.183333333333333
1924,29396.242,-352.55,560.61,148.365102504288,1067.35007912119,148.365102504288,1067.35007912119,207.28,-348.14,1.70466666666667,-0.153333333333334
1925,29412.339,-379.82,577.65,146.562564282997,1112.10704592678,146.562564282997,1112.10704592678,232.98,-350.39,1.71333333333333,-0.15
1926,29428.464,-401.75,595.52,145.117539356255,1156.33158518653,145.117539356255,1156.33158518653,259.55,-353.05,1.77133333333333,-0.177333333333335
1927,29443.532,-372.76,590.23,145.790444151704,1119.29232718714,145.790444151704,1119.29232718714,256.53,-335.41,-0.201333333333336,1.176
1928,29458.584,-344.8,579.02,146.927632792379,1070.73899602097,146.927632792379,1070.73899602097,239.5,-318.24,-1.13533333333333,1.14466666666667
1929,29473.673,-316.87,567.74,148.216306510118,1021.31348233537,148.216306510118,1021.31348233537,221.07,-300.42,-1.22866666666667,1.188
1930,29488.735,-288.76,556.38,149.629719673663,973.068287685916,149.629719673663,973.068287685916,203.21,-283.16,-1.19066666666667,1.15066666666667
1931,29503.83,-260.81,545.09,151.198787327574,924.835389947855,151.198787327574,924.835389947855,184.75,-265.34,-1.23066666666667,1.188
1932,29518.905,-232.75,533.75,152.895909156624,879.417372184562,152.895909156624,879.417372184562,167.92,-249.09,-1.122,1.08333333333333
1933,29535.066,-176.54,511.04,156.316820996568,809.800986909747,156.316820996568,809.800986909747,148.74,-230.56,-1.27866666666667,1.23533333333333
1934,29550.052,-148.55,499.73,158.668402478706,763.87231164639,158.668402478706,763.87231164639,129.32,-211.81,-1.29466666666667,1.25
1935,29565.14,-122.51,489.21,161.138928167394,721.986930906647,161.138928167394,721.986930906647,110.89,-194.01,-1.22866666666667,1.18666666666667
1936,29580.24,-94.38,477.84,164.040958254642,680.559801413513,164.040958254642,680.559801413513,92.74,-176.49,-1.21,1.168
1937,29595.363,-66.51,466.58,167.280029113913,641.4116165147,167.280029113913,641.4116165147,74.72,-159.09,-1.20133333333333,1.16
1938,29610.441,-38.41,455.23,170.957920882513,604.289392013462,170.957920882513,604.289392013462,56.56,-141.55,-1.21066666666667,1.16933333333333
1939,29625.497,-10.31,443.88,175.062439162552,570.69781040407,175.062439162552,570.69781040407,38.81,-124.7,-1.18333333333333,1.12333333333333
1940,29640.58,17.63,432.59,179.627081052572,540.821455288157,179.627081052572,540.821455288157,21.15,-108.22,-1.17733333333333,1.09866666666667
1941,29655.675,45.71,421.25,184.703741087814,514.733604984171,184.703741087814,514.733604984171,3.5,-91.75,-1.17666666666667,1.098
1942,29670.708,73.71,409.93,190.112600362785,493.953774456679,190.112600362785,493.953774456679,-13.02,-76.35,-1.10133333333333,1.02666666666667
1943,29685.809,103.73,398.19,196.385271432055,477.179936816292,196.385271432055,477.179936816292,-30.88,-59.61,-1.19066666666667,1.116
1944,29700.871,131.88,387.37,203.048577360736,465.401489683907,203.048577360736,465.401489683907,-50.33,-40.88,-1.29666666666667,1.24866666666667
1945,29715.945,158.1,377.31,209.413062126733,460.474270725303,209.413062126733,460.474270725303,-68.04,-23.81,-1.18066666666667,1.138
1946,29731.007,186.41,366.44,216.066466207286,462.271447744721,216.066466207286,462.271447744721,-85.74,-7.23,-1.18,1.10533333333333
1947,29746.041,214.48,355.67,220.954545363098,454.947610280569,220.954545363098,454.947610280569,-83.72,12.08,0.134666666666666,1.28733333333333
1948,29761.079,242.86,344.78,224.880859262912,442.06997319429,224.880859262912,442.06997319429,-69.08,31.54,0.976,1.29733333333333
1949,29776.241,270.96,333.99,228.886531759023,432.938904234766,228.886531759023,432.938904234766,-55.22,49.31,0.924,1.18466666666667
1950,29792.33,299.27,323.1,233.194384827951,422.482265900002,233.194384827951,422.482265900002,-39,69.99,1.08133333333333,1.37866666666667
1951,29807.358,327.28,311.84,237.653023879416,414.264073870762,237.653023879416,414.264073870762,-22.7,90.19,1.08666666666667,1.34666666666667
1952,29822.406,355.19,300.56,241.989702616612,412.963184436579,241.989702616612,412.963184436579,-9.4,106.62,0.886666666666667,1.09533333333333
1953,29838.497,383.27,289.22,246.666638474837,409.74023112211,246.666638474837,409.74023112211,7.04,126.93,1.096,1.354
1954,29854.612,411.24,277.93,251.383455699797,409.074292763552,251.383455699797,409.074292763552,23.57,147.34,1.102,1.36066666666667
1955,29870.737,439.43,267.03,256.018101145609,411.687431190217,256.018101145609,411.687431190217,39.94,167.56,1.09133333333333,1.348
1956,29886.749,467.78,256.14,260.568390789312,417.098374607238,260.568390789312,417.098374607238,56.32,187.79,1.092,1.34866666666667
1957,29902.819,495.82,245.03,265.019454158403,424.91437749269,265.019454158403,424.91437749269,72.51,208.14,1.07933333333333,1.35666666666667
1958,29918.936,516.12,229.71,269.875347998976,427.471011648743,269.875347998976,427.471011648743,88.65,228.78,1.076,1.376
1959,29935.047,501.61,203.86,276.566431916892,399.369892956392,276.566431916892,399.369892956392,104.86,249.53,1.08066666666667,1.38333333333333
1960,29951.103,484.72,178.76,284.036243467927,375.202611931207,284.036243467927,375.202611931207,120.72,269.76,1.05733333333333,1.34866666666667
1961,29967.262,467.81,153.69,292.43232531809,357.685762227126,292.43232531809,357.685762227126,137.19,290.18,1.098,1.36133333333333
1962,29983.357,450.9,128.62,301.436188368487,348.59644433069,301.436188368487,348.59644433069,153.47,310.43,1.08533333333333,1.35
1963,29999.447,433.95,103.49,307.927182710622,334.054874085082,307.927182710622,334.054874085082,170.45,308.82,1.132,-0.107333333333334
1964,30015.458,417.12,78.53,311.097170014456,314.571791488048,311.097170014456,314.571791488048,180.06,285.31,0.640666666666668,-1.56733333333333
1965,30031.597,401.32,55.1,313.961110244058,296.00820140665,313.961110244058,296.00820140665,188.25,260.58,0.546,-1.64866666666667
1966,30047.653,367.5,4.96,323.45045206038,287.598495302044,323.45045206038,287.598495302044,196.23,236,0.531999999999999,-1.63866666666667
1967,30062.734,350.51,-20.23,327.780085793675,274.03999288425,327.780085793675,274.03999288425,204.4,211.61,0.544666666666668,-1.626
1968,30079.872,333.68,-45.17,330.153157628999,277.405363502583,330.153157628999,277.405363502583,195.62,195.44,-0.585333333333333,-1.078
1969,30095.946,316.74,-70.29,330.894394388422,301.158956366899,330.894394388422,301.158956366899,170.25,192.84,-1.69133333333333,-0.173333333333333
1970,30111.963,299.82,-95.37,331.716779777416,325.306317952787,331.716779777416,325.306317952787,145.68,191.1,-1.638,-0.116000000000001
1971,30128.054,281.8,-122.08,332.530261571841,350.936477585332,332.530261571841,350.936477585332,119.92,189.29,-1.71733333333333,-0.120666666666667
1972,30144.148,263.78,-148.8,333.220677347107,376.690645623169,333.220677347107,376.690645623169,94.06,187.49,-1.724,-0.119999999999999
1973,30160.25,246.92,-173.8,333.604776024431,401.340187870589,333.604776024431,401.340187870589,68.5,185.7,-1.704,-0.119333333333335
1974,30176.353,229.95,-198.96,333.943605961259,426.175573678267,333.943605961259,426.175573678267,42.75,183.9,-1.71666666666667,-0.119999999999999
1975,30192.439,213.06,-224,334.218481541029,450.981053482294,334.218481541029,450.981053482294,16.91,182.09,-1.72266666666667,-0.120666666666667
1976,30208.055,196.14,-249.09,334.491143850111,475.768519555466,334.491143850111,475.768519555466,-8.75,180.3,-1.71066666666667,-0.119333333333333
1977,30225.114,178.13,-275.79,334.914512986659,501.592059347036,334.914512986659,501.592059347036,-34.53,178.49,-1.71866666666667,-0.120666666666667
1978,30240.16,160.11,-302.51,335.286755852281,527.558234889761,335.286755852281,527.558234889761,-60.45,176.73,-1.728,-0.117333333333335
1979,30256.242,141.99,-329.36,335.617747697764,554.088256959124,335.617747697764,554.088256959124,-86.75,175.31,-1.75333333333333,-0.0946666666666658
1980,30272.322,124.01,-356.01,335.900325931759,580.542079525679,335.900325931759,580.542079525679,-113.04,173.93,-1.75266666666667,-0.0919999999999997
1981,30288.394,107.08,-381.12,336.064207479161,605.798232417362,336.064207479161,605.798232417362,-138.7,172.58,-1.71066666666667,-0.0899999999999996
1982,30303.459,90.18,-406.18,336.314685638088,630.499778350477,336.314685638088,630.499778350477,-163.1,171.21,-1.62666666666667,-0.0913333333333336
1983,30318.598,73.31,-431.18,336.54692767257,654.827700467841,336.54692767257,654.827700467841,-187.31,169.55,-1.614,-0.110666666666666
1984,30333.659,56.35,-456.33,336.788339334779,679.219307440535,336.788339334779,679.219307440535,-211.35,167.91,-1.60266666666667,-0.109333333333334
1985,30348.702,39.52,-481.28,337.382570889876,705.660000637701,337.382570889876,705.660000637701,-231.86,170.11,-1.36733333333333,0.146666666666668
1986,30363.746,21.41,-508.13,341.121803399638,726.795373953357,341.121803399638,726.795373953357,-213.75,179.57,1.20733333333333,0.630666666666665
1987,30380.044,3.42,-534.8,345.034086128178,741.429564624988,345.034086128178,741.429564624988,-188.05,181.48,1.71333333333333,0.127333333333333
1988,30395.602,-13.31,-560.14,348.535161160397,758.02497247782,348.535161160397,758.02497247782,-163.98,182.76,1.60466666666667,0.0853333333333334
1989,30410.701,-29.88,-585.36,351.804213027291,777.167431767441,351.804213027291,777.167431767441,-140.67,183.87,1.554,0.0740000000000009
1990,30425.693,-8.17,-580.66,352.101200882,772.791984689282,352.101200882,772.791984689282,-114.37,184.8,1.75333333333333,0.0620000000000005
1991,30440.817,16.9,-563.84,351.920311351107,757.024570341016,351.920311351107,757.024570341016,-89.5,185.67,1.658,0.0579999999999984
1992,30455.883,42,-546.91,351.829657398439,741.011319886545,351.829657398439,741.011319886545,-63.31,186.58,1.746,0.0606666666666683
1993,30470.991,66.83,-529.82,351.623903385038,724.993365279987,351.623903385038,724.993365279987,-38.78,187.44,1.63533333333333,0.0573333333333324
1994,30486.088,91.65,-512.45,351.371060002324,709.035770959407,351.371060002324,709.035770959407,-14.73,188.56,1.60333333333333,0.074666666666667
1995,30501.18,116.38,-495.13,351.115538780278,693.267976615104,351.115538780278,693.267976615104,9.31,189.82,1.60266666666667,0.0839999999999994
1996,30516.242,141.29,-477.91,350.84783256049,677.555693504232,350.84783256049,677.555693504232,33.52,191.02,1.614,0.0800000000000011
1997,30531.296,166.33,-461,350.547639552799,661.88677279426,350.547639552799,661.88677279426,57.63,191.9,1.60733333333333,0.0586666666666664
1998,30546.406,191.09,-443.97,348.165131497009,637.470873060095,348.165131497009,637.470873060095,60.35,179.95,0.181333333333333,-0.796666666666668
1999,30561.455,215.15,-425.7,343.615754758006,616.745045298298,343.615754758006,616.745045298298,41.18,166,-1.278,-0.929999999999999
2000,30576.479,238.89,-407.16,338.696054271688,601.213175005339,338.696054271688,601.213175005339,20.46,152.97,-1.38133333333333,-0.868666666666667
2001,30591.619,262.69,-388.56,333.588146889663,590.417971440572,333.588146889663,590.417971440572,0.06,140.23,-1.36,-0.849333333333334
2002,30606.663,286.6,-369.89,328.278307361524,584.449715202258,328.278307361524,584.449715202258,-20.7,127.25,-1.384,-0.865333333333333
2003,30621.791,308.82,-352.53,323.139331067414,583.592007570357,323.139331067414,583.592007570357,-41.26,114.4,-1.37066666666667,-0.856666666666666
2004,30636.806,332.65,-333.91,317.817746876039,587.587833179007,317.817746876039,587.587833179007,-61.91,101.5,-1.37666666666667,-0.86
2005,30652.947,356.47,-315.3,312.624262957054,596.525964648648,312.624262957054,596.525964648648,-82.46,88.66,-1.37,-0.856
2006,30667.995,380.16,-296.79,307.484741118847,610.763165965336,307.484741118847,610.763165965336,-104.49,74.89,-1.46866666666667,-0.918
2007,30683.053,404.07,-278.11,302.873627958181,628.311683482012,302.873627958181,628.311683482012,-123.63,62.93,-1.276,-0.797333333333333
2008,30698.099,426.29,-261.03,298.490684776535,650.544387417185,298.490684776535,650.544387417185,-145.47,49.29,-1.456,-0.909333333333333
2009,30713.19,453.71,-240.36,294.171802591818,677.60086164349,294.171802591818,677.60086164349,-164.48,37.1,-1.26733333333333,-0.812666666666667
2010,30729.293,477.7,-222.15,290.277358726296,707.688304622876,290.277358726296,707.688304622876,-186.13,23.11,-1.44333333333333,-0.932666666666667
2011,30745.33,501.51,-203.59,287.329665165862,712.796167217529,287.329665165862,712.796167217529,-178.93,8.73,0.479999999999999,-0.958666666666667
2012,30761.38,496.77,-181.13,285.740730713445,675.636969163174,285.740730713445,675.636969163174,-153.53,2.16,1.69333333333333,-0.438
2013,30777.545,471.92,-164.26,285.019273649638,620.890418995172,285.019273649638,620.890418995172,-127.76,-3.36,1.718,-0.368
2014,30792.594,448.26,-148.88,284.276919987717,568.14713948061,284.276919987717,568.14713948061,-102.34,-8.77,1.69466666666667,-0.360666666666667
2015,30807.87,421.26,-131.34,283.228344351861,514.655975288347,283.228344351861,514.655975288347,-79.74,-13.57,1.50666666666667,-0.32
2016,30822.947,394.22,-113.78,281.934836619545,458.174154006967,281.934836619545,458.174154006967,-54.05,-19.03,1.71266666666667,-0.364
2017,30839.048,367.19,-96.23,280.280513427686,402.257932302149,280.280513427686,402.257932302149,-28.61,-24.44,1.696,-0.360666666666667
2018,30855.135,341.76,-79.71,278.241482951047,349.923765554728,278.241482951047,349.923765554728,-4.55,-29.55,1.604,-0.340666666666667
2019,30870.26,316.47,-63.29,275.504533292431,298.255371284408,275.504533292431,298.255371284408,19.59,-34.68,1.60933333333333,-0.342
2020,30886.27,291.17,-46.86,271.530608564516,245.217494074138,271.530608564516,245.217494074138,46.04,-40.31,1.76333333333333,-0.375333333333334
2021,30901.486,265.63,-30.27,265.604202049823,196.487993780791,265.604202049823,196.487993780791,69.72,-45.33,1.57866666666667,-0.334666666666666
2022,30917.464,238.61,-12.73,255.306171534984,148.35183483867,255.306171534984,148.35183483867,95.11,-50.36,1.69266666666667,-0.335333333333333
2023,30933.547,211.66,4.77,236.676350593958,109.289267542609,236.676350593958,109.289267542609,120.34,-55.27,1.682,-0.327333333333334
2024,30948.625,184.64,22.32,206.24410886194,91.8143915734347,206.24410886194,91.8143915734347,144.04,-60.03,1.58,-0.317333333333333
2025,30963.683,157.58,39.9,174.50091128122,105.395057284486,174.50091128122,105.395057284486,167.68,-65.01,1.576,-0.332
2026,30978.882,130.52,57.47,161.312486464865,147.780995395213,161.312486464865,147.780995395213,177.87,-82.52,0.679333333333333,-1.16733333333333
2027,30993.904,106.88,72.82,158.149621654918,193.372054082279,158.149621654918,193.372054082279,178.85,-106.66,0.0653333333333327,-1.60933333333333
2028,31009.042,79.92,90.33,155.889372291076,242.692912957919,155.889372291076,242.692912957919,179.06,-131.19,0.0140000000000005,-1.63533333333333
2029,31024.161,56.26,105.69,154.831718778362,288.77559748012,154.831718778362,288.77559748012,179.07,-155.67,0.00066666666666606,-1.632
2030,31040.204,30.78,122.24,154.023031325068,338.554052700599,154.023031325068,338.554052700599,179.07,-182.11,0,-1.76266666666667
2031,31055.308,5.46,138.68,153.328949929896,386.77333995507,153.328949929896,386.77333995507,179.07,-206.94,0,-1.65533333333333
2032,31070.384,-19.75,155.06,152.758304888649,434.739819202244,152.758304888649,434.739819202244,179.25,-231.46,0.0120000000000005,-1.63466666666667
2033,31085.527,-45.21,171.59,152.31752952834,484.102392165129,152.31752952834,484.102392165129,179.69,-257.1,0.0293333333333332,-1.70933333333333
2034,31100.576,-70.65,188.11,151.903065609798,532.141813147586,151.903065609798,532.141813147586,179.97,-281.32,0.0186666666666667,-1.61466666666666
2035,31115.701,-94.26,203.44,151.887202098699,572.718377040584,151.887202098699,572.718377040584,175.61,-301.71,-0.290666666666666,-1.35933333333333
2036,31130.7,-122.89,222.04,150.842204142549,581.897332611175,150.842204142549,581.897332611175,160.62,-286.12,-0.999333333333334,1.03933333333333
2037,31145.855,-148.27,238.51,149.324091943343,584.419673864595,149.324091943343,584.419673864595,149.89,-264.13,-0.715333333333335,1.466
2038,31160.959,-173.75,255.06,147.779058921897,587.731643949856,147.779058921897,587.731643949856,139.62,-242.16,-0.684666666666665,1.46466666666667
2039,31175.942,-199.1,271.53,146.25916098071,591.551936012384,146.25916098071,591.551936012384,129.47,-220.38,-0.676666666666667,1.452
2040,31190.998,-224.46,288,144.754247906321,595.493233714708,144.754247906321,595.493233714708,119.19,-198.33,-0.685333333333334,1.47
2041,31206.051,-249.87,304.49,143.271981437791,600.099839860002,143.271981437791,600.099839860002,109,-176.48,-0.679333333333333,1.45666666666667
2042,31221.198,-275.21,320.95,141.811541874072,604.836156078652,141.811541874072,604.836156078652,98.73,-154.44,-0.684666666666666,1.46933333333333
2043,31236.245,-298.81,336.28,140.416947841784,608.588207000432,140.416947841784,608.588207000432,88.98,-132.76,-0.65,1.44533333333333
2044,31251.265,-324.14,352.88,138.957925875958,613.740458255768,138.957925875958,613.740458255768,78.85,-110.02,-0.675333333333334,1.516
2045,31266.363,-349.31,369.83,137.556826800475,619.448251268821,137.556826800475,619.448251268821,68.73,-87.29,-0.674666666666666,1.51533333333333
2046,31281.536,-376.03,387.86,136.14396759097,627.2509530483,136.14396759097,627.2509530483,58.56,-64.44,-0.678,1.52333333333333
2047,31296.515,-401.05,404.73,134.793974611523,633.204074055119,134.793974611523,633.204074055119,48.3,-41.4,-0.684,1.536
2048,31311.659,-426.11,421.61,133.530712754273,640.34016225753,133.530712754273,640.34016225753,38.14,-19.42,-0.677333333333333,1.46533333333333
2049,31326.77,-451.34,438.06,132.268750340565,647.731434546757,132.268750340565,647.731434546757,27.98,2.39,-0.677333333333333,1.454
2050,31341.827,-476.76,454.56,131.010550027439,655.244316648378,131.010550027439,655.244316648378,17.68,24.59,-0.686666666666667,1.48
2051,31356.863,-501.94,471.3,129.768159698206,662.781769891116,129.768159698206,662.781769891116,7.5,47.33,-0.678666666666667,1.516
2052,31371.919,-524.78,479.8,128.041795911095,680.518340752106,128.041795911095,680.518340752106,11.17,60.44,0.244666666666667,0.874
2053,31386.96,-517.39,452.24,126.534035887345,681.353706234875,126.534035887345,681.353706234875,30.08,46.63,1.26066666666667,-0.920666666666666
2054,31402.088,-504.7,424.79,125.564654728185,678.964171440585,125.564654728185,678.964171440585,47.61,29.89,1.16866666666667,-1.116
2055,31417.191,-492.86,399.4,124.704069035074,678.770891317534,124.704069035074,678.770891317534,65.16,12.95,1.17,-1.12933333333333
2056,31432.254,-479.16,370.02,123.669587345345,675.050767424199,123.669587345345,675.050767424199,82.65,-4.23,1.166,-1.14533333333333
2057,31447.25,-466.43,342.73,122.74386691241,673.32312079714,122.74386691241,673.32312079714,99.9,-21.46,1.15,-1.14866666666667
2058,31462.283,-454.56,317.27,121.903664905921,673.500394357717,121.903664905921,673.500394357717,117.2,-38.67,1.15333333333333,-1.14733333333333
2059,31477.401,-440.88,287.93,120.830930137546,670.235421624372,120.830930137546,670.235421624372,134.64,-55.57,1.16266666666667,-1.12666666666667
2060,31493.499,-428.12,260.56,118.099001242206,636.841244659923,118.099001242206,636.841244659923,133.66,-39.39,-0.0653333333333327,1.07866666666667
2061,31508.531,-411.32,236.54,116.120123052752,588.00074778864,116.120123052752,588.00074778864,116.63,-22.33,-1.13533333333333,1.13733333333333
2062,31523.649,-388.13,217.3,114.651230461217,535.779006120994,114.651230461217,535.779006120994,98.82,-6.17,-1.18733333333333,1.07733333333333
2063,31538.674,-364.71,198.33,112.910533761638,483.696993581726,112.910533761638,483.696993581726,80.83,10.03,-1.19933333333333,1.08
2064,31553.742,-342.74,180.53,110.825134746986,433.875147248607,110.825134746986,433.875147248607,62.79,26.28,-1.20266666666667,1.08333333333333
2065,31568.802,-319.36,161.6,108.071333308051,382.687575183726,108.071333308051,382.687575183726,44.45,42.89,-1.22266666666667,1.10733333333333
2066,31584.955,-295.9,142.6,104.326565741194,331.705680536225,104.326565741194,331.705680536225,25.49,60.52,-1.264,1.17533333333333
2067,31600.001,-272.24,123.44,104.438588928868,296.339758554265,104.438588928868,296.339758554265,14.74,49.55,-0.716666666666667,-0.731333333333334
2068,31615.055,-248.89,104.54,106.752519515768,274.009315170123,106.752519515768,274.009315170123,13.49,25.56,-0.0833333333333333,-1.59933333333333
2069,31630.11,-225.36,85.48,109.469999393577,252.43521862054,109.469999393577,252.43521862054,12.64,1.34,-0.0566666666666666,-1.61466666666667
2070,31645.183,-201.93,66.51,113.065159476619,232.300092552715,113.065159476619,232.300092552715,11.8,-24.5,-0.056,-1.72266666666667
2071,31660.301,-178.46,47.51,116.885344529596,212.800970157563,116.885344529596,212.800970157563,11.34,-48.72,-0.0306666666666667,-1.61466666666667
2072,31675.412,-154.83,28.37,121.421594971763,194.233493764593,121.421594971763,194.233493764593,10.92,-72.89,-0.028,-1.61133333333333
2073,31691.484,-131.41,9.41,126.960249104313,177.560220770307,126.960249104313,177.560220770307,10.47,-97.35,-0.03,-1.63066666666667
2074,31707.529,-107.93,-9.61,133.998479560974,163.437345181571,133.998479560974,163.437345181571,9.64,-123.14,-0.0553333333333333,-1.71933333333333
2075,31723.657,-84.39,-28.67,142.194701129412,152.158277132728,142.194701129412,152.158277132728,8.88,-148.89,-0.0506666666666667,-1.71666666666667
2076,31738.674,-60.76,-47.81,155.890311283339,118.168407368467,155.890311283339,118.168407368467,-12.49,-155.67,-1.42466666666667,-0.452
2077,31753.744,-37.35,-66.77,178.463450534629,88.011646956525,178.463450534629,88.011646956525,-34.99,-154.75,-1.5,0.0613333333333325
2078,31769.934,9.65,-104.83,235.460481378289,85.6828617635989,235.460481378289,85.6828617635989,-60.93,-153.41,-1.72933333333333,0.0893333333333336
2079,31785.967,33.07,-123.79,256.734439505449,123.156179300919,256.734439505449,123.156179300919,-86.8,-152.05,-1.72466666666667,0.0906666666666657
2080,31802.085,56.63,-142.87,267.291413389788,167.597238939071,267.291413389788,167.597238939071,-110.78,-150.79,-1.59866666666667,0.0840000000000013
2081,31818.147,80.14,-161.91,273.292088834229,217.148347909902,273.292088834229,217.148347909902,-136.65,-149.44,-1.72466666666667,0.0899999999999996
2082,31834.229,101.92,-179.54,276.785157946431,266.194386492278,276.785157946431,266.194386492278,-162.41,-148.09,-1.71733333333333,0.0899999999999996
2083,31850.307,125.45,-198.6,279.389427607567,317.878851136718,279.389427607567,317.878851136718,-188.17,-146.74,-1.71733333333333,0.0899999999999996
2084,31866.295,149.01,-217.68,281.266203127911,370.020264580198,281.266203127911,370.020264580198,-213.88,-145.39,-1.714,0.0900000000000015
2085,31882.458,172.41,-236.63,282.661955954989,422.402704773537,282.661955954989,422.402704773537,-239.72,-144.04,-1.72266666666667,0.0899999999999996
2086,31898.449,195.89,-255.64,283.757987231611,474.936436378596,283.757987231611,474.936436378596,-265.42,-142.69,-1.71333333333333,0.0899999999999996
2087,31914.542,217.86,-273.43,284.548400991339,525.840668358772,284.548400991339,525.840668358772,-291.12,-141.34,-1.71333333333333,0.0899999999999996
2088,31930.619,242.85,-293.67,285.353477784126,580.383474781976,285.353477784126,580.383474781976,-316.82,-140,-1.71333333333333,0.0893333333333336
2089,31946.697,267.88,-313.94,286.028160496326,636.160017134054,286.028160496326,636.160017134054,-343.55,-138.29,-1.782,0.114000000000001
2090,31962.823,292.85,-334.16,286.595961576345,692.351487757483,286.595961576345,692.351487757483,-370.66,-136.41,-1.80733333333333,0.125333333333333
2091,31978.902,317.88,-354.43,287.083054770077,747.248659082102,287.083054770077,747.248659082102,-396.4,-134.92,-1.716,0.0993333333333339
2092,31993.966,339.88,-372.24,286.686104070866,764.292715260325,286.686104070866,764.292715260325,-392.23,-152.79,0.277999999999997,-1.19133333333333
2093,32009.052,364.88,-392.48,286.923354023235,773.569413368962,286.923354023235,773.569413368962,-375.19,-167.3,1.136,-0.967333333333335
2094,32025.145,386.88,-410.3,287.020900328856,775.791173061411,287.020900328856,775.791173061411,-354.93,-183.21,1.35066666666667,-1.06066666666667
2095,32041.24,410.43,-429.34,287.174895372796,779.844973889042,287.174895372796,779.844973889042,-334.64,-199.06,1.35266666666667,-1.05666666666667
2096,32057.275,430.39,-437.13,286.61160411394,777.102615167392,286.61160411394,777.102615167392,-314.28,-214.97,1.35733333333333,-1.06066666666667
2097,32073.228,411.87,-412.45,284.426951559847,728.771012733081,284.426951559847,728.771012733081,-293.92,-230.88,1.35733333333333,-1.06066666666667
2098,32089.349,391.03,-390.82,282.229802337856,680.063467993981,282.229802337856,680.063467993981,-273.6,-246.76,1.35466666666667,-1.05866666666667
2099,32105.379,369.91,-368.95,279.750141157194,633.591827283149,279.750141157194,633.591827283149,-254.53,-261.65,1.27133333333333,-0.992666666666666
2100,32121.47,347.62,-345.86,276.702295551594,585.89401473304,276.702295551594,585.89401473304,-234.27,-277.48,1.35066666666667,-1.05533333333334
2101,32137.559,304.18,-300.89,270.836964374754,518.235291445884,270.836964374754,518.235291445884,-214,-293.32,1.35133333333333,-1.056
2102,32153.695,281.78,-277.69,266.395985818093,476.452266864163,266.395985818093,476.452266864163,-193.73,-307.64,1.35133333333333,-0.954666666666666
2103,32169.824,260.78,-255.94,266.227145508469,451.207877812434,266.227145508469,451.207877812434,-189.45,-285.63,0.285333333333333,1.46733333333333
2104,32185.914,241.16,-235.62,266.765837603456,434.622221360114,266.765837603456,434.622221360114,-192.77,-260.14,-0.221333333333335,1.69933333333333
2105,32201.906,218.76,-212.43,266.942878373454,415.701600911038,266.942878373454,415.701600911038,-196.35,-234.6,-0.238666666666666,1.70266666666667
2106,32217.983,197.78,-190.7,267.3627403332,398.15169885359,267.3627403332,398.15169885359,-199.95,-209.02,-0.24,1.70533333333333
2107,32234.096,176.8,-168.97,267.81973391452,380.615535678721,267.81973391452,380.615535678721,-203.54,-183.45,-0.239333333333334,1.70466666666667
2108,32250.089,155.85,-147.28,268.320974771898,363.135911195795,268.320974771898,363.135911195795,-207.13,-157.92,-0.239333333333334,1.702
2109,32266.245,134.73,-125.41,268.839150163315,345.520914707055,268.839150163315,345.520914707055,-210.72,-132.41,-0.239333333333334,1.70066666666667
2110,32282.252,113.77,-103.7,269.441153777563,328.085606054274,269.441153777563,328.085606054274,-214.3,-106.9,-0.238666666666668,1.70066666666667
2111,32297.417,92.85,-82.04,269.846857360806,310.531109230621,269.846857360806,310.531109230621,-217.68,-82.87,-0.225333333333333,1.602
2112,32312.554,71.8,-60.25,270.234793397362,292.832458754148,270.234793397362,292.832458754148,-221.03,-59.05,-0.223333333333333,1.588
2113,32328.615,50.72,-38.42,271.036142642825,275.395030637809,271.036142642825,275.395030637809,-224.63,-33.44,-0.24,1.70733333333333
2114,32344.768,29.72,-16.67,271.995893678933,258.126598784395,271.995893678933,258.126598784395,-228.25,-7.68,-0.241333333333334,1.71733333333333
2115,32360.918,9.95,3.81,273.323394716956,242.187303548307,273.323394716956,242.187303548307,-231.83,17.85,-0.238666666666668,1.702
2116,32376.005,-11.06,25.56,274.179335186192,224.757669502066,274.179335186192,224.757669502066,-235.22,41.94,-0.225999999999999,1.606
2117,32391.132,-32.17,47.42,275.151133933094,207.277122953789,275.151133933094,207.277122953789,-238.61,66.03,-0.226000000000001,1.606
2118,32407.327,-54.72,70.77,276.342875137605,188.634715786888,276.342875137605,188.634715786888,-242.2,91.61,-0.239333333333332,1.70533333333333
2119,32422.533,-75.9,92.71,277.229845369524,170.838287277765,277.229845369524,170.838287277765,-245.38,114.21,-0.212,1.50666666666667
2120,32439.615,-99.9,117.56,279.783176708772,151.777168902309,279.783176708772,151.777168902309,-249.47,143.35,-0.272666666666667,1.94266666666667
2121,32455.737,-122.48,140.94,281.538752989196,133.079587089831,281.538752989196,133.079587089831,-252.87,167.56,-0.226666666666667,1.614
2122,32471.962,-143.76,162.97,285.035127272978,116.725881020449,285.035127272978,116.725881020449,-256.49,193.25,-0.241333333333334,1.71266666666667
