,Time,Xu,Yu,Bs,Rs,Bs_n,Rs_n,Xs,Ys,Vx,Vy
0,82.106,6.62,2.25,294.655898744082,1.34238593556399,294.655898744082,1.34238593556399,5.4,2.81,,
1,97.137,35.34,-21.93,324.834830673163,16.8074388292803,324.834830673163,16.8074388292803,25.66,-8.19,1.35066666666667,-0.733333333333333
2,112.304,59.09,-46.48,329.365099172545,27.7883734680531,329.365099172545,27.7883734680531,44.93,-22.57,1.28466666666667,-0.958666666666667
3,127.364,84.33,-72.62,330.544885583297,40.7124415873084,330.544885583297,40.7124415873084,64.31,-37.17,1.292,-0.973333333333333
4,142.445,109.48,-98.66,331.10503996119,53.6831779983264,331.10503996119,53.6831779983264,83.54,-51.66,1.282,-0.966
5,157.462,134.86,-124.95,331.243704564748,66.786521095203,331.243704564748,66.786521095203,102.73,-66.4,1.27933333333333,-0.982666666666667
6,172.569,161.78,-152.83,330.804129714845,81.939866975728,330.804129714845,81.939866975728,121.81,-81.3,1.272,-0.993333333333333
7,187.556,186.83,-178.77,330.928889925431,94.4031620233136,330.928889925431,94.4031620233136,140.96,-96.26,1.27666666666667,-0.997333333333334
8,202.673,212.1,-204.93,331.074686807377,106.74653062278,331.074686807377,106.74653062278,160.47,-111.5,1.30066666666667,-1.016
9,217.711,237.2,-230.92,331.094450484298,119.474393072323,331.094450484298,119.474393072323,179.45,-126.33,1.26533333333333,-0.988666666666667
10,232.821,262.55,-257.18,331.169624586694,132.035668665706,331.169624586694,132.035668665706,198.88,-141.51,1.29533333333333,-1.012
11,247.874,287.97,-283.5,331.192845855949,144.833670808966,331.192845855949,144.833670808966,218.18,-156.59,1.28666666666667,-1.00533333333333
12,262.919,313.05,-309.47,331.327602747275,157.252737337065,331.327602747275,157.252737337065,237.6,-171.5,1.29466666666667,-0.994
13,277.972,338.33,-335.64,331.217558202744,171.760244527073,331.217558202744,171.760244527073,255.63,-185.1,1.202,-0.906666666666666
14,293.043,361.73,-359.88,331.552118839156,182.257441274698,331.552118839156,182.257441274698,274.91,-199.63,1.28533333333334,-0.968666666666667
15,308.138,376.34,-385.4,334.369872081444,189.939011527385,334.369872081444,189.939011527385,294.18,-214.15,1.28466666666667,-0.968000000000001
16,323.234,339.85,-386.52,350.475782953514,159.792620918489,350.475782953514,159.792620918489,313.41,-228.93,1.282,-0.985333333333333
17,338.27,299.87,-385.13,13.3319368450044,144.627643968918,13.3319368450044,144.627643968918,333.22,-244.4,1.32066666666667,-1.03133333333333
18,353.296,265.08,-383.91,35.0342482567671,152.282147673324,35.0342482567671,152.282147673324,352.5,-259.22,1.28533333333333,-0.988000000000001
19,368.337,227.02,-382.59,42.9045878664403,185.654820028999,42.9045878664403,185.654820028999,353.41,-246.6,0.0606666666666683,0.841333333333336
20,383.524,189.28,-381.27,44.0868121713569,209.415057720308,44.0868121713569,209.415057720308,334.98,-230.85,-1.22866666666667,1.05
21,398.608,151.65,-379.95,45.0892920516275,231.400975149199,45.0892920516275,231.400975149199,315.53,-216.58,-1.29666666666667,0.951333333333332
22,414.632,111.64,-378.56,45.9020082491743,254.681924957387,45.9020082491743,254.681924957387,294.54,-201.33,-1.39933333333333,1.01666666666667
23,429.679,78.69,-377.41,46.2538899025302,273.694649016016,46.2538899025302,273.694649016016,276.41,-188.16,-1.20866666666667,0.878000000000001
24,444.746,37.76,-375.98,47.0172368478876,297.706743289432,47.0172368478876,297.706743289432,255.55,-173.01,-1.39066666666667,1.01
25,459.844,-0.17,-374.65,47.5538006317333,319.930012346451,47.5538006317333,319.930012346451,235.91,-158.73,-1.30933333333333,0.952
26,474.891,-37.52,-373.35,47.9801418308643,341.789746042798,47.9801418308643,341.789746042798,216.4,-144.56,-1.30066666666667,0.944666666666666
27,489.948,-75.17,-372.03,48.3899974688893,363.884562052308,48.3899974688893,363.884562052308,196.9,-130.39,-1.3,0.944666666666668
28,505.002,-113.2,-370.7,48.7684419634646,386.236593035927,48.7684419634646,386.236593035927,177.27,-116.13,-1.30866666666667,0.950666666666666
29,520.15,-150.2,-369.7,48.9826208726302,408.052612294052,48.9826208726302,408.052612294052,157.68,-101.9,-1.306,0.948666666666666
30,535.125,-186.61,-369.06,49.1012017281868,429.69188146857,49.1012017281868,429.69188146857,138.18,-87.73,-1.3,0.944666666666667
31,550.267,-222.97,-368.43,49.391687826716,451.647047261465,49.391687826716,451.647047261465,119.91,-74.46,-1.218,0.884666666666667
32,565.31,-260.09,-367.46,49.5709880451673,473.627494345504,49.5709880451673,473.627494345504,100.44,-60.31,-1.298,0.943333333333333
33,580.443,-300.31,-366.11,49.7911103864226,497.292197807285,49.7911103864226,497.292197807285,79.47,-45.07,-1.398,1.016
34,595.486,-310.79,-349.49,49.3271300051659,488.830390421872,49.3271300051659,488.830390421872,59.96,-30.9,-1.30066666666667,0.944666666666667
35,610.493,-287.64,-322.71,47.1854290636313,448.922138126424,47.1854290636313,448.922138126424,41.67,-17.61,-1.21933333333333,0.886
36,625.603,-263.04,-294.41,44.4182814219541,407.434713420445,44.4182814219541,407.434713420445,22.12,-3.4,-1.30333333333333,0.947333333333333
37,640.626,-238.25,-265.9,40.7958420256066,366.716545031718,40.7958420256066,366.716545031718,1.35,11.72,-1.38466666666667,1.008
38,655.748,-213.74,-237.7,36.6303107475894,328.584872749797,36.6303107475894,328.584872749797,-17.69,25.99,-1.26933333333333,0.951333333333333
39,670.8,-189.07,-209.32,31.0473636733053,292.643782267794,31.0473636733053,292.643782267794,-38.14,41.4,-1.36333333333333,1.02733333333333
40,685.84,-163.94,-180.41,23.9784041571482,259.527566551224,23.9784041571482,259.527566551224,-58.47,56.72,-1.35533333333333,1.02133333333333
41,700.905,-139.31,-152.07,15.1066204419831,232.142250355251,15.1066204419831,232.142250355251,-78.81,72.05,-1.356,1.022
42,715.934,-114.71,-123.78,4.34009310616344,211.426281242423,4.34009310616344,211.426281242423,-98.71,87.04,-1.32666666666667,0.999333333333334
43,731.017,-91.75,-97.37,352.488944679453,200.661746478994,352.488944679453,200.661746478994,-117.98,101.57,-1.28466666666667,0.968666666666666
44,746.115,-66.9,-68.77,338.96186858377,198.919641312767,338.96186858377,198.919641312767,-138.31,116.89,-1.35533333333333,1.02133333333333
45,761.193,-42.12,-40.27,326.033729029277,207.1219128919,326.033729029277,207.1219128919,-157.84,131.51,-1.302,0.974666666666666
46,776.245,-16.63,-11.37,314.350865547608,224.690528950377,314.350865547608,224.690528950377,-177.3,145.7,-1.29733333333333,0.946
47,792.263,7.7,15.66,305.191957520509,250.261310034132,305.191957520509,250.261310034132,-196.82,159.89,-1.30133333333333,0.946
48,808.367,35.52,46.56,296.906120309448,283.981192511053,296.906120309448,283.981192511053,-217.72,175.07,-1.39333333333333,1.012
49,824.444,59.96,73.7,291.32603592555,320.506329422681,291.32603592555,320.506329422681,-238.6,190.26,-1.392,1.01266666666667
50,840.462,88.02,104.86,286.275234202356,362.923612486154,286.275234202356,362.923612486154,-260.36,206.57,-1.45066666666667,1.08733333333333
51,856.597,111.7,131.42,283.032190581394,403.461751966652,283.032190581394,403.461751966652,-281.37,222.4,-1.40066666666667,1.05533333333333
52,872.615,137.91,161.56,279.804687891848,446.532061222932,279.804687891848,446.532061222932,-302.1,237.6,-1.382,1.01333333333333
53,888.692,160.7,187.77,278.09236793191,461.677188628591,278.09236793191,461.677188628591,-296.38,252.76,0.381333333333335,1.01066666666667
54,903.761,186.79,217.32,275.471821876427,460.58880414096,275.471821876427,460.58880414096,-271.7,261.24,1.64533333333333,0.565333333333335
55,918.89,214.46,248.18,272.438194540222,464.720714946085,272.438194540222,464.720714946085,-249.84,267.95,1.45733333333333,0.447333333333332
56,934.98,228.18,244.69,273.900522351835,454.101854873992,273.900522351835,454.101854873992,-224.87,275.58,1.66466666666667,0.508666666666666
57,951.042,207.95,211.81,279.905783008799,414.408007885948,279.905783008799,414.408007885948,-200.28,283.1,1.63933333333333,0.501333333333336
58,967.06,186.74,179.14,287.127411238999,378.882597647345,287.127411238999,378.882597647345,-175.34,290.72,1.66266666666667,0.508
59,983.125,165.77,146.85,295.579507252008,350.747844612052,295.579507252008,350.747844612052,-150.6,298.29,1.64933333333333,0.504666666666666
60,999.237,147.31,118.42,304.450807005306,331.307253769066,304.450807005306,331.307253769066,-125.89,305.84,1.64733333333333,0.50333333333333
61,1014.297,126.26,86.01,314.748627157908,322.344799554762,314.748627157908,322.344799554762,-102.67,312.94,1.548,0.473333333333335
62,1029.339,105.24,53.64,324.987305635229,324.666546628999,324.987305635229,324.666546628999,-81.04,319.55,1.442,0.440666666666668
63,1045.42,84.2,21.25,335.372759985416,336.586554247195,335.372759985416,336.586554247195,-56.06,327.22,1.66533333333333,0.511333333333334
64,1061.487,63.16,-11.16,344.693650377696,359.004548439153,344.693650377696,359.004548439153,-31.61,335.11,1.63,0.525999999999999
65,1077.568,42.07,-43.64,352.747733233972,389.818565617391,352.747733233972,389.818565617391,-7.14,343.06,1.63133333333333,0.529999999999999
66,1093.656,20.8,-76.15,359.535913798828,427.174012786359,359.535913798828,427.174012786359,17.34,351.01,1.632,0.529999999999999
67,1109.741,-1.29,-108.91,5.26918731262182,469.755077141269,5.26918731262182,469.755077141269,41.85,358.86,1.634,0.523333333333335
68,1125.76,-23.29,-141.53,10.092863328333,516.137215282913,10.092863328333,516.137215282913,67.16,366.62,1.68733333333333,0.517333333333333
69,1141.912,-45.21,-174.04,14.045339674983,565.248684120538,14.045339674983,565.248684120538,91.97,374.31,1.654,0.512666666666667
70,1157.95,-66.33,-206.44,17.3006609604707,603.357479857505,17.3006609604707,603.357479857505,113.1,369.62,1.40866666666667,-0.312666666666667
71,1174.06,-84.84,-234.88,19.9188999075765,619.830889356121,19.9188999075765,619.830889356121,126.33,347.87,0.882,-1.45
72,1190.086,-105.16,-265.05,22.5222053163805,637.685541705314,22.5222053163805,637.685541705314,139.1,324,0.851333333333333,-1.59133333333333
73,1205.179,-127.19,-238.95,27.3420428373701,607.139337961229,27.3420428373701,607.139337961229,151.67,300.36,0.838,-1.576
74,1220.329,-144.98,-202.52,32.4757991101447,572.332285477589,32.4757991101447,572.332285477589,162.33,280.31,0.710666666666668,-1.33666666666667
75,1235.379,-160.89,-169.9,38.1993105900037,542.918136738864,38.1993105900037,542.918136738864,174.85,256.76,0.834666666666665,-1.57
76,1250.415,-177.05,-136.54,44.2079644386251,520.232809134526,44.2079644386251,520.232809134526,185.69,236.37,0.722666666666667,-1.35933333333333
77,1265.552,-194.35,-99.5,51.2353046086303,500.779815288116,51.2353046086303,500.779815288116,196.12,214.05,0.695333333333334,-1.488
78,1281.68,-211.23,-63.29,55.4106913005238,469.375776643832,55.4106913005238,469.375776643832,175.18,203.17,-1.396,-0.725333333333335
79,1296.746,-228.57,-26.11,59.5787144288529,441.074685399196,59.5787144288529,441.074685399196,151.78,197.23,-1.56,-0.396
80,1311.788,-245.59,10.38,64.2055210925674,416.666339653205,64.2055210925674,416.666339653205,129.56,191.69,-1.48133333333333,-0.369333333333333
81,1327.826,-262.36,45.08,69.0646808517792,392.875944796828,69.0646808517792,392.875944796828,104.58,185.46,-1.66533333333333,-0.415333333333333
82,1342.91,-279.36,79.94,74.5131467337963,375.36899245942,74.5131467337963,375.36899245942,82.38,180.17,-1.48,-0.352666666666668
83,1357.966,-295.4,113.26,80.1717790763003,357.831556461976,80.1717790763003,357.831556461976,57.18,174.34,-1.68,-0.388666666666666
84,1373.015,-311.48,147.67,86.485828721457,345.539729264234,86.485828721457,345.539729264234,33.41,168.85,-1.58466666666667,-0.366000000000001
85,1388.135,-315.53,184.85,93.9133092262329,323.38398507038,93.9133092262329,323.38398507038,7.1,162.78,-1.754,-0.404666666666666
86,1403.147,-302.77,222.29,102.816290816892,293.563752701181,102.816290816892,293.563752701181,-16.52,157.17,-1.57466666666667,-0.374000000000001
87,1418.264,-288.66,261.14,113.827440956316,271.818061577961,113.827440956316,271.818061577961,-40.01,151.33,-1.566,-0.389333333333332
88,1434.339,-277.04,293.7,124.754397367046,259.955174020445,124.754397367046,259.955174020445,-63.46,145.51,-1.56333333333333,-0.388000000000001
89,1449.375,-258.11,306.86,134.662889770724,237.959692805315,134.662889770724,237.959692805315,-88.86,139.59,-1.69333333333333,-0.394666666666666
90,1464.438,-251.18,268.84,131.76733837873,221.195560534112,131.76733837873,221.195560534112,-86.2,121.5,0.177333333333333,-1.206
91,1479.481,-246.44,230.3,125.616411086704,214.027217194449,125.616411086704,214.027217194449,-72.45,105.66,0.916666666666667,-1.056
92,1495.55,-242.37,196.7,120.393787262718,217.397218243472,120.393787262718,217.397218243472,-54.85,86.71,1.17333333333333,-1.26333333333333
93,1510.607,-212.81,172.74,120.84498256234,204.342718245598,120.84498256234,204.342718245598,-37.37,67.97,1.16533333333333,-1.24933333333333
94,1525.738,-181,150.47,121.910408960394,187.365482680242,121.910408960394,187.365482680242,-21.95,51.43,1.028,-1.10266666666667
95,1540.789,-149.37,128.32,123.440440190565,173.78922089704,123.440440190565,173.78922089704,-4.35,32.55,1.17333333333333,-1.25866666666667
96,1555.879,-121.65,108.91,124.99317859588,162.080939348216,124.99317859588,162.080939348216,11.13,15.96,1.032,-1.106
97,1571.011,-89.63,86.49,127.058542862071,148.21680336588,127.058542862071,148.21680336588,28.65,-2.83,1.168,-1.25266666666667
98,1586.09,-57.96,64.32,129.446735301871,133.498990632888,129.446735301871,133.498990632888,45.13,-20.5,1.09866666666667,-1.178
99,1601.185,-26.29,42.14,132.422443362493,119.183221973565,132.422443362493,119.183221973565,61.69,-38.26,1.104,-1.184
100,1617.287,1.44,22.72,135.82171291023,111.92530053567,135.82171291023,111.92530053567,79.44,-57.55,1.18333333333333,-1.286
101,1633.288,31.25,1.85,140.178052175457,103.028720753002,140.178052175457,103.028720753002,97.23,-77.28,1.186,-1.31533333333333
102,1648.415,63.22,-20.54,146.060554717244,90.4863265913696,146.060554717244,90.4863265913696,113.74,-95.61,1.10066666666667,-1.222
103,1663.475,94.94,-43.36,153.526459886878,78.4011154257387,153.526459886878,78.4011154257387,129.89,-113.54,1.07666666666667,-1.19533333333333
104,1679.479,126.23,-66.1,162.327423339755,69.6363561654399,162.327423339755,69.6363561654399,147.37,-132.45,1.16533333333333,-1.26066666666667
105,1695.551,157.51,-88.83,173.236430792065,62.9178710701499,173.236430792065,62.9178710701499,164.92,-151.31,1.17,-1.25733333333333
106,1711.613,186.81,-110.11,189.228760542515,43.9590104529208,189.228760542515,43.9590104529208,179.76,-153.5,0.989333333333334,-0.146
107,1725.757,218.84,-133.38,272.792001439891,39.8272770849326,272.792001439891,39.8272770849326,179.06,-131.44,-0.0466666666666659,1.47066666666667
108,1740.809,248.99,-154.6,303.13884555369,86.4873100518221,303.13884555369,86.4873100518221,176.57,-107.32,-0.166000000000001,1.608
109,1755.876,278.64,-175.36,310.867761692345,138.067967682587,310.867761692345,138.067967682587,174.23,-85.02,-0.156,1.48666666666667
110,1770.944,308.34,-196.34,314.753663142683,192.426746841493,314.753663142683,192.426746841493,171.69,-60.86,-0.169333333333333,1.61066666666667
111,1787.011,339.96,-219.29,316.874901686341,249.841442919304,316.874901686341,249.841442919304,169.17,-36.94,-0.168000000000001,1.59466666666667
112,1802.102,356.34,-240.92,320.41796725816,297.983778920934,320.41796725816,297.983778920934,166.47,-11.26,-0.179999999999999,1.712
113,1818.169,319.57,-232.27,327.723569138073,291.739060977443,327.723569138073,291.739060977443,163.78,14.39,-0.179333333333333,1.71
114,1833.268,281.89,-219.32,334.923155275747,284.640133677597,334.923155275747,284.640133677597,161.25,38.49,-0.168666666666667,1.60666666666667
115,1848.321,247.64,-207.53,341.770324687989,284.214691034788,341.770324687989,284.214691034788,158.73,62.42,-0.168000000000001,1.59533333333333
116,1863.351,247.64,-207.53,342.724345291802,307.91075655131,342.724345291802,307.91075655131,156.2,86.49,-0.168666666666667,1.60466666666667
117,1879.382,213.1,-195.63,349.015690086956,311.955207041011,349.015690086956,311.955207041011,153.66,110.61,-0.169333333333333,1.608
118,1893.48,176.66,-183.09,355.407442563702,318.723328923378,355.407442563702,318.723328923378,151.14,134.61,-0.168000000000001,1.6
119,1909.557,137.67,-169.66,1.87150684768055,330.086074380608,1.87150684768055,330.086074380608,148.45,160.25,-0.179333333333333,1.70933333333333
120,1925.576,108.15,-159.5,6.27011829291803,345.828730009524,6.27011829291803,345.828730009524,145.92,184.26,-0.168666666666667,1.60066666666667
121,1940.754,71.4,-146.84,11.3800097676406,363.985935579934,11.3800097676406,363.985935579934,143.22,209.99,-0.179999999999999,1.71533333333333
122,1956.799,30.81,-132.35,16.5976507586076,384.072661094226,16.5976507586076,384.072661094226,140.52,235.72,-0.179999999999999,1.71533333333333
123,1970.904,-2.88,-120.09,20.4555220388197,403.599461099739,20.4555220388197,403.599461099739,138.17,258.06,-0.156666666666668,1.48933333333333
124,1986.988,-39.35,-106.81,24.115036618256,427.882605395452,24.115036618256,427.882605395452,135.47,283.73,-0.179999999999999,1.71133333333333
125,2003.09,-112.55,-80.17,32.0041852589053,456.280327539989,32.0041852589053,456.280327539989,129.27,306.76,-0.413333333333333,1.53533333333333
126,2018.181,-143.12,-69.04,33.278046362963,459.739089158188,33.278046362963,459.739089158188,109.14,315.31,-1.342,0.570000000000001
127,2034.282,-179.76,-56.24,34.8721821568999,461.794670605887,34.8721821568999,461.794670605887,84.27,322.63,-1.658,0.488
128,2050.406,-216.35,-43.64,36.3967508044319,464.041822360873,36.3967508044319,464.041822360873,59,329.88,-1.68466666666667,0.483333333333333
129,2066.428,-252.78,-31.09,37.7515398967407,466.10918087933,37.7515398967407,466.10918087933,32.59,337.45,-1.76066666666667,0.504666666666666
130,2082.534,-286.3,-19.17,38.7157671347302,466.92228903748,38.7157671347302,466.92228903748,5.74,345.15,-1.79,0.513333333333333
131,2097.744,-324.42,-5.3,40.218358877265,469.17899580011,40.218358877265,469.17899580011,-21.47,352.96,-1.814,0.520666666666667
132,2113.808,-360.77,5.74,41.5602049578965,473.646130038027,41.5602049578965,473.646130038027,-46.55,360.15,-1.672,0.479333333333333
133,2128.857,-350.41,-28.28,35.3011583733097,484.361538522621,35.3011583733097,484.361538522621,-70.51,367.02,-1.59733333333333,0.458
134,2143.904,-330.91,-62.14,28.4408123585922,495.957306630319,28.4408123585922,495.957306630319,-94.71,373.96,-1.61333333333333,0.462666666666667
135,2159.988,-311.6,-95.59,21.8289505542919,513.800490560295,21.8289505542919,513.800490560295,-120.55,381.37,-1.72266666666667,0.494000000000002
136,2176.091,-292.24,-129.11,15.6755129037764,538.030814452109,15.6755129037764,538.030814452109,-146.87,388.91,-1.75466666666667,0.502666666666668
137,2192.078,-272.96,-162.51,10.1766570974152,567.680942519652,10.1766570974152,567.680942519652,-172.66,396.24,-1.71933333333333,0.488666666666666
138,2208.158,-253.57,-196.1,8.00601026052857,581.144142188494,8.00601026052857,581.144142188494,-172.63,379.38,0.00200000000000008,-1.124
139,2224.193,-234.52,-229.51,7.487896943054,593.400273424271,7.487896943054,593.400273424271,-157.19,358.83,1.02933333333333,-1.37
140,2240.276,-215.79,-263.28,7.04790781134555,606.442336665243,7.04790781134555,606.442336665243,-141.38,338.58,1.054,-1.35
141,2256.334,-198.1,-295.05,6.75639885691879,617.518465634834,6.75639885691879,617.518465634834,-125.45,318.18,1.062,-1.36
142,2272.438,-180.01,-326.45,6.33164777340681,629.469644462702,6.33164777340681,629.469644462702,-110.59,299.18,0.990666666666667,-1.26666666666667
143,2288.491,-155.81,-347.12,5.57290543472914,628.96283395762,5.57290543472914,628.96283395762,-94.73,278.87,1.05733333333333,-1.354
144,2303.49,-119.62,-341.14,3.78098248002944,602.34104899135,3.78098248002944,602.34104899135,-79.9,259.89,0.988666666666667,-1.26533333333333
145,2318.607,-83.48,-334.77,1.8399756020403,575.866916049186,1.8399756020403,575.866916049186,-64.99,240.8,0.994000000000001,-1.27266666666667
146,2333.715,-47.75,-328.47,359.755285685246,550.215018515489,359.755285685246,550.215018515489,-50.1,221.74,0.992666666666666,-1.27066666666667
147,2348.756,-11.65,-322.1,357.428440155037,525.329025373622,357.428440155037,525.329025373622,-35.22,202.7,0.992,-1.26933333333333
148,2364.843,24.64,-315.7,354.949760958171,500.061291043408,354.949760958171,500.061291043408,-19.38,182.42,1.056,-1.352
149,2380.933,60.92,-309.31,352.229354438968,475.637665665788,352.229354438968,475.637665665788,-3.39,161.96,1.066,-1.364
150,2396.927,99.31,-302.54,348.93282166135,452.698937926742,348.93282166135,452.698937926742,12.41,141.74,1.05333333333333,-1.348
151,2413.068,135.8,-296.25,345.570255275727,431.192428736869,345.570255275727,431.192428736869,28.35,121.34,1.06266666666667,-1.36
152,2429.208,175.35,-290.64,341.485226436777,413.101380777165,341.485226436777,413.101380777165,44.17,101.08,1.05466666666667,-1.35066666666667
153,2444.212,215.71,-289.76,337.1558033894,403.346937759542,337.1558033894,403.346937759542,59.12,81.95,0.996666666666666,-1.27533333333333
154,2459.287,253.15,-289.11,333.025644617384,395.024904151624,333.025644617384,395.024904151624,73.97,62.94,0.99,-1.26733333333333
155,2475.387,289.75,-288.47,328.877721213432,386.792529400453,328.877721213432,386.792529400453,89.83,42.65,1.05733333333333,-1.35266666666667
156,2490.436,329.07,-287.93,324.239861942746,383.833996670436,324.239861942746,383.833996670436,104.76,23.54,0.995333333333334,-1.274
157,2507.453,305.27,-274.57,326.411422168156,331.9442121803,326.411422168156,331.9442121803,121.63,1.95,1.12466666666667,-1.43933333333333
158,2521.598,266.79,-271.08,332.785816112665,286.977493368382,332.785816112665,286.977493368382,135.55,-15.87,0.928000000000001,-1.188
159,2537.616,230.5,-267.91,341.160941001987,244.804327167638,341.160941001987,244.804327167638,151.45,-36.22,1.06,-1.35666666666667
160,2553.697,196.99,-264.98,351.679894923274,211.950766217063,351.679894923274,211.950766217063,166.32,-55.26,0.991333333333334,-1.26933333333333
161,2569.714,158.48,-261.61,7.25572892710412,187.572015503379,7.25572892710412,187.572015503379,182.17,-75.54,1.05666666666667,-1.352
162,2583.84,124.7,-258.65,23.3239036848884,180.108212472391,23.3239036848884,180.108212472391,196.01,-93.26,0.922666666666667,-1.18133333333333
163,2599.828,86.19,-255.28,41.5820414777608,189.410206958337,41.5820414777608,189.410206958337,211.9,-113.6,1.05933333333333,-1.356
164,2615.894,52.48,-252.33,55.9891804186161,211.549328762821,55.9891804186161,211.549328762821,227.84,-134,1.06266666666667,-1.36
165,2631.019,15.97,-249.06,66.6805202259774,245.820633186069,66.6805202259774,245.820633186069,241.71,-151.75,0.924666666666667,-1.18333333333333
166,2646.05,-23.86,-244.9,75.5260713464066,290.510371931881,75.5260713464066,290.510371931881,257.43,-172.29,1.048,-1.36933333333333
167,2660.147,-58.71,-241.25,77.1477222391173,332.182226646761,77.1477222391173,332.182226646761,265.15,-167.36,0.514666666666665,0.328666666666665
168,2676.191,-97.31,-237.82,75.4448206142004,361.780976973638,75.4448206142004,361.780976973638,252.86,-146.9,-0.819333333333331,1.364
169,2690.282,-99.28,-247.66,70.6486913966496,359.277529077453,70.6486913966496,359.277529077453,239.7,-128.61,-0.877333333333335,1.21933333333333
170,2706.264,-61.49,-258.04,62.2802745384829,323.123771332287,62.2802745384829,323.123771332287,224.55,-107.74,-1.01,1.39133333333333
171,2720.412,-28.68,-266.83,53.5464089492945,298.38187629278,53.5464089492945,298.38187629278,211.32,-89.54,-0.882000000000001,1.21333333333333
172,2735.527,6.96,-276.38,42.652037998989,280.645881138491,42.652037998989,280.645881138491,197.11,-69.97,-0.947333333333332,1.30466666666667
173,2750.599,41.92,-285.75,30.8975062462146,274.389344727524,30.8975062462146,274.389344727524,182.82,-50.3,-0.952666666666668,1.31133333333333
174,2765.621,61.64,-299.03,21.7501972890202,288.778649660947,21.7501972890202,288.778649660947,168.65,-30.81,-0.944666666666666,1.29933333333333
175,2780.742,27.75,-300.03,23.6977357201195,315.318102556767,23.6977357201195,315.318102556767,154.48,-11.3,-0.944666666666668,1.30066666666667
176,2795.803,-10.3,-298.71,26.1095177077401,341.999517689718,26.1095177077401,341.999517689718,140.21,8.39,-0.951333333333332,1.31266666666667
177,2810.882,-50.83,-297.3,28.207416780894,371.679854175606,28.207416780894,371.679854175606,124.85,30.24,-1.024,1.45666666666667
178,2826.928,-91.31,-295.88,30.0384328282811,401.633462998292,30.0384328282811,401.633462998292,109.74,51.81,-1.00733333333333,1.438
179,2842.015,-132.07,-294.46,31.7365929780566,431.793827885485,31.7365929780566,431.793827885485,95.06,72.77,-0.978666666666666,1.39733333333333
180,2857.08,-168.96,-293.55,32.9142270405557,459.841470291665,32.9142270405557,459.841470291665,80.91,92.48,-0.943333333333334,1.314
181,2873.133,-197.02,-285.04,33.3957573023918,477.309174854203,33.3957573023918,477.309174854203,65.7,113.46,-1.014,1.39866666666667
182,2888.228,-176.29,-254.71,31.9852220321223,451.859104257068,31.9852220321223,451.859104257068,63.06,128.55,-0.176,1.006
183,2903.287,-152.66,-224.88,34.5174333936933,410.654087523794,34.5174333936933,410.654087523794,80.04,113.48,1.132,-1.00466666666667
184,2917.429,-128.07,-194.51,36.9779348141808,365.930650533677,36.9779348141808,365.930650533677,92.04,97.82,0.8,-1.044
185,2933.47,-103.51,-164.19,41.8298639555389,319.917980113653,41.8298639555389,319.917980113653,109.85,74.19,1.18733333333333,-1.57533333333333
186,2948.518,-79.23,-134.2,47.1100885413823,277.890476447107,47.1100885413823,277.890476447107,124.37,54.93,0.968000000000001,-1.284
187,2962.752,-54.61,-103.81,53.8498715798053,238.496818637063,53.8498715798053,238.496818637063,137.97,36.88,0.906666666666666,-1.20333333333333
188,2977.739,-28.5,-71.56,63.7828997647323,201.777550783034,63.7828997647323,201.777550783034,152.52,17.58,0.970000000000001,-1.28666666666667
189,2992.933,-4.63,-41.99,75.8510571997631,175.091657139911,75.8510571997631,175.091657139911,165.15,0.81,0.842,-1.118
190,3008.966,18.81,-12.05,93.1909356898614,163.122908568968,93.1909356898614,163.122908568968,181.68,-21.13,1.102,-1.46266666666667
191,3025.081,41.71,17.27,110.457605949139,164.857380787152,110.457605949139,164.857380787152,196.17,-40.35,0.965999999999999,-1.28133333333333
192,3041.063,64.75,46.76,126.252655060888,182.312579105228,126.252655060888,182.312579105228,211.77,-61.05,1.04,-1.38
193,3057.159,88.32,76.35,138.665718169374,210.356239270434,138.665718169374,210.356239270434,227.25,-81.6,1.032,-1.37
194,3073.237,112.73,106.49,148.071438951556,245.867789268948,148.071438951556,245.867789268948,242.76,-102.18,1.034,-1.372
195,3089.253,134.49,134.05,154.26449591956,285.110660796821,154.26449591956,285.110660796821,258.29,-122.78,1.03533333333334,-1.37333333333333
196,3105.35,132.85,155.34,154.753045421144,330.699099787103,154.753045421144,330.699099787103,273.9,-143.77,1.04066666666666,-1.39933333333333
197,3121.41,96.4,154.98,148.900523364539,374.308717103944,148.900523364539,374.308717103944,289.74,-165.53,1.056,-1.45066666666667
198,3137.467,60.36,153.74,144.28627423317,419.573420631002,144.28627423317,419.573420631002,305.28,-186.93,1.036,-1.42666666666667
199,3153.538,24.08,152.47,140.539406853388,466.983292741828,140.539406853388,466.983292741828,320.87,-208.07,1.03933333333334,-1.40933333333333
200,3169.611,-46,145.82,134.404160515943,535.131992783089,134.404160515943,535.131992783089,336.31,-228.62,1.02933333333333,-1.37
201,3185.639,-32.45,109.63,134.317555513617,502.251146937466,134.317555513617,502.251146937466,326.9,-241.26,-0.627333333333335,-0.842666666666666
202,3201.883,-15.55,74.92,134.716719422754,446.218117068323,134.716719422754,446.218117068323,301.53,-239.04,-1.69133333333333,0.148
203,3216.944,0.34,42.34,135.246480937819,391.203375496685,135.246480937819,391.203375496685,275.77,-235.47,-1.71733333333333,0.238
204,3231.998,16.24,9.74,135.815966526776,337.147346571199,135.815966526776,337.147346571199,251.22,-232.03,-1.63666666666667,0.229333333333333
205,3247.075,31.95,-22.86,136.475971357412,283.856130460485,136.475971357412,283.856130460485,227.43,-228.68,-1.586,0.223333333333333
206,3262.151,47.37,-55.91,137.336014930672,230.382996334365,137.336014930672,230.382996334365,203.5,-225.32,-1.59533333333333,0.224000000000001
207,3277.241,62.85,-88.71,138.820774171767,177.000395479784,138.820774171767,177.000395479784,179.39,-221.93,-1.60733333333333,0.225999999999999
208,3292.292,78.38,-122.01,141.364076747545,123.628722390875,141.364076747545,123.628722390875,155.57,-218.58,-1.588,0.223333333333333
209,3307.376,50.15,-111.46,142.177245850855,130.850094382847,142.177245850855,130.850094382847,130.39,-214.82,-1.67866666666667,0.250666666666668
210,3322.469,20.17,-83.74,145.713123022791,154.170642146941,145.713123022791,154.170642146941,107.02,-211.12,-1.558,0.246666666666666
211,3338.505,-7.59,-57.86,149.530758144983,172.873582712918,149.530758144983,172.873582712918,80.07,-206.86,-1.79666666666667,0.283999999999999
212,3354.649,-37.01,-30.41,151.888737991442,195.5706330204,151.888737991442,195.5706330204,55.14,-202.91,-1.662,0.263333333333335
213,3370.685,-67.19,-2.28,153.931652878105,218.731444470154,153.931652878105,218.731444470154,28.93,-198.76,-1.74733333333333,0.276666666666667
214,3386.786,-97.17,25.69,155.478473047089,242.678269525724,155.478473047089,242.678269525724,3.55,-195.1,-1.692,0.244
215,3402.869,-123.2,49.95,157.27506955937,261.76044009743,157.27506955937,261.76044009743,-22.08,-191.49,-1.70866666666667,0.240666666666666
216,3418.956,-150.3,74.95,158.674701910028,282.019676086616,158.674701910028,282.019676086616,-47.74,-187.76,-1.71066666666667,0.248666666666668
217,3435.035,-177.11,99.09,159.965167672519,300.94162706412,159.965167672519,300.94162706412,-74.01,-183.64,-1.75133333333333,0.274666666666667
218,3451.122,-206.39,125.94,157.133592616931,314.809837521002,157.133592616931,314.809837521002,-84.06,-164.13,-0.67,1.30066666666667
219,3467.196,-202.54,145.73,157.596549356104,306.092952712081,157.596549356104,306.092952712081,-85.88,-137.26,-0.121333333333333,1.79133333333333
220,3483.202,-165.4,154.56,163.567942092058,276.055241754255,163.567942092058,276.055241754255,-87.31,-110.22,-0.0953333333333338,1.80266666666667
221,3499.307,-129.59,162.83,170.583282537809,249.917775678322,170.583282537809,249.917775678322,-88.7,-83.72,-0.0926666666666667,1.76666666666667
222,3515.358,-94.27,170.98,178.948335792863,228.288454811013,178.948335792863,228.288454811013,-90.08,-57.27,-0.0919999999999997,1.76333333333333
223,3531.44,-55.85,179.85,189.640140701151,212.947033790095,189.640140701151,212.947033790095,-91.51,-30.09,-0.0953333333333338,1.812
224,3547.563,-17.87,188.62,201.309714046993,206.433967166259,201.309714046993,206.433967166259,-92.89,-3.7,-0.0919999999999997,1.75933333333333
225,3563.585,20.04,197.37,213.273738739306,208.406365545777,213.273738739306,208.406365545777,-94.3,23.13,-0.0939999999999998,1.78866666666667
226,3579.666,53.98,205.05,224.034907724922,215.365779315099,224.034907724922,215.365779315099,-95.72,50.22,-0.0946666666666668,1.806
227,3595.745,94.34,213.64,234.557824059407,235.030964981213,234.557824059407,235.030964981213,-97.14,77.35,-0.0946666666666668,1.80866666666667
228,3611.834,134.91,222.26,243.26440575378,261.428809621281,243.26440575378,261.428809621281,-98.57,104.65,-0.0953333333333328,1.82
229,3627.947,175.35,230.86,250.03811939781,292.886640528379,250.03811939781,292.886640528379,-99.94,130.87,-0.0913333333333336,1.748
230,3644.038,214.18,239.41,255.486658039553,325.930672536354,255.486658039553,325.930672536354,-101.35,157.73,-0.0939999999999998,1.79066666666667
231,3660.045,252.25,248.2,259.656952374223,360.863885835089,259.656952374223,360.863885835089,-102.75,183.41,-0.0933333333333337,1.712
232,3676.133,291.05,256.97,263.105600241363,398.451168651819,263.105600241363,398.451168651819,-104.52,209.14,-0.118,1.71533333333333
233,3692.185,329.35,261.78,266.561441083367,436.325521256779,266.561441083367,436.325521256779,-106.19,235.61,-0.111333333333333,1.76466666666667
234,3708.316,321.28,226.1,271.039762156861,407.797146753138,271.039762156861,407.797146753138,-86.45,233.5,1.316,-0.140666666666668
235,3724.314,305.8,189.5,274.414040852543,372.514908426495,274.414040852543,372.514908426495,-65.61,218.17,1.38933333333333,-1.022
236,3740.43,290.42,153.27,278.259464918424,339.491316236513,278.259464918424,339.491316236513,-45.55,202.04,1.33733333333333,-1.07533333333333
237,3756.545,276.88,121.37,280.016230936376,325.826070933558,280.016230936376,325.826070933558,-43.98,178.04,0.104666666666667,-1.6
238,3772.585,262.35,87.14,281.756088586836,316.08015201844,281.756088586836,316.08015201844,-47.1,151.54,-0.208,-1.76666666666667
239,3787.639,247.92,53.14,283.995517990014,307.096260641513,283.995517990014,307.096260641513,-50.06,127.41,-0.197333333333333,-1.60866666666667
240,3802.846,233.33,18.78,286.777836951315,298.862196505346,286.777836951315,298.862196505346,-52.81,105.05,-0.183333333333333,-1.49066666666667
241,3818.918,218.97,-15.04,288.965981049125,290.701697277467,288.965981049125,290.701697277467,-55.95,79.44,-0.209333333333333,-1.70733333333333
242,3833.986,204.84,-48.74,291.215195438865,283.138930738957,291.215195438865,283.138930738957,-59.11,53.72,-0.210666666666666,-1.71466666666667
243,3849.033,190.26,-84.79,294.727709105164,277.571660116807,294.727709105164,277.571660116807,-61.86,31.32,-0.183333333333333,-1.49333333333333
244,3864.111,177.31,-116.51,296.763322012867,271.39319538264,296.763322012867,271.39319538264,-65.01,5.7,-0.21,-1.708
245,3879.151,159.2,-146.77,299.770126390536,261.801380057478,299.770126390536,261.801380057478,-68.05,-16.78,-0.202666666666666,-1.49866666666667
246,3894.245,128.82,-127.3,292.903754702651,217.660364099668,292.903754702651,217.660364099668,-71.68,-42.59,-0.242000000000001,-1.72066666666667
247,3909.375,98.64,-104.57,282.328166863049,177.78970077032,282.328166863049,177.78970077032,-75.05,-66.61,-0.224666666666666,-1.60133333333333
248,3924.444,67.93,-81.43,266.244885582764,146.735028197087,266.244885582764,146.735028197087,-78.49,-91.04,-0.229333333333333,-1.62866666666667
249,3939.52,36.98,-58.11,244.822363185891,131.139111252136,244.822363185891,131.139111252136,-81.7,-113.9,-0.214000000000001,-1.524
250,3954.606,3.99,-33.24,219.966002444229,139.008905110428,219.966002444229,139.008905110428,-85.3,-139.78,-0.24,-1.72533333333333
251,3969.69,-24.13,-12.05,202.934072316609,164.677091606574,202.934072316609,164.677091606574,-88.3,-163.71,-0.2,-1.59533333333333
252,3984.755,-55.91,11.89,190.042052640808,202.614039493812,190.042052640808,202.614039493812,-91.24,-187.62,-0.196,-1.594
253,3999.812,-86.17,34.7,181.866265161662,246.570790038074,181.866265161662,246.570790038074,-94.2,-211.74,-0.197333333333334,-1.608
254,4015.898,-116.19,57.32,176.3352590609,293.500166269118,176.3352590609,293.500166269118,-97.43,-235.58,-0.215333333333334,-1.58933333333333
255,4030.918,-146.08,79.84,172.496205112903,344.661608247858,172.496205112903,344.661608247858,-101.07,-261.87,-0.242666666666666,-1.75266666666667
256,4046.054,-176.36,102.66,166.629855704324,384.706901419769,166.629855704324,384.706901419769,-87.4,-271.62,0.911333333333333,-0.65
257,4062.049,-206.11,125.08,159.774061321074,419.497649337872,159.774061321074,419.497649337872,-61.08,-268.55,1.75466666666667,0.204666666666666
258,4078.143,-236.19,147.75,154.07269642967,458.842739944744,154.07269642967,458.842739944744,-35.57,-264.91,1.70066666666667,0.242666666666666
259,4094.219,-268.92,172.41,149.150326369478,504.731626510565,149.150326369478,504.731626510565,-10.1,-260.91,1.698,0.266666666666667
260,4110.345,-300.08,195.25,145.102321367629,551.272556636007,145.102321367629,551.272556636007,15.31,-256.89,1.694,0.268000000000003
261,4126.456,-331.27,217.97,141.814690617587,599.313936847793,141.814690617587,599.313936847793,39.23,-253.1,1.59466666666667,0.252666666666666
262,4142.54,-361.14,234.92,138.654384518609,644.671929976791,138.654384518609,644.671929976791,64.73,-249.06,1.7,0.269333333333333
263,4158.645,-332.2,211.15,137.185631941148,622.239949376444,137.185631941148,622.239949376444,90.69,-245.3,1.73066666666667,0.250666666666666
264,4173.707,-300.51,188.96,135.926029200904,599.407852134087,135.926029200904,599.407852134087,116.43,-241.68,1.716,0.241333333333334
265,4188.741,-268.68,166.67,134.817384026234,574.604960037764,134.817384026234,574.604960037764,138.92,-238.34,1.49933333333333,0.222666666666667
266,4204.837,-239.17,146.01,134.165197127003,554.734652694421,134.165197127003,554.734652694421,158.76,-240.49,1.32266666666667,-0.143333333333334
267,4220.993,-209.33,125.11,137.43823644063,520.576619720863,137.43823644063,520.576619720863,142.78,-258.32,-1.06533333333333,-1.18866666666667
268,4237.017,-152.04,85.88,142.671402901027,451.676474592158,142.671402901027,451.676474592158,121.85,-273.28,-1.39533333333333,-0.997333333333332
269,4253.186,-114.34,90.9,150.436470498286,435.762252725038,150.436470498286,435.762252725038,100.66,-288.13,-1.41266666666667,-0.990000000000002
270,4269.251,-77.32,97.55,158.632451888667,430.136586795404,158.632451888667,430.136586795404,79.4,-303.02,-1.41733333333333,-0.992666666666666
271,4285.323,-38.79,105.03,167.063196116497,433.811173668913,167.063196116497,433.811173668913,58.33,-317.77,-1.40466666666667,-0.983333333333333
272,4301.41,-0.33,112.51,175.185978246617,446.725892018808,175.185978246617,446.725892018808,37.16,-332.64,-1.41133333333333,-0.991333333333334
273,4317.471,37.84,119.93,181.244004515018,467.060084036305,181.244004515018,467.060084036305,27.7,-347.02,-0.630666666666667,-0.958666666666666
274,4333.507,78.1,127.28,183.429757827014,466.695903131793,183.429757827014,466.695903131793,50.18,-338.58,1.49866666666667,0.562666666666667
275,4349.583,118.58,134.42,185.804589090902,460.963539122131,185.804589090902,460.963539122131,71.96,-324.18,1.452,0.959999999999999
276,4365.683,157.53,141.86,188.064531728909,455.989420162354,188.064531728909,455.989420162354,93.56,-309.62,1.44,0.970666666666667
277,4381.699,156.21,124.41,185.59440540538,421.497625378839,185.59440540538,421.497625378839,115.12,-295.08,1.43733333333333,0.969333333333335
278,4397.787,121.88,102.67,177.784246374532,383.316596692603,177.784246374532,383.316596692603,136.7,-280.36,1.43866666666667,0.981333333333331
279,4413.896,88.43,81.77,168.699584254119,354.217123527364,168.699584254119,354.217123527364,157.84,-265.58,1.40933333333333,0.985333333333335
280,4429.975,55.13,61.36,158.33132645966,335.853203795944,158.33132645966,335.853203795944,179.14,-250.76,1.42,0.988
281,4446.073,21.19,40.96,147.120692715373,329.488848066213,147.120692715373,329.488848066213,200.06,-235.75,1.39466666666667,1.00066666666667
282,4462.087,-12.58,20.67,136.29664319427,322.480841291386,136.29664319427,322.480841291386,210.23,-212.46,0.677999999999999,1.55266666666667
283,4476.201,-46.59,0.23,125.977302793593,325.585508430581,125.977302793593,325.585508430581,216.89,-191.04,0.444,1.428
284,4491.27,-76.51,-17.74,116.285643711986,335.64673870008,116.285643711986,335.64673870008,224.43,-166.38,0.502666666666668,1.644
285,4506.322,-110,-38.12,107.33049336482,357.321540912383,107.33049336482,357.321540912383,231.1,-144.56,0.444666666666666,1.45466666666667
286,4522.434,-138.8,-56.1,99.5228453764876,382.855863217478,99.5228453764876,382.855863217478,238.78,-119.44,0.512000000000001,1.67466666666667
287,4538.537,-171.77,-76.7,92.4484631234597,418.532097813298,92.4484631234597,418.532097813298,246.38,-94.58,0.506666666666666,1.65733333333333
288,4555.191,-200.73,-94.49,86.8683910030263,455.430101003436,86.8683910030263,455.430101003436,254.02,-69.61,0.509333333333334,1.66466666666667
289,4570.215,-234.66,-114.91,81.9798609046634,501.070930108702,81.9798609046634,501.070930108702,261.51,-45,0.499333333333332,1.64066666666667
290,4586.339,-264.27,-128.1,78.524589678187,543.912718825364,78.524589678187,543.912718825364,268.77,-19.89,0.483999999999999,1.674
291,4601.429,-266.58,-92.44,80.1387472722465,549.681337867678,80.1387472722465,549.681337867678,274.98,1.7,0.414000000000002,1.43933333333333
292,4616.525,-266.59,-54.7,81.6697627724623,554.672085109752,81.6697627724623,554.672085109752,282.23,25.66,0.483333333333333,1.59733333333333
293,4632.599,-266.59,-17.88,84.3889402237001,533.265115772633,84.3889402237001,533.265115772633,264.12,34.26,-1.20733333333333,0.573333333333333
294,4648.626,-266.59,19.15,88.5359080021756,505.274955049229,88.5359080021756,505.274955049229,238.52,32.06,-1.70666666666667,-0.146666666666666
295,4664.761,-266.59,56.53,93.242375014842,480.198698977829,93.242375014842,480.198698977829,212.84,29.37,-1.712,-0.179333333333333
296,4679.835,-266.59,94.22,98.3678355334977,461.836627499379,98.3678355334977,461.836627499379,190.33,27.01,-1.50066666666667,-0.157333333333333
297,4694.911,-266.59,128.49,103.647217608135,442.225398637392,103.647217608135,442.225398637392,163.15,24.15,-1.812,-0.190666666666667
298,4710.991,-266.59,167.57,109.784422639092,431.160164787982,109.784422639092,431.160164787982,139.12,21.63,-1.602,-0.168
299,4727.071,-266.92,201.38,115.624794981822,421.873140766274,115.624794981822,421.873140766274,113.46,18.93,-1.71066666666667,-0.18
300,4743.137,-278.87,193.01,115.745327718099,407.00155294544,115.745327718099,407.00155294544,87.73,16.22,-1.71533333333333,-0.180666666666667
301,4759.206,-283.16,154.5,112.205336157275,372.982069274114,112.205336157275,372.982069274114,62.16,13.54,-1.70466666666667,-0.178666666666667
302,4775.287,-287.19,116.13,108.013444784626,340.447376256596,108.013444784626,340.447376256596,36.57,10.85,-1.706,-0.179333333333333
303,4791.356,-290.99,79.98,103.388134889948,310.26171935964,103.388134889948,310.26171935964,10.84,8.14,-1.71533333333333,-0.180666666666667
304,4806.386,-294.77,44.06,97.7692507741596,284.27953461338,97.7692507741596,284.27953461338,-13.1,5.63,-1.596,-0.167333333333333
305,4821.526,-298.82,5.51,90.5277439367712,261.651099175983,90.5277439367712,261.651099175983,-37.18,3.1,-1.60533333333333,-0.168666666666667
306,4837.611,-302.86,-32.9,82.1009021509682,242.379789792796,82.1009021509682,242.379789792796,-62.78,0.41,-1.70666666666667,-0.179333333333333
307,4853.591,-306.89,-71.28,72.4766902951778,229.164484377488,72.4766902951778,229.164484377488,-88.36,-2.28,-1.70533333333333,-0.179333333333333
308,4869.683,-310.67,-107.2,62.5234572645068,221.5284534772,62.5234572645068,221.5284534772,-114.13,-4.99,-1.718,-0.180666666666667
309,4885.766,-314.77,-143.79,52.1331748479586,221.739564805201,52.1331748479586,221.739564805201,-139.72,-7.68,-1.706,-0.179333333333333
310,4901.863,-319.59,-183.11,41.6216163777343,231.463536005134,41.6216163777343,231.463536005134,-165.85,-10.08,-1.742,-0.16
311,4917.96,-324,-220.5,32.3856097368956,246.464474113411,32.3856097368956,246.464474113411,-191.99,-12.37,-1.74266666666667,-0.152666666666667
312,4934.096,-327.91,-256.79,24.4168519333857,265.934629937509,24.4168519333857,265.934629937509,-217.98,-14.64,-1.73266666666667,-0.151333333333333
313,4950.127,-262.78,-276.26,4.51924328273286,260.299289664801,4.51924328273286,260.299289664801,-242.27,-16.77,-1.61933333333333,-0.142
314,4966.216,-226.52,-280.07,350.956619640574,263.961138238188,350.956619640574,263.961138238188,-268.01,-19.39,-1.716,-0.174666666666667
315,4982.344,-190.17,-283.89,338.4533442568,281.490917793097,338.4533442568,281.490917793097,-293.55,-22.07,-1.70266666666667,-0.178666666666667
316,4998.364,-156.62,-287.33,328.172119255849,309.308865698997,328.172119255849,309.308865698997,-319.74,-24.53,-1.746,-0.164
317,5014.399,-116.79,-290.82,321.173233575581,327.464972477974,321.173233575581,327.464972477974,-322.1,-35.71,-0.157333333333334,-0.745333333333333
318,5029.506,-80.24,-294.02,318.876305569385,333.456582181249,318.876305569385,333.456582181249,-299.55,-42.83,1.50333333333333,-0.474666666666667
319,5044.716,-43.13,-297.27,316.865791827609,340.539320783959,316.865791827609,340.539320783959,-275.96,-48.76,1.57266666666667,-0.395333333333333
320,5060.758,-6.75,-300.45,315.140390406782,346.299514582392,315.140390406782,346.299514582392,-251.02,-54.98,1.66266666666666,-0.414666666666667
321,5075.863,30.01,-304.1,313.373223407724,354.191119595057,313.373223407724,354.191119595057,-227.45,-60.86,1.57133333333333,-0.392
322,5090.888,66.74,-307.96,311.704526406184,362.624179282077,311.704526406184,362.624179282077,-203.99,-66.71,1.564,-0.39
323,5106.997,103.29,-311.63,310.219791364293,369.617561541656,310.219791364293,369.617561541656,-178.94,-72.96,1.67,-0.416666666666667
324,5122.105,139.58,-314.82,308.65625582056,377.829621125713,308.65625582056,377.829621125713,-155.47,-78.81,1.56466666666667,-0.390000000000001
325,5137.149,169.19,-304.39,306.115515453158,372.776310942635,306.115515453158,372.776310942635,-131.95,-84.67,1.568,-0.390666666666667
326,5152.219,174.19,-267.5,302.04671465916,333.559159670365,302.04671465916,333.559159670365,-108.54,-90.51,1.56066666666667,-0.389333333333334
327,5167.294,178.45,-232.76,297.360043515254,296.857655114366,297.360043515254,296.857655114366,-85.2,-96.33,1.556,-0.388
328,5183.384,182.97,-195.98,291.018868490419,260.374719586983,291.018868490419,260.374719586983,-60.08,-102.59,1.67466666666667,-0.417333333333334
329,5198.478,187.63,-158.06,282.47713555307,229.715347767623,282.47713555307,229.715347767623,-36.66,-108.43,1.56133333333333,-0.389333333333334
330,5213.549,192.21,-120.7,271.79269681318,205.540600612142,271.79269681318,205.540600612142,-13.23,-114.27,1.562,-0.389333333333333
331,5228.648,196.73,-83.92,259.021205463158,190.027941629646,259.021205463158,190.027941629646,10.18,-120.11,1.56066666666667,-0.389333333333334
332,5243.764,201.35,-46.33,244.606706915326,185.668245265581,244.606706915326,185.668245265581,33.62,-125.95,1.56266666666667,-0.389333333333334
333,5258.901,205.99,-8.47,230.330322075287,193.260690519309,230.330322075287,193.260690519309,57.23,-131.84,1.574,-0.392666666666667
334,5273.985,210.59,28.94,217.936824727476,211.274629333482,217.936824727476,211.274629333482,80.7,-137.69,1.56466666666667,-0.39
335,5289.026,215.28,67.19,207.824509920768,238.25693735965,207.824509920768,238.25693735965,104.07,-143.52,1.558,-0.388666666666668
336,5304.075,219.89,104.73,199.981839136469,270.365752638902,199.981839136469,270.365752638902,127.5,-149.36,1.562,-0.389333333333334
337,5319.211,224.47,141.99,193.900583547581,306.279696519374,193.900583547581,306.279696519374,150.89,-155.32,1.55933333333333,-0.397333333333332
338,5334.25,228.97,179.35,188.995655013287,345.35783196563,188.995655013287,345.35783196563,174.97,-161.76,1.60533333333333,-0.429333333333333
339,5349.309,232.93,216.68,185.118682098381,386.240315865654,185.118682098381,386.240315865654,198.47,-168.02,1.56666666666667,-0.417333333333335
340,5364.374,236.8,253.51,182.006006848887,427.662087283874,182.006006848887,427.662087283874,221.83,-173.89,1.55733333333333,-0.391333333333332
341,5379.325,241.22,291.24,181.825041882815,455.921272260903,181.825041882815,455.921272260903,226.7,-164.45,0.324666666666665,0.629333333333333
342,5394.391,245.14,328.95,184.518452824975,481.466391142726,184.518452824975,481.466391142726,207.21,-151.02,-1.29933333333333,0.895333333333332
343,5409.451,211.96,340.32,182.885387864258,480.549227134952,182.885387864258,480.549227134952,187.77,-139.62,-1.296,0.76
344,5424.587,175.27,348.12,181.022643101665,475.695768848116,181.022643101665,475.695768848116,166.78,-127.5,-1.39933333333333,0.808
345,5439.589,138.3,355.98,179.087224681999,471.429821924748,179.087224681999,471.429821924748,145.81,-115.39,-1.398,0.807333333333333
346,5454.662,104.62,363.14,177.535203971911,466.451545179132,177.535203971911,466.451545179132,124.68,-102.88,-1.40866666666667,0.834
347,5469.739,71.87,356.3,175.994034054703,449.468148927151,175.994034054703,449.468148927151,103.27,-92.07,-1.42733333333333,0.720666666666667
348,5484.805,44.95,332.26,174.9660511179,438.310615887866,174.9660511179,438.310615887866,83.41,-104.36,-1.324,-0.819333333333334
349,5499.865,17.87,307.87,173.751454634187,430.809394744358,173.751454634187,430.809394744358,64.76,-120.38,-1.24333333333333,-1.068
350,5514.917,-9.05,283.63,172.457477987177,423.50427825466,172.457477987177,423.50427825466,46.54,-136.21,-1.21466666666667,-1.05533333333333
351,5529.959,-35.95,259.42,171.148641982135,416.581125832652,171.148641982135,416.581125832652,28.15,-152.2,-1.226,-1.066
352,5545.091,-62.95,235.1,169.822655055439,409.970662365004,169.822655055439,409.970662365004,9.49,-168.42,-1.244,-1.08133333333333
353,5560.079,-89.83,210.9,168.479086585798,403.703878851814,168.479086585798,403.703878851814,-9.2,-184.67,-1.246,-1.08333333333333
354,5575.224,-116.94,186.62,166.974578737964,397.323058102597,166.974578737964,397.323058102597,-27.39,-200.48,-1.21266666666667,-1.054
355,5590.248,-145.78,164.76,165.256806946842,394.322606630662,165.256806946842,394.322606630662,-45.43,-216.58,-1.20266666666667,-1.07333333333333
356,5606.324,-182.23,178.91,164.084680043387,429.150174647524,164.084680043387,429.150174647524,-64.55,-233.79,-1.27466666666667,-1.14733333333333
357,5622.334,-216.68,195.69,163.413714632367,465.916345388311,163.413714632367,465.916345388311,-83.68,-250.84,-1.27533333333333,-1.13666666666667
358,5638.464,-253.4,213.61,162.561411555221,504.832765378794,162.561411555221,504.832765378794,-102.11,-268.02,-1.22866666666667,-1.14533333333333
359,5654.51,-289.68,231.3,158.092626380066,551.23569713871,158.092626380066,551.23569713871,-84.01,-280.13,1.20666666666667,-0.807333333333334
360,5670.642,-326.69,249.35,153.310751416378,598.306114376245,153.310751416378,598.306114376245,-57.96,-285.21,1.73666666666667,-0.338666666666666
361,5686.73,-360.85,259.6,149.140664310059,639.889723624313,149.140664310059,639.889723624313,-32.63,-289.7,1.68866666666667,-0.299333333333334
362,5702.836,-361.83,224.85,145.633704712568,628.860261504891,145.633704712568,628.860261504891,-6.85,-294.24,1.71866666666667,-0.302666666666668
363,5718.864,-358.09,188.74,142.284994414824,616.297039583998,142.284994414824,616.297039583998,18.92,-298.79,1.718,-0.303333333333334
364,5733.916,-354.31,152.85,138.846461866101,605.778240695389,138.846461866101,605.778240695389,44.34,-303.27,1.69466666666667,-0.298666666666664
365,5748.995,-350.26,114.32,135.21952298526,594.271042875219,135.21952298526,594.271042875219,68.34,-307.5,1.6,-0.282000000000001
366,5764.053,-346.45,78.05,131.604848778081,587.087602066336,131.604848778081,587.087602066336,92.54,-311.77,1.61333333333333,-0.284666666666665
367,5779.063,-342.64,41.82,127.994020231025,580.883796296643,127.994020231025,580.883796296643,115.14,-315.76,1.50666666666667,-0.266000000000001
368,5794.155,-338.6,3.32,124.018097932627,578.420335828539,124.018097932627,578.420335828539,140.83,-320.28,1.71266666666667,-0.301333333333332
369,5809.274,-334.81,-32.75,120.329231724307,577.323650130497,120.329231724307,577.323650130497,163.5,-324.28,1.51133333333333,-0.266666666666667
370,5825.42,-330.92,-74.12,116.038846034851,580.937071721198,116.038846034851,580.937071721198,191.05,-329.14,1.83666666666667,-0.324000000000001
371,5841.515,-324.19,-109.74,112.523838085742,583.81312763589,112.523838085742,583.81312763589,215.09,-333.38,1.60266666666667,-0.282666666666667
372,5856.582,-302.84,-79.67,115.45800762922,599.977473243788,115.45800762922,599.977473243788,238.88,-337.57,1.586,-0.279333333333333
373,5871.608,-285.36,-48.15,118.160535332773,622.404852567844,118.160535332773,622.404852567844,263.37,-341.89,1.63266666666667,-0.288
374,5887.711,-267.35,-15.3,120.808141640226,645.963808351521,120.808141640226,645.963808351521,287.46,-346.14,1.606,-0.283333333333333
375,5903.713,-248.33,20.45,123.456443755537,672.715481760306,123.456443755537,672.715481760306,312.92,-350.42,1.69733333333334,-0.285333333333335
376,5919.706,-230.64,53.72,125.647020749907,700.509546687267,125.647020749907,700.509546687267,338.61,-354.53,1.71266666666667,-0.273999999999997
377,5935.84,-212.73,87.08,127.522092406502,700.18536152936,127.522092406502,700.18536152936,342.6,-339.38,0.266000000000001,1.01
378,5950.891,-195.26,118.62,129.971400337731,681.267886003736,129.971400337731,681.267886003736,326.84,-319.03,-1.05066666666667,1.35666666666667
379,5965.999,-175.74,154.66,133.068867278772,667.484846644476,133.068867278772,667.484846644476,311.88,-301.15,-0.997333333333332,1.192
380,5982.091,-144.71,173.28,135.933031754778,631.820041863188,135.933031754778,631.820041863188,294.72,-280.7,-1.144,1.36333333333333
381,5997.043,-110.93,185.61,138.938975304453,594.660236185336,138.938975304453,594.660236185336,279.68,-262.77,-1.00266666666667,1.19533333333333
382,6012.104,-73.35,199.29,142.745497838134,554.780498936291,142.745497838134,554.780498936291,262.49,-242.29,-1.146,1.36533333333333
383,6027.172,-38.29,212.05,146.831349270977,518.10866398855,146.831349270977,518.10866398855,245.17,-221.64,-1.15466666666667,1.37666666666667
384,6042.235,-0.78,225.71,151.7255735875,487.845382985224,151.7255735875,487.845382985224,230.31,-203.93,-0.990666666666666,1.18066666666667
385,6058.331,36.7,239.35,157.338027864432,458.455508419301,157.338027864432,458.455508419301,213.34,-183.71,-1.13133333333333,1.348
386,6074.426,74.54,253.12,163.736992582718,433.391600518515,163.736992582718,433.391600518515,195.91,-162.93,-1.162,1.38533333333333
387,6090.515,111.97,266.74,170.740594004636,414.531358162443,170.740594004636,414.531358162443,178.67,-142.39,-1.14933333333333,1.36933333333333
388,6106.599,149.95,280.56,178.326142809532,402.941938497347,178.326142809532,402.941938497347,161.72,-122.21,-1.13,1.34533333333333
389,6122.608,187.4,294.2,186.112904209831,399.199855961898,186.112904209831,399.199855961898,144.89,-102.73,-1.122,1.29866666666667
390,6138.728,225.66,308.11,193.373162105819,399.45139441489,193.373162105819,399.45139441489,133.27,-80.51,-0.774666666666665,1.48133333333333
391,6153.75,244.38,299.79,198.612003890231,376.584795497641,198.612003890231,376.584795497641,124.19,-57.1,-0.605333333333334,1.56066666666667
392,6168.952,231.04,260.6,201.429388202944,316.596798783563,201.429388202944,316.596798783563,115.37,-34.11,-0.588,1.53266666666667
393,6185.004,218.42,223.95,205.85167755764,258.621307126849,205.85167755764,258.621307126849,105.65,-8.79,-0.648,1.688
394,6200.1,206.62,189.69,212.041474570837,206.980527103397,212.041474570837,206.980527103397,96.81,14.24,-0.589333333333334,1.53533333333333
395,6215.081,194.81,155.37,222.286047888455,159.044068421303,222.286047888455,159.044068421303,87.8,37.71,-0.600666666666667,1.56466666666667
396,6231.18,182.99,121.06,240.908737743693,119.92954640121,240.908737743693,119.92954640121,78.19,62.75,-0.640666666666667,1.66933333333333
397,6247.273,171.19,86.78,270.541669106854,102.604585180196,270.541669106854,102.604585180196,68.59,87.75,-0.64,1.66666666666667
398,6263.399,159.46,52.7,300.388544285934,115.82226124541,300.388544285934,115.82226124541,59.55,111.29,-0.602666666666667,1.56933333333333
399,6279.455,146.86,16.11,321.009557764526,153.721269836025,321.009557764526,153.721269836025,50.14,135.59,-0.627333333333333,1.62
400,6295.537,135.72,-16.2,331.546042655083,199.85207654663,331.546042655083,199.85207654663,40.5,159.51,-0.642666666666667,1.59466666666667
401,6311.664,123.02,-51.26,338.555511116449,252.188447197726,338.555511116449,252.188447197726,30.82,183.47,-0.645333333333333,1.59733333333333
402,6327.699,110.33,-86.13,343.100921486438,306.756269699578,343.100921486438,306.756269699578,21.16,207.38,-0.644,1.594
403,6343.715,98.37,-120.32,346.11814059272,362.744873706025,346.11814059272,362.744873706025,11.34,231.83,-0.654666666666667,1.63
404,6359.793,80.62,-151.56,349.047200568854,416.578375098852,349.047200568854,416.578375098852,1.47,257.43,-0.658,1.70666666666667
405,6374.943,42.52,-147.37,353.294577291241,432.236670471167,353.294577291241,432.236670471167,-7.95,281.91,-0.628,1.632
406,6390.054,3.61,-141.21,357.326502688872,446.355832604437,357.326502688872,446.355832604437,-17.21,304.66,-0.617333333333333,1.51666666666667
407,6406.032,-34.83,-135.02,1.34236036074302,424.306445508432,1.34236036074302,424.306445508432,-24.89,289.17,-0.512,-1.03266666666667
408,6421.151,-69.82,-125.51,7.11487383616513,392.381408326134,7.11487383616513,392.381408326134,-21.22,263.85,0.244666666666667,-1.688
409,6436.244,-98.93,-98.49,13.5969578329328,348.291394237641,13.5969578329328,348.291394237641,-17.05,240.04,0.278,-1.58733333333334
410,6451.303,-126.03,-71.58,21.468368251203,309.24552785772,21.468368251203,309.24552785772,-12.85,216.21,0.28,-1.58866666666667
411,6466.401,-152.96,-44.66,31.3966388680979,277.16162883776,31.3966388680979,277.16162883776,-8.57,191.92,0.285333333333333,-1.61933333333333
412,6482.404,-179.96,-17.65,43.5232224102896,255.16645312423,43.5232224102896,255.16645312423,-4.24,167.37,0.288666666666667,-1.63666666666667
413,6498.609,-207.17,9.55,57.5502540837124,245.881322999532,57.5502540837124,245.881322999532,0.32,141.48,0.304,-1.726
414,6513.685,-233.56,35.42,71.3958038761753,251.576096837518,71.3958038761753,251.576096837518,4.87,115.68,0.303333333333333,-1.72
415,6528.816,-259.62,60.59,83.06971544153,270.425811268081,83.06971544153,270.425811268081,8.83,93.22,0.264,-1.49733333333333
416,6543.87,-286.13,86.45,93.605275785387,300.083883272661,93.605275785387,300.083883272661,13.36,67.58,0.302,-1.70933333333333
417,6558.939,-313.46,113.64,102.041692531804,338.600549467953,102.041692531804,338.600549467953,17.69,43,0.288666666666667,-1.63866666666667
418,6574.026,-296.95,128.8,109.063686063169,337.457480136387,109.063686063169,337.457480136387,22,18.58,0.287333333333333,-1.628
419,6589.057,-260.49,134.52,116.064208458526,319.246677821399,116.064208458526,319.246677821399,26.29,-5.75,0.286,-1.622
420,6604.148,-224.69,139.57,123.692656159527,306.937806892536,123.692656159527,306.937806892536,30.69,-30.7,0.293333333333334,-1.66333333333333
421,6619.241,-189.89,144.46,131.575760769273,300.583267165689,131.575760769273,300.583267165689,34.97,-55.01,0.285333333333333,-1.62066666666667
422,6634.29,-149.11,150.19,140.631868192567,297.004283134099,140.631868192567,297.004283134099,39.28,-79.42,0.287333333333334,-1.62733333333333
423,6649.346,-111.45,155.49,149.100068962615,301.748517809119,149.100068962615,301.748517809119,43.51,-103.43,0.282,-1.60066666666667
424,6664.478,-70.46,161.25,157.722359972092,311.663251763823,157.722359972092,311.663251763823,47.69,-127.15,0.278666666666667,-1.58133333333333
425,6679.527,-29.98,167.12,165.57069186731,328.791455637156,165.57069186731,328.791455637156,51.95,-151.3,0.284,-1.61
426,6694.75,8.45,173.19,172.207819651233,350.567011853654,172.207819651233,350.567011853654,55.98,-174.14,0.268666666666666,-1.52266666666667
427,6709.645,44.88,178.96,177.672012254262,377.401479859314,177.672012254262,377.401479859314,60.21,-198.13,0.282,-1.59933333333333
428,6724.809,80.88,184.63,182.305957291709,407.349864980952,182.305957291709,407.349864980952,64.49,-222.39,0.285333333333333,-1.61733333333333
429,6739.952,116.4,189.66,186.212606880111,439.390462572869,186.212606880111,439.390462572869,68.85,-247.15,0.290666666666667,-1.65066666666667
430,6754.993,155.82,195.37,190.03877660543,474.199999156474,190.03877660543,474.199999156474,73.16,-271.57,0.287333333333334,-1.628
431,6770.029,192.89,199.65,193.115743984052,508.772004438137,193.115743984052,508.772004438137,77.44,-295.85,0.285333333333333,-1.61866666666667
432,6785.166,198.95,165.76,193.558717889067,499.953622349113,193.558717889067,499.953622349113,81.74,-320.26,0.286666666666666,-1.62733333333333
433,6800.305,199.67,126.5,193.554902929379,484.731827921378,193.554902929379,484.731827921378,86.06,-344.73,0.288000000000001,-1.63133333333334
434,6815.341,200.26,92.28,193.413216920951,473.979013248477,193.413216920951,473.979013248477,90.31,-368.77,0.283333333333333,-1.60266666666666
435,6830.42,200.94,53.52,193.55656372007,458.308953109144,193.55656372007,458.308953109144,93.51,-392.02,0.213333333333334,-1.55
436,6845.497,201.45,14.3,197.048123354538,410.403605369154,197.048123354538,410.403605369154,81.13,-378.07,-0.825333333333334,0.929999999999999
437,6860.552,201.47,-22.23,200.70391423902,354.642879528125,200.70391423902,354.642879528125,76.09,-353.97,-0.335999999999999,1.60666666666666
438,6875.591,201.47,-59.07,205.693927382681,299.448584067449,205.693927382681,299.448584067449,71.64,-328.91,-0.296666666666667,1.67066666666667
439,6890.615,201.47,-95.65,212.729399300508,248.135634683937,212.729399300508,248.135634683937,67.31,-304.39,-0.288666666666667,1.63466666666667
440,6905.7,201.55,-132.77,223.379933024842,201.839458233518,223.379933024842,201.839458233518,62.92,-279.47,-0.292666666666667,1.66133333333333
441,6921.789,202.21,-171.62,240.236243608852,165.664521548822,240.236243608852,165.664521548822,58.4,-253.86,-0.301333333333334,1.70733333333333
442,6936.906,202.82,-208.03,262.183151207275,150.286478766388,262.183151207275,150.286478766388,53.93,-228.47,-0.298,1.69266666666667
443,6951.971,202.85,-242.79,283.692905388096,157.444827796914,283.692905388096,157.444827796914,49.88,-205.52,-0.27,1.53
444,6967.104,187.29,-256.94,298.263633366851,160.982660556968,298.263633366851,160.982660556968,45.5,-180.71,-0.292,1.654
445,6982.145,153.52,-237.21,306.204604898149,139.519405460316,306.204604898149,139.519405460316,40.94,-154.8,-0.304,1.72733333333333
446,6997.196,119.18,-216.27,316.297105203254,119.637768702028,316.297105203254,119.637768702028,36.52,-129.78,-0.294666666666666,1.668
447,7012.252,85.15,-195.15,329.639866579719,104.99897570929,329.639866579719,104.99897570929,32.08,-104.55,-0.296,1.682
448,7027.312,64.25,-161.81,335.595641467263,87.4208584949839,335.595641467263,87.4208584949839,28.13,-82.2,-0.263333333333333,1.49
449,7042.391,45.26,-126.11,342.822077519711,73.9486855866959,342.822077519711,73.9486855866959,23.42,-55.46,-0.314,1.78266666666667
450,7058.474,27.41,-92.53,352.24209089864,64.0058278596567,352.24209089864,64.0058278596567,18.77,-29.11,-0.31,1.75666666666667
451,7074.531,8.53,-57.03,5.94118793535232,54.3921584421872,5.94118793535232,54.3921584421872,14.16,-2.93,-0.307333333333333,1.74533333333333
452,7089.552,-9.44,-23.24,22.9874163837939,49.1640885199756,22.9874163837939,49.1640885199756,9.76,22.02,-0.293333333333333,1.66333333333333
453,7104.6,-27.49,10.72,42.1429686430235,48.9431271988213,42.1429686430235,48.9431271988213,5.35,47.01,-0.294,1.666
454,7119.683,-45.11,43.86,58.8447171096161,53.8697215511645,58.8447171096161,53.8697215511645,0.99,71.73,-0.290666666666667,1.648
455,7134.752,-63.04,77.58,72.1580941129632,62.6322640497691,72.1580941129632,62.6322640497691,-3.42,96.77,-0.294,1.66933333333333
456,7149.888,-80.58,110.57,80.9945906205178,73.5971908431293,80.9945906205178,73.5971908431293,-7.89,122.09,-0.298,1.688
457,7164.985,-98.53,144.33,88.9555920752637,86.1343096564894,88.9555920752637,86.1343096564894,-12.41,145.9,-0.301333333333333,1.58733333333333
458,7179.996,-115.86,176.91,94.1836504266367,99.1040791289642,94.1836504266367,99.1040791289642,-17.02,169.68,-0.307333333333333,1.58533333333333
459,7196.093,-133.47,210.03,98.4819134941232,113.086890929055,98.4819134941232,113.086890929055,-21.62,193.35,-0.306666666666667,1.578
460,7211.242,-156.51,240.99,99.5916852605649,131.792428082952,99.5916852605649,131.792428082952,-26.56,219.03,-0.329333333333333,1.712
461,7227.307,-186.91,262.5,96.3264573696064,156.633872454205,96.3264573696064,156.633872454205,-31.23,245.24,-0.311333333333333,1.74733333333333
462,7242.335,-219.88,285.59,95.0349216283082,185.044012332202,95.0349216283082,185.044012332202,-35.55,269.35,-0.288,1.60733333333333
463,7257.355,-250.67,307.08,95.2054554231283,206.993690725104,95.2054554231283,206.993690725104,-44.53,288.3,-0.598666666666667,1.26333333333333
464,7272.428,-280.69,327.36,102.541525345651,219.896987246301,102.541525345651,219.896987246301,-66.04,279.61,-1.434,-0.579333333333333
465,7287.502,-310.81,347.79,109.892078909793,238.765927217432,109.892078909793,238.765927217432,-86.29,266.55,-1.35,-0.870666666666667
466,7302.546,-341.82,368.69,115.52651208574,264.011193891471,115.52651208574,264.011193891471,-103.58,254.92,-1.15266666666667,-0.775333333333335
467,7317.6,-335.89,336.8,114.900912097181,230.993805111739,114.900912097181,230.993805111739,-126.37,239.54,-1.51933333333333,-1.02533333333333
468,7332.648,-321.23,303.83,113.9944123519,191.345060558145,113.9944123519,191.345060558145,-146.42,226.02,-1.33666666666667,-0.901333333333332
469,7347.804,-306.44,270.6,112.502081472844,151.548012524084,112.502081472844,151.548012524084,-166.43,212.6,-1.334,-0.894666666666668
470,7362.849,-291.74,237.58,110.043164968995,111.662898493636,110.043164968995,111.662898493636,-186.84,199.31,-1.36066666666667,-0.886
471,7377.913,-277.95,206.62,106.375050080875,73.6369479269748,106.375050080875,73.6369479269748,-207.3,185.86,-1.364,-0.896666666666666
472,7392.969,-263.25,173.6,97.3822543809102,52.7673886031894,97.3822543809102,52.7673886031894,-210.92,166.82,-0.241333333333332,-1.26933333333333
473,7408.029,-248.46,140.38,82.5280488912414,47.5235394304759,82.5280488912414,47.5235394304759,-201.34,146.56,0.638666666666666,-1.35066666666667
474,7423.1,-233.73,107.29,67.6691201366964,46.8213647814756,67.6691201366964,46.8213647814756,-190.42,125.08,0.728000000000001,-1.432
475,7438.184,-219,74.2,53.4465604127493,49.2467511618787,53.4465604127493,49.2467511618787,-179.44,103.53,0.731999999999999,-1.43666666666667
476,7453.282,-204.25,41.07,41.1660934612948,54.3567364730444,41.1660934612948,54.3567364730444,-168.47,81.99,0.731333333333333,-1.436
477,7468.282,-189.73,7.64,31.5139572078178,61.7937893319385,31.5139572078178,61.7937893319385,-157.43,60.32,0.735999999999999,-1.44466666666667
478,7483.355,-175.47,-25.94,24.1371556874832,70.9425662067563,24.1371556874832,70.9425662067563,-146.46,38.8,0.731333333333333,-1.43466666666667
479,7499.486,-161.15,-59.69,18.4639978096951,81.0839719056732,18.4639978096951,81.0839719056732,-135.47,17.22,0.732666666666667,-1.43866666666667
480,7515.462,-146.93,-93.17,14.8367465462684,90.445511220845,14.8367465462684,90.445511220845,-123.77,-5.74,0.78,-1.53066666666667
481,7531.535,-131.59,-128.69,11.0309809165741,101.912957468616,11.0309809165741,101.912957468616,-112.09,-28.66,0.778666666666666,-1.528
482,7547.647,-115.87,-164.02,7.86004344510477,113.41553068253,7.86004344510477,113.41553068253,-100.36,-51.67,0.782,-1.534
483,7563.675,-100.33,-199.33,5.33106602776867,125.281910904967,5.33106602776867,125.281910904967,-88.69,-74.59,0.778,-1.528
484,7578.763,-84.92,-235.34,2.95598311223235,139.425513088531,2.95598311223235,139.425513088531,-77.73,-96.1,0.730666666666666,-1.434
485,7593.81,-71.66,-212.43,2.9854829377643,94.8487322002777,2.9854829377643,94.8487322002777,-66.72,-117.71,0.734,-1.44066666666667
486,7608.857,-70.81,-173.02,23.9420693923172,37.036784417657,23.9420693923172,37.036784417657,-55.78,-139.17,0.729333333333333,-1.43066666666667
487,7623.908,-70.11,-133,137.620675032802,37.5796021799061,137.620675032802,37.5796021799061,-44.78,-160.76,0.733333333333333,-1.43933333333333
488,7639.976,-69.41,-92.98,158.234525599478,97.7054783520351,158.234525599478,97.7054783520351,-33.18,-183.72,0.773333333333333,-1.53066666666667
489,7656.086,-68.71,-52.65,163.070275864781,161.676638077367,163.070275864781,161.676638077367,-21.63,-207.32,0.77,-1.57333333333333
490,7672.193,-68,-12.26,165.196107481007,225.743316401616,165.196107481007,225.743316401616,-10.32,-230.51,0.754,-1.546
491,7688.169,-67.31,27.73,166.348263668527,289.848725544895,166.348263668527,289.848725544895,1.1,-253.93,0.761333333333333,-1.56133333333333
492,7703.378,-66.66,64.8,167.018638505703,349.902388674327,167.018638505703,349.902388674327,11.94,-276.16,0.722666666666667,-1.482
493,7718.468,-65.99,103.07,167.524781752021,410.522631897439,167.524781752021,410.522631897439,22.69,-297.76,0.716666666666667,-1.44
494,7734.55,-65.3,142.6,167.907021787301,472.413363274156,167.907021787301,472.413363274156,33.67,-319.33,0.732,-1.438
495,7750.56,-64.6,182.92,168.177004711067,536.583491732647,168.177004711067,536.583491732647,45.34,-342.28,0.778,-1.53
496,7766.632,-63.99,223.28,168.377131811257,602.524821895331,168.377131811257,602.524821895331,57.4,-366.89,0.804,-1.64066666666667
497,7781.687,-47.32,252.88,171.523605680515,636.219632909894,171.523605680515,636.219632909894,46.46,-376.39,-0.729333333333333,-0.633333333333333
498,7796.757,-8.85,267.77,177.074306846602,636.549698373976,177.074306846602,636.549698373976,23.64,-367.95,-1.52133333333333,0.562666666666667
499,7812.826,28.37,282.06,182.508779849655,639.442889553086,182.508779849655,639.442889553086,0.38,-356.77,-1.55066666666667,0.745333333333334
500,7829.118,66.6,296.73,187.408815469827,641.808242468107,187.408815469827,641.808242468107,-16.16,-339.72,-1.10266666666667,1.13666666666666
501,7844.179,99.55,309.38,191.793727195252,642.20713955857,191.793727195252,642.20713955857,-31.71,-319.27,-1.03666666666667,1.36333333333334
502,7859.288,134.84,322.92,196.290195848395,648.015688776128,196.290195848395,648.015688776128,-46.93,-299.08,-1.01466666666667,1.346
503,7874.299,172.88,337.41,200.937468826551,659.131825737462,200.937468826551,659.131825737462,-62.66,-278.2,-1.04866666666667,1.392
504,7889.442,178.66,317.31,203.88207480424,630.842301133968,203.88207480424,630.842301133968,-76.74,-259.52,-0.938666666666667,1.24533333333333
505,7905.448,157.75,284.79,205.518993815519,580.325050467408,205.518993815519,580.325050467408,-92.26,-238.92,-1.03466666666667,1.37333333333333
506,7921.565,136.51,252.09,207.50045279596,529.804051702136,207.50045279596,529.804051702136,-108.13,-217.85,-1.058,1.40466666666667
507,7937.594,115.36,219.51,209.945773371303,480.047141955871,209.945773371303,480.047141955871,-124.27,-196.45,-1.076,1.42666666666667
508,7953.738,94.33,187.13,212.91074896858,431.688209938608,212.91074896858,431.688209938608,-140.22,-175.28,-1.06333333333333,1.41133333333333
509,7969.711,73.28,154.73,216.555173908709,384.857806079076,216.555173908709,384.857806079076,-155.94,-154.42,-1.048,1.39066666666667
510,7985.791,52.2,122.26,221.274111735415,339.825468292181,221.274111735415,339.825468292181,-171.97,-133.14,-1.06866666666667,1.41866666666667
511,8000.935,30.97,89.56,227.144270020094,297.65288928549,227.144270020094,297.65288928549,-187.23,-112.89,-1.01733333333333,1.35
512,8015.988,30.97,89.56,231.885259474835,296.157897244021,231.885259474835,296.157897244021,-202.04,-93.24,-0.987333333333334,1.31
513,8032.053,9.94,57.18,240.377145594049,262.073585086326,240.377145594049,262.073585086326,-217.88,-72.36,-1.056,1.392
514,8048.041,-11.2,24.64,250.979949339609,235.348974928722,250.979949339609,235.348974928722,-233.7,-52.06,-1.05466666666667,1.35333333333333
515,8064.174,-52,-38.19,272.637818218672,191.863296385734,272.637818218672,191.863296385734,-243.66,-29.36,-0.664000000000001,1.51333333333333
516,8080.271,-71.7,-68.53,290.417284714712,188.961145477053,290.417284714712,188.961145477053,-248.79,-2.61,-0.342,1.78333333333333
517,8096.309,-92.75,-100.95,307.866592931923,203.624808409977,307.866592931923,203.624808409977,-253.5,24.04,-0.314000000000001,1.77666666666667
518,8112.4,-111.2,-129.35,320.687118317238,231.834706849514,320.687118317238,231.834706849514,-258.08,50.02,-0.305333333333332,1.732
519,8128.475,-132.22,-161.72,331.314932777101,272.127906139742,331.314932777101,272.127906139742,-262.84,77.01,-0.317333333333333,1.79933333333333
520,8144.473,-152.8,-192.54,338.766580251657,316.013284689109,338.766580251657,316.013284689109,-267.25,102.02,-0.294000000000002,1.66733333333333
521,8160.693,-179.1,-187.63,343.643602982553,329.74526471202,343.643602982553,329.74526471202,-271.96,128.77,-0.313999999999999,1.78333333333333
522,8176.728,-206.03,-157.79,347.269292550437,320.73475786076,347.269292550437,320.73475786076,-276.71,155.06,-0.316666666666667,1.75266666666667
523,8191.901,-232.05,-128.88,350.906599078026,311.49486239744,350.906599078026,311.49486239744,-281.28,178.7,-0.304666666666666,1.576
524,8207.06,-256.9,-100.62,354.532020733034,304.545802794916,354.532020733034,304.545802794916,-285.92,202.54,-0.309333333333336,1.58933333333333
525,8222.118,-282,-71.75,358.372455407219,298.920591629282,358.372455407219,298.920591629282,-290.49,227.05,-0.304666666666666,1.634
526,8237.149,-306.3,-43.8,2.21086228746941,295.770165162073,2.21086228746941,295.770165162073,-294.89,251.75,-0.293333333333332,1.64666666666667
527,8252.221,-330.48,-16.8,5.54105894033023,262.637235935806,5.54105894033023,262.637235935806,-305.12,244.61,-0.682000000000001,-0.475999999999999
528,8267.358,-354.59,10.27,12.8807001210889,215.636195941219,12.8807001210889,215.636195941219,-306.52,220.48,-0.0933333333333318,-1.60866666666667
529,8282.35,-347.69,23.47,13.2877523868719,177.121902936932,13.2877523868719,177.121902936932,-306.98,195.85,-0.0306666666666691,-1.642
530,8297.442,-310.58,5.88,1.09539472693291,165.820303340695,1.09539472693291,165.820303340695,-307.41,171.67,-0.0286666666666671,-1.612
531,8312.528,-279.82,-9.13,349.823121422133,158.585019784342,349.823121422133,158.585019784342,-307.84,146.96,-0.0286666666666633,-1.64733333333333
532,8327.613,-244.82,-26.19,336.930130414061,161.897301089302,336.930130414061,161.897301089302,-308.26,122.76,-0.0280000000000011,-1.61333333333333
533,8342.695,-210.19,-43.09,325.131120177388,172.293063122112,325.131120177388,172.293063122112,-308.69,98.27,-0.0286666666666671,-1.63266666666667
534,8357.728,-179.66,-57.98,315.510988045226,184.738993447512,315.510988045226,184.738993447512,-309.12,73.81,-0.0286666666666671,-1.63066666666667
535,8373.856,-144.89,-74.94,306.673444899871,205.323206920212,306.673444899871,205.323206920212,-309.57,47.69,-0.0299999999999992,-1.74133333333333
536,8389.926,-110.16,-91.87,299.582233495515,229.828606792105,299.582233495515,229.828606792105,-310.03,21.59,-0.0306666666666653,-1.74
537,8406.004,-75.47,-108.8,293.88440347572,257.031059018166,293.88440347572,257.031059018166,-310.49,-4.73,-0.0306666666666691,-1.75466666666667
538,8422,-40.9,-126.3,289.485636399847,286.446162655393,289.485636399847,286.446162655393,-310.94,-30.75,-0.0299999999999992,-1.73466666666667
539,8438.19,-6.46,-143.85,285.939687889347,317.1229619564,285.939687889347,317.1229619564,-311.39,-56.76,-0.0299999999999992,-1.734
540,8454.239,27.91,-161.36,283.020847343467,348.726400635226,283.020847343467,348.726400635226,-311.85,-82.79,-0.0306666666666691,-1.73533333333333
541,8470.245,62.75,-178.73,280.556080265231,381.445559025138,280.556080265231,381.445559025138,-312.24,-108.85,-0.0259999999999991,-1.73733333333333
542,8486.431,95.39,-194.65,278.37668906773,412.066050288058,278.37668906773,412.066050288058,-312.28,-134.62,-0.00266666666666424,-1.718
543,8502.468,126.37,-210.2,276.465459237843,441.457706468015,276.465459237843,441.457706468015,-312.28,-160.49,0,-1.72466666666667
544,8518.516,159.33,-200.97,271.78410752843,471.838731135968,271.78410752843,471.838731135968,-312.28,-186.28,0,-1.71933333333333
545,8534.639,190.52,-173.88,265.602687986736,504.615410981472,265.602687986736,504.615410981472,-312.61,-212.57,-0.0220000000000027,-1.75266666666667
546,8550.67,221.63,-146.83,260.262457353265,542.465376775329,260.262457353265,542.465376775329,-313.02,-238.58,-0.0273333333333312,-1.734
547,8566.693,248.44,-123.53,256.571348648642,566.755160541128,256.571348648642,566.755160541128,-302.82,-255.15,0.679999999999999,-1.10466666666667
548,8582.776,279.76,-96.3,254.391214036451,578.442185270058,254.391214036451,578.442185270058,-277.35,-251.94,1.698,0.214000000000001
549,8599.089,309.82,-69.77,252.43539262358,588.539312280837,252.43539262358,588.539312280837,-251.28,-247.38,1.738,0.304
550,8615.188,341.32,-41.44,250.466550284466,603.217295922456,250.466550284466,603.217295922456,-227.18,-243.13,1.60666666666667,0.283333333333333
551,8630.239,369.15,-27.17,249.694610123617,609.986843136801,249.694610123617,609.986843136801,-202.93,-238.85,1.61666666666667,0.285333333333333
552,8645.283,372.56,-65.67,252.969047615061,576.90939756603,252.969047615061,576.90939756603,-179.05,-234.64,1.592,0.280666666666667
553,8661.424,373.25,-104.32,256.564099073215,541.192171876128,256.564099073215,541.192171876128,-153.13,-230.07,1.728,0.304666666666666
554,8677.479,373.92,-142.9,260.640433080198,507.840796411631,260.640433080198,507.840796411631,-127.16,-225.49,1.73133333333333,0.305333333333332
555,8692.542,374.6,-181.58,265.272326836793,477.554786909314,265.272326836793,477.554786909314,-101.33,-220.94,1.722,0.303333333333334
556,8707.635,375.27,-220.26,270.420347490988,453.902215240243,270.420347490988,453.902215240243,-78.62,-216.93,1.514,0.267333333333333
557,8723.767,375.95,-258.98,276.221958774003,430.797613387075,276.221958774003,430.797613387075,-52.31,-212.29,1.754,0.309333333333334
558,8739.76,376.62,-297.57,282.568391683089,412.904447299857,282.568391683089,412.904447299857,-26.39,-207.72,1.728,0.304666666666666
559,8755.833,376.71,-337.41,289.589334437429,400.416133665965,289.589334437429,400.416133665965,-0.53,-203.16,1.724,0.304
560,8771.912,376.93,-376.61,296.845196888615,394.214552369646,296.845196888615,394.214552369646,25.2,-198.59,1.71533333333333,0.304666666666666
561,8787.069,345.32,-387.76,303.342955595877,352.970532764422,303.342955595877,352.970532764422,50.45,-193.75,1.68333333333333,0.322666666666667
562,8802.09,345.32,-387.76,306.229549885447,336.078989078461,306.229549885447,336.078989078461,74.22,-189.13,1.58466666666667,0.308
563,8818.161,270.11,-385.25,319.370038199541,264.477308667492,319.370038199541,264.477308667492,97.89,-184.53,1.578,0.306666666666666
564,8834.28,230.16,-383.85,332.366814153348,230.547364764814,332.366814153348,230.547364764814,123.23,-179.6,1.68933333333333,0.328666666666667
565,8849.336,191.98,-382.52,348.203203243162,212.334760696406,348.203203243162,212.334760696406,148.57,-174.67,1.68933333333333,0.328666666666667
566,8864.396,154.59,-381.21,4.77599379100995,211.865633126281,4.77599379100995,211.865633126281,172.23,-170.08,1.57733333333333,0.305999999999998
567,8879.459,116.26,-379.87,20.0520467250926,227.926555276036,20.0520467250926,227.926555276036,194.41,-165.76,1.47866666666667,0.288000000000001
568,8894.595,81.28,-378.65,32.2712785665536,256.963213125926,32.2712785665536,256.963213125926,218.48,-161.38,1.60466666666667,0.292
569,8909.647,43.33,-377.33,42.1100525301715,296.768302889645,42.1100525301715,296.768302889645,242.33,-157.17,1.59,0.280666666666667
570,8924.684,5.41,-376,49.5176679935409,343.738982514349,49.5176679935409,343.738982514349,266.86,-152.84,1.63533333333333,0.288666666666666
571,8939.806,-32.74,-374.67,55.0846142895702,395.061839336578,55.0846142895702,395.061839336578,291.21,-148.55,1.62333333333333,0.286
572,8954.841,-70.6,-373.35,59.2583410933094,448.619659399808,59.2583410933094,448.619659399808,314.98,-144.03,1.58466666666667,0.301333333333334
573,8969.962,-109,-372.01,62.5481776982964,504.530778545769,62.5481776982964,504.530778545769,338.72,-139.42,1.58266666666667,0.307333333333334
574,8985.017,-146.78,-370.69,65.2350171363072,563.360171293641,65.2350171363072,563.360171293641,364.77,-134.7,1.73666666666666,0.314666666666667
575,9001.081,-182.25,-369.45,67.3460017099805,581.049333877942,67.3460017099805,581.049333877942,353.97,-145.65,-0.719999999999997,-0.730000000000001
576,9017.187,-223.1,-368.02,68.4607269415756,592.990843521213,68.4607269415756,592.990843521213,328.48,-150.31,-1.69933333333333,-0.310666666666666
577,9033.3,-262.01,-367.16,69.3827511960067,604.816325259165,69.3827511960067,604.816325259165,304.07,-154.19,-1.62733333333334,-0.258666666666666
578,9049.35,-301.49,-366.32,70.2543313801499,615.606715769086,70.2543313801499,615.606715769086,277.92,-158.34,-1.74333333333333,-0.276666666666667
579,9065.521,-306.28,-343.68,72.0215570145368,587.411720175892,72.0215570145368,587.411720175892,252.45,-162.37,-1.698,-0.268666666666667
580,9081.546,-279.51,-312.6,73.8994834934361,527.146447393891,73.8994834934361,527.146447393891,226.96,-166.41,-1.69933333333333,-0.269333333333333
581,9097.634,-253.2,-282.34,76.1696108808476,467.813009011079,76.1696108808476,467.813009011079,201.05,-170.51,-1.72733333333333,-0.273333333333333
582,9113.776,-226.53,-251.65,79.141474480548,408.738322646654,79.141474480548,408.738322646654,174.89,-174.65,-1.744,-0.276000000000001
583,9128.872,-203.86,-225.58,82.4352251009938,357.471192126023,82.4352251009938,357.471192126023,150.5,-178.52,-1.626,-0.258
584,9143.972,-177.62,-195.4,87.5810486399602,303.510450726165,87.5810486399602,303.510450726165,125.62,-182.59,-1.65866666666667,-0.271333333333333
585,9159.019,-151.69,-165.56,94.7857163743364,254.346731844543,94.7857163743364,254.346731844543,101.77,-186.78,-1.59,-0.279333333333333
586,9174.093,-125.37,-135.29,105.301587289392,210.875514225811,105.301587289392,210.875514225811,78.03,-190.94,-1.58266666666667,-0.277333333333333
587,9189.131,-125.37,-135.29,108.471512812542,188.301023895251,108.471512812542,188.301023895251,53.23,-194.95,-1.65333333333333,-0.267333333333333
588,9204.318,-99.49,-105.51,117.885836356647,158.901431396951,117.885836356647,158.901431396951,40.96,-179.83,-0.818,1.008
589,9219.45,-73.38,-75.48,125.066365444881,136.373556454321,125.066365444881,136.373556454321,38.24,-153.83,-0.181333333333333,1.73333333333333
590,9234.515,-49.98,-48.85,132.755336402409,117.710462576612,132.755336402409,117.710462576612,36.45,-128.76,-0.119333333333333,1.67133333333333
591,9249.679,-22.22,-18,147.144754319752,105.268309571305,147.144754319752,105.268309571305,34.89,-106.43,-0.104,1.48866666666667
592,9264.783,5.78,13.09,163.547139761882,96.0009427037047,163.547139761882,96.0009427037047,32.97,-78.98,-0.128,1.83
593,9279.861,30.37,40.4,179.504871160295,93.7334998813124,179.504871160295,93.7334998813124,31.18,-53.33,-0.119333333333333,1.71
594,9294.933,58.44,71.58,196.291187957699,103.558015141272,196.291187957699,103.558015141272,29.39,-27.82,-0.119333333333333,1.70066666666667
595,9310.12,84.74,100.8,209.106224891066,117.509125177579,209.106224891066,117.509125177579,27.58,-1.87,-0.120666666666667,1.73
596,9325.186,109.02,128.65,218.307797654215,134.21826403288,218.307797654215,134.21826403288,25.82,23.33,-0.117333333333333,1.68
597,9340.593,135.38,158.98,225.331215702462,156.57019959111,225.331215702462,156.57019959111,24.03,48.91,-0.119333333333333,1.70533333333333
598,9355.701,159.93,187.19,230.77203351316,177.812570140584,230.77203351316,177.812570140584,22.19,74.74,-0.122666666666667,1.722
599,9370.789,184.45,214.5,234.837483565578,200.973226077505,234.837483565578,200.973226077505,20.15,98.76,-0.136,1.60133333333333
600,9386.049,209.88,243.08,237.959463541913,226.325489947553,237.959463541913,226.325489947553,18.03,123.01,-0.141333333333333,1.61666666666667
601,9401.031,230.75,254.73,243.634976215203,239.546950095383,243.634976215203,239.546950095383,16.12,148.35,-0.127333333333333,1.68933333333333
602,9416.1,213.43,223.51,251.026503157507,224.740351961992,251.026503157507,224.740351961992,0.9,150.44,-1.01466666666667,0.139333333333334
603,9431.252,193.21,192.36,254.309123214262,217.380731666815,254.309123214262,217.380731666815,-16.07,133.57,-1.13133333333333,-1.12466666666667
604,9446.268,173.55,162.08,257.287433674924,211.033204022495,257.287433674924,211.033204022495,-32.31,115.64,-1.08266666666667,-1.19533333333333
605,9461.346,153.79,131.65,260.478420573006,205.054966533366,260.478420573006,205.054966533366,-48.44,97.73,-1.07533333333333,-1.194
606,9476.426,133.79,100.86,263.911509904432,199.595866189658,263.911509904432,199.595866189658,-64.68,79.69,-1.08266666666667,-1.20266666666667
607,9491.454,114.11,70.55,267.432244787234,195.085877756438,267.432244787234,195.085877756438,-80.78,61.81,-1.07333333333333,-1.192
608,9506.525,94.3,40.05,271.11391096418,191.356162168873,271.11391096418,191.356162168873,-97.02,43.77,-1.08266666666667,-1.20266666666667
609,9521.598,74.6,9.71,275.320066421897,187.447469974924,275.320066421897,187.447469974924,-112.04,27.09,-1.00133333333333,-1.112
610,9536.699,54.84,-20.71,279.255117959344,185.474506334429,279.255117959344,185.474506334429,-128.22,9.12,-1.07866666666667,-1.198
611,9551.802,35.04,-51.21,283.252616038545,184.431637199261,283.252616038545,184.431637199261,-144.48,-8.93,-1.084,-1.20333333333333
612,9565.936,14.09,-83.46,288.434948822922,182.969385417342,288.434948822922,182.969385417342,-159.49,-25.6,-1.00066666666667,-1.11133333333333
613,9581.063,-5.83,-114.15,292.52260047094,183.971803546087,292.52260047094,183.971803546087,-175.77,-43.68,-1.08533333333333,-1.20533333333333
614,9597.066,-26.85,-146.51,296.715169577066,186.050438591259,296.715169577066,186.050438591259,-193.04,-62.87,-1.15133333333333,-1.27933333333333
615,9611.156,-45.31,-174.93,299.87649608746,188.98602196988,299.87649608746,188.98602196988,-209.18,-80.79,-1.076,-1.19466666666667
616,9627.244,-66.76,-207.57,304.448535622078,192.339730945013,304.448535622078,192.339730945013,-225.37,-98.77,-1.07933333333333,-1.19866666666667
617,9643.29,-88.81,-240.34,308.483649959916,196.579966680229,308.483649959916,196.579966680229,-242.69,-118.01,-1.15466666666667,-1.28266666666667
618,9658.345,-108.93,-262.62,310.219729520369,196.261337252145,310.219729520369,196.261337252145,-258.79,-135.89,-1.07333333333333,-1.192
619,9673.356,-127.26,-231.75,297.777235782432,167.004570296744,297.777235782432,167.004570296744,-275.02,-153.92,-1.082,-1.202
620,9688.482,-143.85,-197.75,279.980018302191,149.563151879064,279.980018302191,149.563151879064,-291.15,-171.83,-1.07533333333333,-1.194
621,9703.496,-159.74,-165.16,260.511872569679,149.657345292505,260.511872569679,149.657345292505,-307.35,-189.83,-1.08,-1.2
622,9718.636,-175.67,-132.51,243.005844350766,166.005870076934,243.005844350766,166.005870076934,-323.59,-207.86,-1.08266666666666,-1.202
623,9733.668,-191.48,-100.08,229.708927867043,194.318305879812,229.708927867043,194.318305879812,-339.7,-225.74,-1.074,-1.192
624,9748.732,-207.42,-67.41,220.186062420174,230.78644349268,220.186062420174,230.78644349268,-356.34,-243.72,-1.10933333333333,-1.19866666666667
625,9763.787,-223.39,-34.66,213.397192894299,271.837156032798,213.397192894299,271.837156032798,-373.02,-261.61,-1.112,-1.19266666666667
626,9778.841,-239.22,-2.21,208.382038199524,315.095186888026,208.382038199524,315.095186888026,-389,-279.43,-1.06533333333333,-1.188
627,9793.966,-256.13,32.46,200.200691161216,338.363100972905,200.200691161216,338.363100972905,-372.97,-285.09,1.06866666666666,-0.377333333333331
628,9808.965,-272.08,65.17,192.493855224375,352.046743629308,192.493855224375,352.046743629308,-348.24,-278.54,1.64866666666667,0.436666666666664
629,9824,-287.94,97.69,185.979475255589,371.692275007162,185.979475255589,371.692275007162,-326.66,-271.98,1.43866666666667,0.437333333333333
630,9839.088,-302.84,129.02,180.053827524332,393.840173801506,180.053827524332,393.840173801506,-303.21,-264.82,1.56333333333334,0.477333333333335
631,9854.106,-319.96,166.92,174.652951339914,426.556153982099,174.652951339914,426.556153982099,-280.21,-257.78,1.53333333333333,0.469333333333335
632,9869.2,-311.58,200.18,173.098906008818,454.160370133723,173.098906008818,454.160370133723,-257.01,-250.69,1.54666666666667,0.472666666666665
633,9883.639,-298.13,237.28,172.402313238172,485.189537603605,172.402313238172,485.189537603605,-233.98,-243.65,1.53533333333333,0.469333333333333
634,9899.367,-286.27,269.85,171.520141824772,511.997275383376,171.520141824772,511.997275383376,-210.77,-236.55,1.54733333333333,0.473333333333333
635,9914.375,-272.24,307.95,171.060715534141,544.058373798254,171.060715534141,544.058373798254,-187.7,-229.5,1.538,0.470000000000001
636,9930.612,-255.78,298.97,169.898742377804,529.11158378928,169.898742377804,529.11158378928,-162.98,-221.94,1.648,0.504
637,9945.691,-250.52,260.44,166.897762077951,488.024691281087,166.897762077951,488.024691281087,-139.89,-214.88,1.53933333333333,0.470666666666667
638,9960.735,-245.71,221.28,163.284342884242,448.052955910348,163.284342884242,448.052955910348,-116.84,-207.84,1.53666666666667,0.469333333333333
639,9975.737,-234.03,186.56,160.065135840033,411.964573719634,160.065135840033,411.964573719634,-93.57,-200.72,1.55133333333333,0.474666666666667
640,9990.728,-202.39,164.17,159.761340221288,381.37623654339,159.761340221288,381.37623654339,-70.46,-193.66,1.54066666666667,0.470666666666667
641,10006.813,-172.71,143.39,158.929287540463,353.109830647633,158.929287540463,353.109830647633,-45.76,-186.11,1.64666666666667,0.503333333333332
642,10022.992,-141.04,121.22,158.20913512233,322.881488630116,158.20913512233,322.881488630116,-21.18,-178.59,1.63866666666667,0.501333333333334
643,10039.051,-111.42,100.47,157.072924825615,294.820391764206,157.072924825615,294.820391764206,3.43,-171.06,1.64066666666667,0.502
644,10055.141,-81.53,79.54,155.680164246123,266.663519064757,155.680164246123,266.663519064757,28.29,-163.46,1.65733333333333,0.506666666666666
645,10071.22,-51.95,58.83,153.971008962404,239.001405853606,153.971008962404,239.001405853606,52.93,-155.93,1.64266666666667,0.502
646,10087.302,-22.18,37.99,151.858954589547,211.388386625188,151.858954589547,211.388386625188,77.52,-148.41,1.63933333333333,0.501333333333334
647,10103.285,7.61,17.13,149.085333695211,184.151818345625,149.085333695211,184.151818345625,102.22,-140.86,1.64666666666667,0.503333333333332
648,10119.359,37.2,-3.59,145.388731447326,157.674495401127,145.388731447326,157.674495401127,126.76,-133.36,1.636,0.5
649,10135.441,67.01,-24.47,140.156067160766,131.949716558998,140.156067160766,131.949716558998,151.55,-125.78,1.65266666666667,0.505333333333334
650,10151.522,124.25,-64.54,136.058399444709,74.6478566336637,136.058399444709,74.6478566336637,176.05,-118.29,1.63333333333333,0.499333333333333
651,10167.631,155.93,-87.03,117.899621434175,50.6919954233407,117.899621434175,50.6919954233407,200.73,-110.75,1.64533333333333,0.502666666666667
652,10183.673,185.29,-108.36,82.67620568576,40.3995965326388,82.67620568576,40.3995965326388,225.36,-103.21,1.642,0.502666666666667
653,10199.752,214.75,-129.76,46.3657004981986,48.9527660096955,46.3657004981986,48.9527660096955,250.18,-95.98,1.65466666666667,0.481999999999999
654,10214.789,244.13,-151.11,25.6524192662179,68.7901773511306,25.6524192662179,68.7901773511306,273.91,-89.1,1.582,0.458666666666667
655,10229.97,273.75,-172.27,2.78479760592442,100.648859904124,2.78479760592442,100.648859904124,278.64,-71.74,0.315333333333331,1.15733333333333
656,10245.985,303.58,-193.16,346.611049730906,149.63705222972,346.611049730906,149.63705222972,268.93,-47.59,-0.647333333333332,1.61
657,10262.091,333.08,-214.07,338.559050906336,204.846438338576,338.559050906336,204.846438338576,258.2,-23.4,-0.715333333333335,1.61266666666667
658,10277.155,359.75,-236.53,334.661769550049,260.677949968922,334.661769550049,260.677949968922,248.19,-0.93,-0.667333333333333,1.498
659,10292.232,327.86,-234.95,340.668478888236,271.211162749618,340.668478888236,271.211162749618,238.08,20.97,-0.673999999999999,1.46
660,10307.309,295.31,-223.86,345.806235818593,275.242594269128,345.806235818593,275.242594269128,227.82,42.98,-0.684000000000001,1.46733333333333
661,10322.412,258.65,-211.23,351.553096125295,279.046986186914,351.553096125295,279.046986186914,217.66,64.79,-0.677333333333333,1.454
662,10338.437,223.97,-199.29,356.575347801032,287.934187619324,356.575347801032,287.934187619324,206.77,88.13,-0.725999999999999,1.556
663,10354.525,189.82,-187.53,1.14901751873337,299.210164432962,1.14901751873337,299.210164432962,195.82,111.62,-0.730000000000001,1.566
664,10370.574,155.53,-175.73,5.3616928737179,312.919127091969,5.3616928737179,312.919127091969,184.77,135.82,-0.736666666666666,1.61333333333333
665,10387.708,123.47,-164.69,8.75568416155176,329.388557937279,8.75568416155176,329.388557937279,173.61,160.86,-0.744,1.66933333333333
666,10403.797,89.29,-152.92,12.250496360584,346.111205395029,12.250496360584,346.111205395029,162.73,185.31,-0.725333333333335,1.63
667,10418.868,52.35,-140.16,15.9297780026845,362.82283348764,15.9297780026845,362.82283348764,151.93,208.73,-0.719999999999999,1.56133333333333
668,10433.925,13.81,-126.17,19.927841584811,378.216621792327,19.927841584811,378.216621792327,142.72,229.4,-0.614000000000001,1.378
669,10449.004,-25.07,-112.02,27.8124244969019,399.161170581508,27.8124244969019,399.161170581508,161.17,241.03,1.23,0.775333333333333
670,10465.087,-63.25,-98.13,35.7063097668901,419.066415380665,35.7063097668901,419.066415380665,181.33,242.16,1.344,0.075333333333333
671,10481.122,-99.11,-85.07,40.0918652577253,456.619784174974,40.0918652577253,456.619784174974,194.96,264.25,0.908666666666666,1.47266666666667
672,10497.188,-134.68,-72.13,43.4810815093199,495.643877395858,43.4810815093199,495.643877395858,206.38,287.51,0.761333333333333,1.55066666666667
673,10513.261,-169.13,-59.9,46.2107091749063,536.120770349368,46.2107091749063,536.120770349368,217.89,311.1,0.767333333333333,1.57266666666667
674,10529.355,-203.52,-48.05,48.5117606933285,577.65957172023,48.5117606933285,577.65957172023,229.2,334.63,0.754,1.56866666666666
675,10545.419,-240.07,-35.46,50.3988648337492,611.823003899003,50.3988648337492,611.823003899003,231.34,354.54,0.142666666666668,1.32733333333334
676,10561.568,-277.47,-22.39,52.363726482429,611.122667637194,52.363726482429,611.122667637194,206.48,350.79,-1.65733333333333,-0.25
677,10577.574,-315.43,-8.58,54.6957945216217,608.789288506294,54.6957945216217,608.789288506294,181.4,343.25,-1.672,-0.502666666666668
678,10593.664,-352.56,4.49,56.9622559474409,607.566446160418,56.9622559474409,607.566446160418,156.77,335.73,-1.642,-0.501333333333332
679,10609.729,-351.45,-23.82,53.9389482519603,597.879574830919,53.9389482519603,597.879574830919,131.87,328.12,-1.66,-0.507333333333334
680,10624.762,-335.13,-53.47,49.8724324797575,581.419531835662,49.8724324797575,581.419531835662,109.43,321.25,-1.496,-0.458
681,10640.836,-316.2,-87.59,44.963562761254,567.064397842079,44.963562761254,567.064397842079,84.52,313.64,-1.66066666666667,-0.507333333333334
682,10655.912,-298.18,-118.93,40.0715737849298,555.15852988133,40.0715737849298,555.15852988133,59.2,305.9,-1.688,-0.516000000000001
683,10671.988,-280.13,-150.2,35.0537810698573,547.963249953863,35.0537810698573,547.963249953863,34.59,298.37,-1.64066666666667,-0.501999999999998
684,10688.046,-260.72,-183.82,29.7943534502003,547.305951091343,29.7943534502003,547.305951091343,11.23,291.14,-1.55733333333333,-0.482000000000001
685,10704.159,-241.39,-217.3,24.5013698537567,550.040391425939,24.5013698537567,550.040391425939,-13.28,283.21,-1.634,-0.528666666666667
686,10721.225,-224.74,-247.08,19.6914787428045,554.762117758594,19.6914787428045,554.762117758594,-37.81,275.24,-1.63533333333333,-0.531333333333331
687,10737.338,-186.62,-314.98,12.0531535131794,595.395920207722,12.0531535131794,595.395920207722,-62.29,267.29,-1.632,-0.529999999999999
688,10752.439,-164.09,-343.86,7.29389722690388,608.070524281518,7.29389722690388,608.070524281518,-86.89,259.29,-1.64,-0.533333333333333
689,10767.439,-164.09,-343.86,5.33486476718784,598.753617525606,5.33486476718784,598.753617525606,-108.42,252.3,-1.43533333333333,-0.466000000000001
690,10782.535,-126.3,-338.8,359.358450847171,583.196559060494,359.358450847171,583.196559060494,-132.83,244.36,-1.62733333333333,-0.529333333333333
691,10798.568,-50.55,-326.8,349.248188002666,573.39625896931,349.248188002666,573.39625896931,-157.52,236.53,-1.646,-0.522000000000001
692,10814.838,-12.2,-320.72,342.789137735437,575.384399249754,342.789137735437,575.384399249754,-182.45,228.9,-1.662,-0.508666666666666
693,10830.852,25.31,-314.78,336.496704408002,584.425622727135,336.496704408002,584.425622727135,-207.76,221.16,-1.68733333333333,-0.516000000000001
694,10846.99,65.44,-308.43,330.283021836988,601.069914402643,330.283021836988,601.069914402643,-232.52,213.59,-1.65066666666667,-0.504666666666666
695,10862.965,101.42,-302.22,324.774391022241,621.726005970476,324.774391022241,621.726005970476,-257.19,205.66,-1.64466666666667,-0.528666666666667
696,10879.068,138.65,-295.8,319.574419619711,648.289959971616,319.574419619711,648.289959971616,-281.74,197.71,-1.63666666666667,-0.529999999999999
697,10894.133,176.22,-290.8,315.065178802018,677.528942924212,315.065178802018,677.528942924212,-302.32,188.83,-1.372,-0.592
698,10909.19,213.74,-290.02,312.623708173449,681.487433926701,312.623708173449,681.487433926701,-287.71,171.47,0.974000000000001,-1.15733333333333
699,10925.318,255.18,-289.3,310.50458092515,686.272412165898,310.50458092515,686.272412165898,-266.63,156.44,1.40533333333333,-1.002
700,10941.313,296.59,-288.57,308.436827838876,691.834701717108,308.436827838876,691.834701717108,-245.32,141.51,1.42066666666667,-0.995333333333334
701,10957.412,334.72,-284.03,306.313581200082,692.936663195129,306.313581200082,692.936663195129,-223.64,126.33,1.44533333333333,-1.012
702,10972.413,305.55,-274.15,307.193154723956,640.922200582879,307.193154723956,640.922200582879,-205.01,113.29,1.242,-0.869333333333333
703,10987.48,267.05,-270.69,309.297826338898,584.14638867325,309.297826338898,584.14638867325,-185,99.28,1.334,-0.934
704,11003.607,228.49,-267.32,311.887229986176,526.475302079784,311.887229986176,526.475302079784,-163.45,84.19,1.43666666666667,-1.006
705,11018.715,190.14,-263.96,315.066192151052,471.294055235158,315.066192151052,471.294055235158,-142.73,69.68,1.38133333333333,-0.967333333333333
706,11033.766,153.9,-260.79,318.781007255093,422.163611529938,318.781007255093,422.163611529938,-124.28,56.76,1.23,-0.861333333333334
707,11048.818,117.67,-257.62,323.617802070048,371.951474523223,323.617802070048,371.951474523223,-102.96,41.83,1.42133333333333,-0.995333333333333
708,11063.87,79.2,-254.26,330.132038972557,325.078424537834,330.132038972557,325.078424537834,-82.69,27.64,1.35133333333333,-0.946
709,11079.999,40.7,-250.89,338.914510021206,282.076525964143,338.914510021206,282.076525964143,-60.78,12.3,1.46066666666667,-1.02266666666667
710,11096.086,4.43,-247.72,349.974251497526,248.433677467448,349.974251497526,248.433677467448,-38.82,-3.08,1.464,-1.02533333333333
711,11111.189,-32.64,-244.23,3.67059613422586,227.115904550958,3.67059613422586,227.115904550958,-18.1,-17.58,1.38133333333333,-0.966666666666667
712,11126.248,-73.09,-239.99,19.7333763891785,221.890752398562,19.7333763891785,221.890752398562,1.83,-31.13,1.32866666666667,-0.903333333333333
713,11141.351,-109.42,-236.63,34.3706069678876,232.577236418356,34.3706069678876,232.577236418356,21.88,-44.66,1.33666666666667,-0.902
714,11156.438,-109.42,-236.63,40.3288099687917,234.002277125672,40.3288099687917,234.002277125672,42.02,-58.24,1.34266666666667,-0.905333333333334
715,11171.509,-83.39,-251.65,38.9429581945048,231.327400884547,38.9429581945048,231.327400884547,62.01,-71.73,1.33266666666667,-0.899333333333333
716,11186.63,-48.13,-261.1,36.5142815436943,218.798214343719,36.5142815436943,218.798214343719,82.06,-85.25,1.33666666666667,-0.901333333333333
717,11201.675,-13.09,-270.49,33.9369510015568,206.61664719959,33.9369510015568,206.61664719959,102.26,-99.07,1.34666666666667,-0.921333333333333
718,11216.74,22.28,-279.97,30.9642615854431,194.556569922478,30.9642615854431,194.556569922478,122.38,-113.14,1.34133333333333,-0.938000000000001
719,11232.859,45.66,-301.04,29.6211942724192,198.800855128946,29.6211942724192,198.800855128946,143.92,-128.22,1.436,-1.00533333333333
720,11248.897,8.35,-299.89,44.9671490119697,221.989139373979,44.9671490119697,221.989139373979,165.23,-142.83,1.42066666666667,-0.974000000000001
721,11264.927,-29.5,-298.57,56.8705579166726,258.22807632014,56.8705579166726,258.22807632014,186.75,-157.44,1.43466666666667,-0.973999999999999
722,11280.028,-66.36,-297.28,58.7654056178427,298.952813667977,58.7654056178427,298.952813667977,189.26,-142.26,0.167333333333333,1.012
723,11295.144,-103.88,-295.97,58.1385955750997,330.708722745561,58.1385955750997,330.708722745561,177,-121.4,-0.817333333333333,1.39066666666667
724,11310.255,-143.76,-294.58,57.4263852230366,363.830364868025,57.4263852230366,363.830364868025,162.84,-98.7,-0.944,1.51333333333333
725,11325.337,-183.26,-293.2,57.2984526661569,396.6031019798,57.2984526661569,396.6031019798,150.48,-78.93,-0.824000000000001,1.318
726,11340.599,-189.6,-272.73,56.5934499717958,391.226517633966,56.5934499717958,391.226517633966,136.99,-57.33,-0.899333333333332,1.44
727,11355.628,-167.04,-243.42,54.7820985247334,357.004383726587,54.7820985247334,357.004383726587,124.62,-37.54,-0.824666666666667,1.31933333333333
728,11370.673,-143.59,-213.47,52.266435533887,322.292615025539,52.266435533887,322.292615025539,111.3,-16.23,-0.888000000000001,1.42066666666667
729,11385.683,-143.59,-213.47,47.8465071207637,325.784223067969,47.8465071207637,325.784223067969,97.93,5.17,-0.891333333333333,1.42666666666667
730,11400.828,-119.08,-183.15,44.3480569876637,292.082292855969,44.3480569876637,292.082292855969,85.09,25.72,-0.856,1.37
731,11416.9,-93.04,-150.99,39.4857673564241,258.064912182962,39.4857673564241,258.064912182962,71.06,48.18,-0.935333333333334,1.49733333333333
732,11432.917,-67.06,-118.9,32.9125946541608,227.08743184069,32.9125946541608,227.08743184069,56.33,71.74,-0.982,1.57066666666667
733,11448.005,-40.88,-86.57,24.7097574218559,198.913077750056,24.7097574218559,198.913077750056,42.27,94.13,-0.937333333333333,1.49266666666667
734,11463.067,-14.62,-54.14,14.1416728467861,175.302621201167,14.1416728467861,175.302621201167,28.21,115.85,-0.937333333333334,1.448
735,11478.157,10.65,-22.65,1.94407601394389,157.410603200674,1.94407601394389,157.410603200674,15.99,134.67,-0.814666666666667,1.25466666666667
736,11493.23,32.12,4.81,348.740113829935,154.922000051639,348.740113829935,154.922000051639,1.87,156.75,-0.941333333333333,1.472
737,11508.255,56.59,36.13,334.536334100757,153.55679730966,334.536334100757,153.55679730966,-9.43,174.77,-0.753333333333333,1.20133333333333
738,11523.424,81.42,67.91,315.620142161243,160.062995411182,315.620142161243,160.062995411182,-30.53,182.31,-1.40666666666667,0.502666666666666
739,11538.379,104.52,96.56,298.692161945235,181.33589964483,298.692161945235,181.33589964483,-54.55,183.62,-1.60133333333333,0.0873333333333335
740,11553.468,128.46,126.22,285.713123906368,215.160608151213,285.713123906368,215.160608151213,-78.66,184.49,-1.60733333333333,0.0580000000000003
741,11568.538,146.74,153.74,277.21400461917,251.561350370044,277.21400461917,251.561350370044,-102.83,185.33,-1.61133333333333,0.0560000000000002
742,11583.632,112.33,155.83,277.263849493251,239.562630015618,277.263849493251,239.562630015618,-125.31,186.12,-1.49866666666667,0.0526666666666661
743,11598.758,75.83,154.56,278.137522576804,229.31897370257,278.137522576804,229.31897370257,-151.18,187.02,-1.72466666666667,0.0600000000000004
744,11613.811,36.78,153.19,279.230016839171,216.523465933834,279.230016839171,216.523465933834,-176.94,187.92,-1.71733333333333,0.0599999999999985
745,11628.871,0.61,151.93,280.346318615599,205.125302437315,280.346318615599,205.125302437315,-201.18,188.77,-1.616,0.0566666666666682
746,11643.993,-37.15,151.14,281.552095078909,192.101392498857,281.552095078909,192.101392498857,-225.36,189.61,-1.612,0.0560000000000002
747,11659.001,-41.48,125.93,287.230545587288,217.846840234143,287.230545587288,217.846840234143,-249.55,190.46,-1.61266666666667,0.0566666666666663
748,11674.018,-25.67,93.22,291.579519218654,267.080179908581,291.579519218654,267.080179908581,-274.03,191.45,-1.632,0.0659999999999987
749,11689.154,-9.85,60.78,294.498180249115,318.305643368131,294.498180249115,318.305643368131,-299.5,192.77,-1.698,0.0880000000000014
750,11704.235,6.14,28,296.650165438073,370.288793511227,296.650165438073,370.288793511227,-324.81,194.09,-1.68733333333333,0.0879999999999996
751,11719.312,21.99,-4.49,298.272136635797,421.694913059193,298.272136635797,421.694913059193,-349.4,195.25,-1.63933333333333,0.0773333333333331
752,11734.367,37.84,-37,299.541804769051,472.783686795558,299.541804769051,472.783686795558,-373.48,196.11,-1.60533333333334,0.0573333333333342
753,11749.413,53.78,-69.67,300.907347387887,524.32459345333,300.907347387887,524.32459345333,-396.09,199.65,-1.50733333333333,0.235999999999999
754,11764.466,69.69,-102.39,305.054696932113,549.691839852112,305.054696932113,549.691839852112,-380.29,213.33,1.05333333333333,0.912000000000001
755,11779.523,67.04,-123.7,309.185156720322,547.949306505629,309.185156720322,547.949306505629,-357.68,222.51,1.50733333333333,0.611999999999999
756,11794.634,38.84,-100.59,311.652111403051,499.589176223825,311.652111403051,499.589176223825,-334.45,231.44,1.54866666666667,0.595333333333334
757,11809.679,11,-74.66,314.28740043588,450.864940863669,314.28740043588,450.864940863669,-311.75,240.16,1.51333333333333,0.581333333333333
758,11824.705,-16.64,-48.89,317.571285723584,403.499543741997,317.571285723584,403.499543741997,-288.87,248.94,1.52533333333333,0.585333333333333
759,11839.714,-44.37,-23.02,321.47661060566,358.137124157773,321.47661060566,358.137124157773,-267.43,257.17,1.42933333333333,0.548666666666668
760,11855.768,-72.35,3.07,327.015989759336,313.97582996148,327.015989759336,313.97582996148,-243.28,266.44,1.61,0.617999999999999
761,11871.857,-100.38,29.21,334.096881592449,273.686151823581,334.096881592449,273.686151823581,-219.94,275.4,1.556,0.597333333333332
762,11887.921,-129.54,55.89,343.970689635491,238.221934338549,343.970689635491,238.221934338549,-195.32,284.85,1.64133333333333,0.630000000000003
763,11902.976,-158.21,81.7,356.235965135094,212.498386111519,356.235965135094,212.498386111519,-172.16,293.74,1.544,0.592666666666666
764,11918.004,-187.61,108.65,11.2911914749371,197.85961816399,11.2911914749371,197.85961816399,-148.87,302.68,1.55266666666667,0.596
765,11933.079,-213.82,136.87,26.7418490212993,195.656879511046,26.7418490212993,195.656879511046,-125.78,311.6,1.53933333333333,0.594666666666668
766,11948.163,-179.43,148.49,23.8735017326536,188.27891252076,23.8735017326536,188.27891252076,-103.23,320.66,1.50333333333333,0.604
767,11963.239,-143.16,156.87,19.8178926993469,183.699621121003,19.8178926993469,183.699621121003,-80.88,329.69,1.49,0.601999999999998
768,11978.338,-104.51,165.79,14.879018994437,178.908780388219,14.879018994437,178.908780388219,-58.57,338.7,1.48733333333333,0.600666666666666
769,11994.428,-65.78,174.73,10.1729699993464,176.423547464617,10.1729699993464,176.423547464617,-34.62,348.38,1.59666666666667,0.645333333333334
770,12010.515,-27.69,183.53,5.68654085964926,175.403181271036,5.68654085964926,175.403181271036,-10.31,358.07,1.62066666666667,0.646
771,12026.537,7.79,191.72,2.02086684778939,175.819350755257,2.02086684778939,175.819350755257,13.99,367.43,1.62,0.624000000000001
772,12042.674,45.83,200.5,357.560383313911,176.429909595851,357.560383313911,176.429909595851,38.32,376.77,1.622,0.622666666666665
773,12057.781,84.04,209.32,352.468348467145,177.914942598985,352.468348467145,177.914942598985,60.72,385.7,1.49333333333333,0.595333333333334
774,12072.784,121.81,218.04,344.276546755458,169.855853299202,344.276546755458,169.855853299202,75.78,381.54,1.004,-0.277333333333331
775,12088.887,159.95,226.85,324.782407031807,160.642793800407,324.782407031807,160.642793800407,67.31,358.09,-0.564666666666667,-1.56333333333334
776,12104.067,196.07,235.19,306.003687757957,172.51371452728,306.003687757957,172.51371452728,56.51,336.6,-0.72,-1.43266666666666
777,12119.1,231.97,243.48,291.037511025422,200.011655660364,291.037511025422,200.011655660364,45.29,315.28,-0.748,-1.42133333333334
778,12134.209,270.36,252.34,279.987377220699,240.037532273601,279.987377220699,240.037532273601,33.96,293.97,-0.755333333333333,-1.42066666666666
779,12149.225,307.42,260.39,272.43831423407,285.118144810182,272.43831423407,285.118144810182,22.56,272.52,-0.76,-1.43
780,12164.26,323.54,245.32,271.076737423883,312.375157943137,271.076737423883,312.375157943137,11.22,251.19,-0.756,-1.422
781,12179.542,310.37,211.37,273.66833122497,310.405980129249,273.66833122497,310.405980129249,0.6,231.23,-0.708,-1.33066666666667
782,12194.587,296.77,177.72,275.706176143071,309.774978976676,275.706176143071,309.774978976676,-11.47,208.52,-0.804666666666667,-1.514
783,12209.58,283.13,143.94,277.93382636551,309.209710229158,277.93382636551,309.209710229158,-23.12,186.62,-0.776666666666667,-1.46
784,12224.724,269.59,110.42,280.21379213647,308.986524301627,280.21379213647,308.986524301627,-34.5,165.21,-0.758666666666667,-1.42733333333333
785,12239.763,255.87,76.48,282.607012196881,309.122936386157,282.607012196881,309.122936386157,-45.8,143.95,-0.753333333333333,-1.41733333333333
786,12255.738,242.36,43.03,284.591394291696,309.89503852111,284.591394291696,309.89503852111,-57.54,121.1,-0.782666666666667,-1.52333333333333
787,12269.929,227.83,7.07,287.600841394015,310.201712438858,287.600841394015,310.201712438858,-67.85,100.87,-0.687333333333333,-1.34866666666667
788,12285.043,215.17,-24.27,289.43830143199,311.696579705328,289.43830143199,311.696579705328,-78.76,79.46,-0.727333333333334,-1.42733333333333
789,12300.101,200.66,-60.18,292.13061393214,313.496044632145,292.13061393214,313.496044632145,-89.74,57.92,-0.731999999999999,-1.436
790,12316.177,185.38,-96.9,294.988493677749,315.668935595506,294.988493677749,315.668935595506,-100.74,36.45,-0.733333333333333,-1.43133333333333
791,12331.312,170.44,-132.55,297.301375517577,318.768868774854,297.301375517577,318.768868774854,-112.82,13.66,-0.805333333333333,-1.51933333333333
792,12346.319,143.78,-132.64,295.285415159697,295.579042051361,295.285415159697,295.579042051361,-123.48,-6.39,-0.710666666666667,-1.33666666666667
793,12362.437,111.96,-109.55,287.986191464878,260.016769074612,287.986191464878,260.016769074612,-135.35,-29.26,-0.791333333333333,-1.52466666666667
794,12378.526,80.6,-86.77,278.628663967743,229.487465888662,278.628663967743,229.487465888662,-146.29,-52.34,-0.729333333333333,-1.53866666666667
795,12394.546,51.35,-65.52,268.23088105686,183.337388712723,268.23088105686,183.337388712723,-131.9,-71.18,0.959333333333332,-1.256
796,12410.641,21.86,-44.09,251.96148417524,140.76899729699,251.96148417524,140.76899729699,-111.99,-87.68,1.32733333333333,-1.1
797,12425.681,-7.46,-22.79,227.002533131827,117.366550601098,227.002533131827,117.366550601098,-93.3,-102.83,1.246,-1.01
798,12440.748,-39.64,1.14,196.302836312668,124.18323437566,196.302836312668,124.18323437566,-74.5,-118.05,1.25333333333333,-1.01466666666667
799,12455.82,-71.59,25.22,174.258636154441,159.339308395637,174.258636154441,159.339308395637,-55.65,-133.32,1.25666666666667,-1.018
800,12471,-104.19,49.78,161.257826544667,209.361602257912,161.257826544667,209.361602257912,-36.92,-148.48,1.24866666666667,-1.01066666666667
801,12487.012,-136.67,74.26,153.371694722065,267.357866725481,153.371694722065,267.357866725481,-16.84,-164.74,1.33866666666667,-1.084
802,12503.106,-168.41,98.18,148.410933462308,327.801337703189,148.410933462308,327.801337703189,3.3,-181.05,1.34266666666667,-1.08733333333333
803,12519.133,-200.1,121.84,145.005810474561,389.472686076957,145.005810474561,389.472686076957,23.26,-197.22,1.33066666666667,-1.078
804,12535.234,-231.28,144.51,142.50806442722,451.162588098792,142.50806442722,451.162588098792,43.32,-213.46,1.33733333333333,-1.08266666666667
805,12551.332,-262.68,167.32,140.607157949257,513.68192531955,140.607157949257,513.68192531955,63.32,-229.66,1.33333333333333,-1.08
806,12567.401,-294.28,190.51,139.127779377567,577.131496021487,139.127779377567,577.131496021487,83.38,-245.9,1.33733333333333,-1.08266666666667
807,12583.505,-327.08,215.21,137.98364245818,641.480026968884,137.98364245818,641.480026968884,102.29,-261.38,1.26066666666667,-1.032
808,12598.606,-358.35,235.22,136.888491854863,702.934808926119,136.888491854863,702.934808926119,122.05,-277.94,1.31733333333333,-1.104
809,12613.646,-358.35,235.22,136.65470788199,727.527348833018,136.65470788199,727.527348833018,141.02,-293.86,1.26466666666667,-1.06133333333333
810,12629.694,-307.65,189.42,136.857484957068,685.214181479047,136.857484957068,685.214181479047,160.91,-310.55,1.326,-1.11266666666667
811,12644.841,-307.65,189.42,136.615137145323,710.224449100424,136.615137145323,710.224449100424,180.2,-326.74,1.286,-1.07933333333333
812,12659.971,-275.2,167.53,137.051460471693,697.68273018615,137.051460471693,697.68273018615,200.16,-343.15,1.33066666666667,-1.094
813,12676.018,-212.89,125.5,138.253753140839,648.451088132328,138.253753140839,648.451088132328,218.87,-358.31,1.24733333333333,-1.01066666666667
814,12692.116,-182.35,104.9,138.700561966353,638.172178726087,138.700561966353,638.172178726087,238.84,-374.54,1.33133333333333,-1.082
815,12708.152,-151.04,86.81,139.415723540401,628.099390622217,139.415723540401,628.099390622217,257.58,-390.2,1.24933333333333,-1.044
816,12724.229,-111.76,93.14,141.702985154886,607.982587415133,141.702985154886,607.982587415133,265.03,-384.01,0.496666666666666,0.412666666666667
817,12739.294,-111.76,93.14,141.82041453649,584.344654805706,141.82041453649,584.344654805706,249.44,-366.2,-1.03933333333333,1.18733333333333
818,12754.456,-68.85,100.7,146.185476172122,541.377574711033,146.185476172122,541.377574711033,232.43,-349.1,-1.134,1.14
819,12770.48,-28.49,107.82,151.065299732492,500.793173375996,151.065299732492,500.793173375996,213.8,-330.46,-1.242,1.24266666666667
820,12785.584,12.27,115.01,156.815348566462,464.165627766641,156.815348566462,464.165627766641,195.01,-311.67,-1.25266666666667,1.25266666666666
821,12800.615,53.19,122.22,163.275454226941,435.971917100173,163.275454226941,435.971917100173,178.65,-295.31,-1.09066666666667,1.09066666666667
822,12815.719,92,129.49,170.541341556366,411.352570916969,170.541341556366,411.352570916969,159.6,-276.27,-1.27,1.26933333333333
823,12830.794,130.75,137.01,178.261932676864,396.632479002918,178.261932676864,396.632479002918,142.78,-259.44,-1.12133333333333,1.122
824,12845.85,170.89,142.78,187.024683252537,386.027694602343,187.024683252537,386.027694602343,123.68,-240.35,-1.27333333333333,1.27266666666667
825,12861.015,147.96,120.13,186.770239995981,346.345107948705,186.770239995981,346.345107948705,107.13,-223.8,-1.10333333333333,1.10333333333333
826,12877.098,113.49,98.57,184.721787586947,304.67401595804,184.721787586947,304.67401595804,88.41,-205.07,-1.248,1.24866666666667
827,12893.159,80.79,78.13,182.421184830268,264.646255405211,182.421184830268,264.646255405211,69.61,-186.28,-1.25333333333333,1.25266666666667
828,12909.173,51.73,59.97,180.118166563651,227.890484663138,180.118166563651,227.890484663138,51.26,-167.92,-1.22333333333333,1.224
829,12925.306,18.9,39.46,176.109997069999,188.233665692405,176.109997069999,188.233665692405,31.67,-148.34,-1.306,1.30533333333333
830,12941.326,-9.81,21.77,171.493689203825,152.922208982214,171.493689203825,152.922208982214,12.81,-129.47,-1.25733333333333,1.258
831,12957.482,-43.61,1.45,161.561975223921,117.807492121681,161.561975223921,117.807492121681,-6.35,-110.31,-1.27733333333333,1.27733333333333
832,12973.582,-75.55,-17.74,145.738587704222,88.7259342019006,145.738587704222,88.7259342019006,-25.6,-91.07,-1.28333333333333,1.28266666666667
833,12989.653,-107.65,-37.03,119.258139293929,73.0032773236928,119.258139293929,73.0032773236928,-43.96,-72.71,-1.224,1.224
834,13004.657,-141.12,-57.26,87.5447171620126,78.4320036719706,87.5447171620126,78.4320036719706,-62.76,-53.9,-1.25333333333333,1.254
835,13019.759,-173.87,-77.69,66.9257903727837,102.826309862797,66.9257903727837,102.826309862797,-79.27,-37.39,-1.10066666666667,1.10066666666667
836,13034.834,-206.8,-98.26,53.5129192378378,134.703006647959,53.5129192378378,134.703006647959,-98.5,-18.16,-1.282,1.282
837,13049.894,-240.77,-118.79,47.2256076406047,171.885897618158,47.2256076406047,171.885897618158,-114.6,-2.06,-1.07333333333333,1.07333333333333
838,13064.931,-269.52,-122.02,44.6956815648039,194.372253678348,44.6956815648039,194.372253678348,-132.81,16.15,-1.214,1.214
839,13080.041,-270.82,-83.26,45.772198606924,167.896540166854,45.772198606924,167.896540166854,-150.51,33.85,-1.18,1.18
840,13096.046,-270.14,-43.57,46.4022880328797,139.271035036005,46.4022880328797,139.271035036005,-169.28,52.47,-1.25133333333333,1.24133333333333
841,13112.196,-269.5,-6.83,46.5896391163075,112.409599679031,46.5896391163075,112.409599679031,-187.84,70.42,-1.23733333333333,1.19666666666667
842,13128.193,-268.79,33.73,48.7893741764355,82.9198486491624,48.7893741764355,82.9198486491624,-206.41,88.36,-1.238,1.196
843,13144.301,-268.09,73.87,52.6050722501884,53.9102634013227,52.6050722501884,53.9102634013227,-225.26,106.61,-1.25666666666667,1.21666666666667
844,13160.384,-267.53,113.5,62.4260831407078,26.1615786985419,62.4260831407078,26.1615786985419,-244.34,125.61,-1.272,1.26666666666667
845,13176.5,-267.52,153.45,154.349034196044,10.3722032374997,154.349034196044,10.3722032374997,-263.03,144.1,-1.246,1.23266666666667
846,13192.601,-267.08,194.02,159.055598204174,49.0401967777455,159.055598204174,49.0401967777455,-249.55,148.22,0.898666666666664,0.274666666666667
847,13208.685,-277.54,192.39,139.187768493325,76.0118628899463,139.187768493325,76.0118628899463,-227.86,134.86,1.446,-0.890666666666666
848,13224.744,-282.02,156.62,115.771605918309,85.9045522658724,115.771605918309,85.9045522658724,-204.66,119.27,1.54666666666667,-1.03933333333333
849,13240.787,-286.36,115.52,95.5284388948839,102.346062454791,95.5284388948839,102.346062454791,-184.49,105.66,1.34466666666667,-0.907333333333333
850,13256.924,-290.39,77.18,83.73781000813,128.164739300636,83.73781000813,128.164739300636,-162.99,91.16,1.43333333333333,-0.966666666666667
851,13273.036,-294.43,38.7,76.0264037750749,157.490602259309,76.0264037750749,157.490602259309,-141.6,76.73,1.426,-0.962
852,13289.13,-298.24,2.52,71.0081018887336,186.734993506841,71.0081018887336,186.734993506841,-121.67,63.29,1.32866666666667,-0.896
853,13305.219,-302.27,-35.9,67.5905350340174,219.949944532841,67.5905350340174,219.949944532841,-98.93,47.95,1.516,-1.02266666666667
854,13321.309,-306.86,-75.02,64.6612365373385,253.686348272823,64.6612365373385,253.686348272823,-77.58,33.55,1.42333333333333,-0.96
855,13337.366,-311.63,-113.92,62.4972598008991,288.030711036167,62.4972598008991,288.030711036167,-56.15,19.09,1.42866666666667,-0.964
856,13353.451,-315.84,-148.2,61.448284252553,319.927661354876,61.448284252553,319.927661354876,-34.82,4.71,1.422,-0.958666666666667
857,13369.538,-320.19,-187,59.9676602768667,354.273708028129,59.9676602768667,354.273708028129,-13.48,-9.69,1.42266666666667,-0.96
858,13385.604,-324.22,-225.37,58.7971571828662,388.38422225935,58.7971571828662,388.38422225935,7.98,-24.16,1.43066666666667,-0.964666666666667
859,13401.647,-328.64,-264.24,57.766412004124,423.15663010285,57.766412004124,423.15663010285,29.3,-38.54,1.42133333333333,-0.958666666666667
860,13417.699,-295.22,-275.74,57.215322254819,411.425352281553,57.215322254819,411.425352281553,50.67,-52.96,1.42466666666667,-0.961333333333334
861,13433.852,-256.15,-279.25,56.9248269781149,389.985016378835,56.9248269781149,389.985016378835,70.64,-66.42,1.33133333333333,-0.897333333333333
862,13449.911,-216.24,-282.74,56.7993185191504,368.55348078671,56.7993185191504,368.55348078671,92.15,-80.93,1.434,-0.967333333333334
863,13465.472,-177.77,-286.1,56.7768324223987,348.18300619071,56.7768324223987,348.18300619071,113.5,-95.33,1.42333333333333,-0.959999999999999
864,13481.543,-138.61,-289.53,56.673149208814,327.257503504503,56.673149208814,327.257503504503,134.83,-109.73,1.422,-0.96
865,13497.612,-99.66,-292.94,56.5991795935495,306.561743373174,56.5991795935495,306.561743373174,156.27,-124.18,1.42933333333333,-0.963333333333334
866,13513.707,-60.4,-296.37,56.4585080814207,285.571715161008,56.4585080814207,285.571715161008,177.62,-138.58,1.42333333333333,-0.96
867,13529.811,-21.68,-299.76,56.3746897006994,265.024829025509,56.3746897006994,265.024829025509,199,-153,1.42533333333333,-0.961333333333333
868,13545.818,17.07,-303.15,56.3879522106669,244.415000562568,56.3879522106669,244.415000562568,220.62,-167.85,1.44133333333333,-0.99
869,13561.904,56.2,-306.57,56.4251726379645,223.38931487428,56.4251726379645,223.38931487428,242.32,-183.03,1.44666666666667,-1.012
870,13577.992,93.09,-310.36,56.6055777217903,204.251651890505,56.6055777217903,204.251651890505,263.62,-197.94,1.42,-0.994
871,13594.018,131.94,-314.36,56.448407246277,183.61184820158,56.448407246277,183.61184820158,284.96,-212.88,1.42266666666667,-0.996
872,13610.142,169.54,-315.91,57.0780729346738,162.816365885006,57.0780729346738,162.816365885006,306.21,-227.42,1.41666666666667,-0.969333333333333
873,13626.247,177.78,-278.26,76.3790209273186,154.268836127067,76.3790209273186,154.268836127067,327.71,-241.93,1.43333333333333,-0.967333333333335
874,13641.302,182.39,-239.14,95.8710678821826,166.975855739685,95.8710678821826,166.975855739685,348.49,-256.22,1.38533333333334,-0.952666666666668
875,13656.332,186.67,-198.55,106.502366436048,173.38194859904,106.502366436048,173.38194859904,352.91,-247.8,0.294666666666668,0.561333333333334
876,13671.522,190.85,-158.77,117.011473565015,159.566182194098,117.011473565015,159.566182194098,333.01,-231.24,-1.32666666666667,1.104
877,13686.629,195.08,-118.51,129.634661577104,152.377368726461,129.634661577104,152.377368726461,312.43,-215.71,-1.372,1.03533333333333
878,13701.695,199.33,-78.06,142.842392823628,153.341933273322,142.842392823628,153.341933273322,291.95,-200.27,-1.36533333333333,1.02933333333333
879,13716.84,203.5,-38.4,154.716996520143,163.501970936133,154.716996520143,163.501970936133,273.33,-186.24,-1.24133333333333,0.935333333333334
880,13731.892,207.74,1.94,165.362115363304,178.545167674737,165.362115363304,178.545167674737,252.86,-170.81,-1.36466666666666,1.02866666666667
881,13746.947,211.95,41.34,173.798107594787,199.014754478154,173.798107594787,199.014754478154,233.45,-156.51,-1.294,0.953333333333334
882,13762.034,216.78,81,180.751890159767,223.279225410695,180.751890159767,223.279225410695,213.85,-142.26,-1.30666666666667,0.95
883,13777.1,221.66,120.73,186.285581975421,250.26445532676,186.285581975421,250.26445532676,194.26,-128.03,-1.306,0.948666666666666
884,13792.141,226.52,160.33,190.696981554405,279.018624826373,190.696981554405,279.018624826373,174.73,-113.84,-1.302,0.946
885,13807.192,226.52,160.33,195.357652200463,269.555443276518,195.357652200463,269.555443276518,155.13,-99.6,-1.30666666666667,0.949333333333334
886,13822.258,231.33,200.14,198.520371470675,301.188308206013,198.520371470675,301.188308206013,135.66,-85.45,-1.298,0.943333333333333
887,13837.314,235.58,240.2,200.999156397599,333.552665856533,200.999156397599,333.552665856533,116.05,-71.2,-1.30733333333333,0.95
888,13852.449,239.79,280.18,203.043952230026,366.342342761521,203.043952230026,366.342342761521,96.39,-56.93,-1.31066666666667,0.951333333333334
889,13867.427,244.6,320.01,204.808082524456,399.66143734416,204.808082524456,399.66143734416,76.91,-42.77,-1.29866666666667,0.944
890,13882.595,220.77,339.71,203.931155822068,402.895510647612,203.931155822068,402.895510647612,57.34,-28.55,-1.30466666666667,0.948
891,13897.621,182.06,347.73,201.731798616755,389.750662090522,201.731798616755,389.750662090522,37.75,-14.32,-1.306,0.948666666666667
892,13912.695,144.26,355.09,199.307386450247,377.363554811537,199.307386450247,377.363554811537,19.49,-1.05,-1.21733333333333,0.884666666666667
893,13927.778,105.38,363.04,197.006798769235,364.907379207382,197.006798769235,364.907379207382,-1.35,14.09,-1.38933333333333,1.00933333333333
894,13942.873,70.57,358.43,195.490715329737,342.553692433756,195.490715329737,342.553692433756,-20.92,28.32,-1.30466666666667,0.948666666666667
895,13957.9,42.92,333.75,196.072926122632,302.390415357365,196.072926122632,302.390415357365,-40.8,43.18,-1.32533333333333,0.990666666666667
896,13972.943,13.46,307.21,196.642619727084,259.740585392426,196.642619727084,259.740585392426,-60.93,58.35,-1.342,1.01133333333333
897,13988.093,-15.72,280.93,197.772223085157,217.079584484585,197.772223085157,217.079584484585,-81.98,74.21,-1.40333333333333,1.05733333333333
898,14003.198,-40.5,257.9,200.154498276658,179.362940430848,200.154498276658,179.362940430848,-102.3,89.52,-1.35466666666667,1.02066666666667
899,14019.083,-68.95,231.37,203.064444509317,137.40336713487,203.064444509317,137.40336713487,-122.78,104.95,-1.36533333333333,1.02866666666667
900,14034.181,-97.8,204.77,208.453444787064,95.8138826058103,208.453444787064,95.8138826058103,-143.45,120.53,-1.378,1.03866666666667
901,14049.244,-123.25,181.85,219.05478388128,61.1684690016024,219.05478388128,61.1684690016024,-161.79,134.35,-1.22266666666667,0.921333333333333
902,14064.356,-155.07,168.68,235.354695258156,33.4392015454915,235.354695258156,33.4392015454915,-182.58,149.67,-1.386,1.02133333333333
903,14079.435,-190.96,184.77,208.079600889071,23.6882354767087,208.079600889071,23.6882354767087,-202.11,163.87,-1.302,0.946666666666668
904,14094.671,-224.82,200.55,172.087968755458,22.6657649330439,172.087968755458,22.6657649330439,-221.7,178.1,-1.306,0.948666666666666
905,14109.69,-258.91,216.8,144.291858856317,30.0861845370928,144.291858856317,30.0861845370928,-241.35,192.37,-1.31,0.951333333333334
906,14124.757,-291.05,232.47,130.305382148759,39.4829545500334,130.305382148759,39.4829545500334,-260.94,206.93,-1.306,0.970666666666667
907,14139.832,-326.87,249.66,120.859503235502,51.8389631454951,120.859503235502,51.8389631454951,-282.37,223.07,-1.42866666666667,1.076
908,14154.857,-361.26,261.8,112.507119324553,65.2824340845223,112.507119324553,65.2824340845223,-300.95,236.81,-1.23866666666667,0.916000000000001
909,14169.858,-361.26,261.8,99.69882807713,61.732345654446,99.69882807713,61.732345654446,-300.41,251.4,0.0359999999999976,0.972666666666667
910,14184.885,-363.21,224.96,67.7149687651254,93.7200618864499,67.7149687651254,93.7200618864499,-276.49,260.5,1.59466666666667,0.606666666666666
911,14200.919,-359.14,185.84,52.4134844515011,134.484518811646,52.4134844515011,134.484518811646,-252.57,267.87,1.59466666666667,0.491333333333334
912,14216.032,-354.95,145.95,44.2465363447546,180.13688600617,44.2465363447546,180.13688600617,-229.26,274.99,1.554,0.474666666666667
913,14231.08,-351.32,111.4,40.4501173354701,224.450048785916,40.4501173354701,224.450048785916,-205.7,282.2,1.57066666666667,0.480666666666665
914,14246.197,-347.2,72.18,37.2818610202484,273.155060725589,37.2818610202484,273.155060725589,-181.74,289.52,1.59733333333333,0.488
915,14261.242,-343.35,35.58,35.1730447302989,318.931855417423,35.1730447302989,318.931855417423,-159.63,296.28,1.474,0.450666666666666
916,14276.314,-339.18,-4.09,33.739332279733,370.947572845544,33.739332279733,370.947572845544,-133.15,304.38,1.76533333333333,0.540000000000002
917,14293.416,-335.3,-40.97,32.595986544298,418.331307936664,32.595986544298,418.331307936664,-109.94,311.47,1.54733333333333,0.472666666666669
918,14308.438,-331.54,-74.81,32.0221185063858,464.519710776626,32.0221185063858,464.519710776626,-85.23,319.03,1.64733333333333,0.503999999999996
919,14324.678,-300.44,-74.22,30.9519874285852,467.549742594304,30.9519874285852,467.549742594304,-59.97,326.75,1.684,0.514666666666669
920,14340.744,-282.83,-42.45,33.3186103620041,450.905851037664,33.3186103620041,450.905851037664,-35.15,334.34,1.65466666666667,0.505999999999998
921,14356.807,-262.55,-5.86,35.9425438406259,429.542261599485,35.9425438406259,429.542261599485,-10.42,341.9,1.64866666666667,0.504
922,14371.916,-243.17,29.63,38.6770841981381,409.181521699111,38.6770841981381,409.181521699111,12.54,349.07,1.53066666666667,0.478000000000001
923,14386.887,-227.95,58.26,41.4603046627944,397.990637703954,41.4603046627944,397.990637703954,35.56,356.52,1.53466666666667,0.496666666666666
924,14401.918,-209.03,93.8,44.7240755624759,380.293507833095,44.7240755624759,380.293507833095,58.58,364,1.53466666666667,0.498666666666668
925,14416.987,-209.03,93.8,46.3744965727923,402.381755674881,46.3744965727923,402.381755674881,82.24,371.42,1.57733333333333,0.494666666666668
926,14432.036,-188.77,130.48,50.0700587316635,382.222996299281,50.0700587316635,382.222996299281,104.33,375.81,1.47266666666667,0.292666666666666
927,14447.249,-166.92,162.78,55.6792108294038,345.177564160824,55.6792108294038,345.177564160824,118.16,357.4,0.922,-1.22733333333334
928,14463.282,-128.68,177.69,58.4840472074773,303.403662634451,58.4840472074773,303.403662634451,129.97,336.29,0.787333333333333,-1.40733333333333
929,14479.306,-89.51,191.95,62.4550274609458,262.020516944761,62.4550274609458,262.020516944761,142.81,313.12,0.856,-1.54466666666667
930,14495.409,-50.63,206.1,67.6957489027916,222.594146374068,67.6957489027916,222.594146374068,155.31,290.58,0.833333333333333,-1.50266666666667
931,14511.444,-11.93,220.19,75.2686582908803,186.12825954164,75.2686582908803,186.12825954164,168.08,267.52,0.851333333333334,-1.53733333333333
932,14527.59,26.78,234.28,86.1394946365124,154.320163944962,86.1394946365124,154.320163944962,180.75,244.67,0.844666666666666,-1.52333333333333
933,14543.681,65.94,248.53,101.842006703591,130.303217535102,101.842006703591,130.303217535102,193.47,221.79,0.848,-1.52533333333333
934,14559.692,102.64,261.89,125.038947480156,96.0230248430031,125.038947480156,96.0230248430031,181.26,206.76,-0.814000000000001,-1.002
935,14573.943,139.26,275.22,164.922686455404,77.1560425371857,164.922686455404,77.1560425371857,159.33,200.72,-1.462,-0.402666666666666
936,14589.029,174.89,288.61,202.771404077424,101.794202192463,202.771404077424,101.794202192463,135.49,194.75,-1.58933333333333,-0.398
937,14604.059,210.36,302.19,220.968625998788,150.065812895543,220.968625998788,150.065812895543,111.97,188.88,-1.568,-0.391333333333334
938,14619.221,244.21,310.01,230.809480194788,200.980827195034,230.809480194788,200.980827195034,88.44,183.01,-1.56866666666667,-0.391333333333334
939,14634.251,236.26,276.3,239.928118212267,197.770403498602,239.928118212267,197.770403498602,65.11,177.2,-1.55533333333333,-0.387333333333334
940,14649.26,224.46,242.01,248.865737207187,196.0035747123,248.865737207187,196.0035747123,41.64,171.34,-1.56466666666667,-0.390666666666666
941,14664.386,212.65,207.7,257.755651702028,199.027470716984,257.755651702028,199.027470716984,18.15,165.49,-1.566,-0.39
942,14679.408,200.83,173.37,266.187031924185,206.617359386863,266.187031924185,206.617359386863,-5.33,159.63,-1.56533333333333,-0.390666666666668
943,14694.555,189,139.02,273.886739511708,218.191842652286,273.886739511708,218.191842652286,-28.69,153.81,-1.55733333333333,-0.388
944,14709.582,177.21,104.79,280.562148057045,235.022058539193,280.562148057045,235.022058539193,-53.83,147.87,-1.676,-0.396
945,14724.661,165.44,70.61,286.479204617738,253.148649216226,286.479204617738,253.148649216226,-77.31,142.42,-1.56533333333333,-0.363333333333334
946,14739.709,154.41,38.57,290.415543917383,262.508867088333,290.415543917383,262.508867088333,-91.61,130.14,-0.953333333333333,-0.818666666666667
947,14754.768,142.61,4.3,295.736796642113,245.027097277015,295.736796642113,245.027097277015,-78.11,110.7,0.9,-1.296
948,14770.838,130.76,-30.08,302.565837467117,228.436231802225,302.565837467117,228.436231802225,-61.76,92.88,1.09,-1.188
949,14785.987,117.13,-67.69,311.301873312204,214.76419184771,311.301873312204,214.76419184771,-44.21,74.06,1.17,-1.25466666666667
950,14801.02,104.4,-102.71,320.262700979259,208.456992207026,320.262700979259,208.456992207026,-28.86,57.59,1.02333333333333,-1.098
951,14817.064,92.53,-136.98,329.431214421942,204.002414201401,329.431214421942,204.002414201401,-11.22,38.67,1.176,-1.26133333333333
952,14833.161,66.37,-151.53,340.699826825941,181.563899770852,340.699826825941,181.563899770852,6.36,19.83,1.172,-1.256
953,14849.24,26.15,-145.38,359.119498939034,146.417288938158,359.119498939034,146.417288938158,23.9,1.02,1.16933333333333,-1.254
954,14865.374,-51.83,-132,39.2721812992696,147.439575759021,39.2721812992696,147.439575759021,41.5,-17.86,1.17333333333333,-1.25866666666667
955,14880.438,-51.83,-132,49.3264534645259,146.222091354214,49.3264534645259,146.222091354214,59.07,-36.7,1.17133333333333,-1.256
956,14895.52,-84.22,-114.12,69.0147572996691,169.995331700609,69.0147572996691,169.995331700609,74.5,-53.24,1.02866666666667,-1.10266666666667
957,14910.583,-112.7,-85.79,85.8126266975067,204.195079764425,85.8126266975067,204.195079764425,90.95,-70.88,1.09666666666667,-1.176
958,14925.66,-140.96,-57.54,96.8664417631069,249.005986474221,96.8664417631069,249.005986474221,106.26,-87.31,1.02066666666667,-1.09533333333333
959,14940.743,-170.06,-28.44,104.864593679186,304.324275239423,104.864593679186,304.324275239423,124.08,-106.51,1.188,-1.28
960,14955.612,-196.92,-1.58,109.927010932666,357.781236511922,109.927010932666,357.781236511922,139.44,-123.52,1.024,-1.134
961,14971.703,-223.9,25.4,113.824473284214,416.031175394345,113.824473284214,416.031175394345,156.68,-142.65,1.14933333333333,-1.27533333333333
962,14987.808,-251.03,52.53,116.505228869014,475.441976796328,116.505228869014,475.441976796328,174.44,-159.65,1.184,-1.13333333333333
963,15003.808,-277.14,77.96,115.331358230842,505.781654965856,115.331358230842,505.781654965856,180.01,-138.44,0.371333333333333,1.414
964,15019.898,-303.74,103.83,114.201260886513,527.731767188598,114.201260886513,527.731767188598,177.61,-112.51,-0.159999999999998,1.72866666666667
965,15035.986,-313.69,128.89,113.74175106043,533.686150560421,113.74175106043,533.686150560421,174.83,-85.98,-0.185333333333333,1.76866666666667
966,15052.064,-274.39,134.97,113.485329025906,486.707831969037,113.485329025906,486.707831969037,172,-58.99,-0.188666666666668,1.79933333333333
967,15068.128,-233.85,140.66,113.214545131624,438.535928402679,113.214545131624,438.535928402679,169.18,-32.2,-0.188,1.786
968,15084.207,-194.04,146.26,112.891331088697,391.275160980096,112.891331088697,391.275160980096,166.42,-5.94,-0.184000000000001,1.75066666666667
969,15099.229,-154.12,151.87,112.684841638501,344.576375423505,112.684841638501,344.576375423505,163.8,18.98,-0.174666666666665,1.66133333333333
970,15114.354,-118.51,156.87,111.948909535185,301.514519716713,111.948909535185,301.514519716713,161.15,44.17,-0.176666666666667,1.67933333333333
971,15129.453,-77.82,162.59,111.579546481287,254.164971819486,111.579546481287,254.164971819486,158.53,69.11,-0.174666666666667,1.66266666666667
972,15144.499,-37.09,168.32,110.93615905978,206.589193570235,110.93615905978,206.589193570235,155.86,94.5,-0.177999999999999,1.69266666666667
973,15161.614,3.55,174.03,109.543790413218,158.671696593942,109.543790413218,158.671696593942,153.08,120.95,-0.185333333333333,1.76333333333333
974,15176.675,41.12,179.31,106.263025899801,113.730800137869,106.263025899801,113.730800137869,150.3,147.46,-0.185333333333333,1.76733333333333
975,15191.725,81.95,185.05,100.696510735778,66.8617835538359,100.696510735778,66.8617835538359,147.65,172.64,-0.176666666666667,1.67866666666667
976,15206.828,122.88,190.8,74.3788069081801,23.0618342722343,74.3788069081801,23.0618342722343,145.09,197.01,-0.170666666666667,1.62466666666667
977,15221.92,160.28,196.06,325.318754899009,31.2648076917163,325.318754899009,31.2648076917163,142.49,221.77,-0.173333333333333,1.65066666666667
978,15237.963,193.2,198.09,312.917939017937,72.9862487048074,312.917939017937,72.9862487048074,139.75,247.79,-0.182666666666667,1.73466666666667
979,15253.063,197.52,158.43,332.402615912342,130.813320804878,332.402615912342,130.813320804878,136.92,274.36,-0.188666666666668,1.77133333333333
980,15269.102,198.16,122.06,340.014023666957,187.629757234827,340.014023666957,187.629757234827,134.03,298.39,-0.192666666666666,1.602
981,15284.256,198.83,83.37,340.881014960743,243.42734624524,340.881014960743,243.42734624524,119.1,313.37,-0.995333333333334,0.998666666666668
982,15299.279,199.43,49.4,339.136837228106,289.972437483289,339.136837228106,289.972437483289,96.16,320.36,-1.52933333333333,0.466000000000001
983,15315.332,200.14,8.34,337.866646871795,344.884740891794,337.866646871795,344.884740891794,70.2,327.81,-1.73066666666667,0.496666666666666
984,15332.408,200.86,-32.6,336.936326439502,399.817378936934,336.936326439502,399.817378936934,44.23,335.26,-1.73133333333333,0.496666666666666
985,15348.491,201.54,-71.37,336.104296927193,452.95537009732,336.104296927193,452.95537009732,18.06,342.76,-1.74466666666667,0.5
986,15363.602,202.2,-109.86,335.499754436617,505.42909136693,335.499754436617,505.42909136693,-7.4,350.06,-1.69733333333333,0.486666666666667
987,15379.621,202.3,-147.45,334.987641366955,557.195703231818,334.987641366955,557.195703231818,-33.29,357.49,-1.726,0.495333333333334
988,15393.762,202.3,-184.97,334.834581986841,606.396838052442,334.834581986841,606.396838052442,-55.56,363.87,-1.48466666666667,0.425333333333333
989,15408.833,202.6,-221.17,334.577645465717,655.038801980463,334.577645465717,655.038801980463,-78.6,370.44,-1.536,0.438
990,15425.828,202.55,-257.31,334.14535727213,705.520261154845,334.14535727213,705.520261154845,-105.12,377.59,-1.768,0.476666666666665
991,15439.976,171.17,-248.13,334.739135864707,698.317099604471,334.739135864707,698.317099604471,-126.83,383.41,-1.44733333333333,0.388000000000003
992,15456.114,136.58,-226.95,334.868030661793,682.191750902926,334.868030661793,682.191750902926,-153.15,390.66,-1.75466666666667,0.483333333333333
993,15472.247,106.23,-208,334.812156152161,665.950308431493,334.812156152161,665.950308431493,-177.19,394.63,-1.60266666666667,0.264666666666665
994,15488.336,75.85,-183.55,336.292839317768,606.523054137269,336.292839317768,606.523054137269,-168.01,371.79,0.612,-1.52266666666667
995,15503.454,57.15,-148.79,337.192299267995,545.068313700219,337.192299267995,545.068313700219,-154.14,353.66,0.924666666666667,-1.20866666666667
996,15518.608,41,-118.43,338.322687551826,486.979738798238,338.322687551826,486.979738798238,-138.88,334.11,1.01733333333333,-1.30333333333333
997,15534.735,22.75,-84.1,339.903776520891,423.227395143556,339.903776520891,423.227395143556,-122.67,313.36,1.08066666666667,-1.38333333333333
998,15549.828,5.43,-51.53,342.005482480144,361.607647181306,342.005482480144,361.607647181306,-106.28,292.39,1.09266666666667,-1.398
999,15564.936,-11.78,-19.17,344.798146956886,302.836863178841,344.798146956886,302.836863178841,-91.19,273.07,1.006,-1.288
1000,15580.117,-28.95,13.14,348.938679467389,244.970970525081,348.938679467389,244.970970525081,-75.95,253.56,1.016,-1.30066666666667
1001,15595.194,-46.34,45.83,355.664198130765,188.619813381309,355.664198130765,188.619813381309,-60.6,233.91,1.02333333333333,-1.31
1002,15611.279,-63.38,77.89,7.67928902925236,137.321559123103,7.67928902925236,137.321559123103,-45.03,213.98,1.038,-1.32866666666667
1003,15626.401,-80.55,110.17,31.0076781635722,98.4367868228133,31.0076781635722,98.4367868228133,-29.84,194.54,1.01266666666667,-1.296
1004,15641.485,-97.62,142.28,68.7544729538068,89.3849439223408,68.7544729538068,89.3849439223408,-14.31,174.67,1.03533333333333,-1.32466666666667
1005,15656.639,-115.15,175.24,99.7767837017344,117.719667855461,99.7767837017344,117.719667855461,0.86,155.25,1.01133333333333,-1.29466666666667
1006,15672.66,-150.04,236.24,121.347713565986,195.778605828114,121.347713565986,195.778605828114,17.16,134.39,1.08666666666667,-1.39066666666667
1007,15687.771,-182.75,259.8,123.965078295669,259.447364411358,123.965078295669,259.447364411358,32.43,114.85,1.018,-1.30266666666667
1008,15703.871,-212.31,280.5,125.443477468703,318.882816250735,125.443477468703,318.882816250735,47.48,95.58,1.00333333333333,-1.28466666666667
1009,15719.012,-243.22,302.02,126.518366604716,382.049190680991,126.518366604716,382.049190680991,63.82,74.67,1.08933333333333,-1.394
1010,15734.103,-273.22,322.28,127.176448623195,442.218329448249,127.176448623195,442.218329448249,79.13,55.06,1.02066666666667,-1.30733333333333
1011,15750.149,-305.86,344.39,127.724910876565,507.966558446518,127.724910876565,507.966558446518,95.92,33.58,1.11933333333333,-1.432
1012,15765.258,-336.88,366.03,128.14309756675,569.404579187769,128.14309756675,569.404579187769,110.94,14.35,1.00133333333333,-1.282
1013,15780.353,-340.84,342.14,126.636787572602,582.028817155989,126.636787572602,582.028817155989,126.2,-5.18,1.01733333333333,-1.302
1014,15796.395,-325.29,306.66,125.369625426495,572.308186906321,125.369625426495,572.308186906321,141.39,-24.62,1.01266666666667,-1.296
1015,15811.514,-310.54,273.52,124.223111987107,565.238999804507,124.223111987107,565.238999804507,156.83,-44.38,1.02933333333334,-1.31733333333333
1016,15826.534,-295.71,240.21,123.034626615262,558.125933459466,123.034626615262,558.125933459466,172.19,-64.05,1.024,-1.31133333333333
1017,15841.587,-281.94,209.27,121.950141599499,553.005391022547,121.950141599499,553.005391022547,187.29,-83.37,1.00666666666667,-1.288
1018,15856.653,-267.14,176.03,120.706373227772,546.315970204057,120.706373227772,546.315970204057,202.58,-102.94,1.01933333333333,-1.30466666666667
1019,15871.722,-251.37,140.61,119.271100199998,537.752371449908,119.271100199998,537.752371449908,217.72,-122.32,1.00933333333333,-1.292
1020,15886.871,-237.6,109.7,118.138651959839,533.834473596451,118.138651959839,533.834473596451,233.14,-142.06,1.028,-1.316
1021,15901.888,-223.83,78.76,116.943859929055,529.642164673471,116.943859929055,529.642164673471,248.32,-161.23,1.012,-1.278
1022,15916.932,-208.08,43.4,115.236371215273,521.703127266839,115.236371215273,521.703127266839,263.83,-179.03,1.034,-1.18666666666667
1023,15932.086,-192.2,7.73,110.277542988555,484.464780556853,110.277542988555,484.464780556853,262.24,-160.17,-0.105999999999998,1.25733333333333
1024,15947.096,-192.2,7.73,108.571638760564,465.257749317515,108.571638760564,465.257749317515,248.83,-140.45,-0.894,1.31466666666667
1025,15962.218,-176.53,-27.48,102.79529161542,421.640360141199,102.79529161542,421.640360141199,234.64,-120.86,-0.946000000000002,1.306
1026,15977.25,-160.74,-62.95,95.7535964725644,383.140173043757,95.7535964725644,383.140173043757,220.47,-101.36,-0.944666666666666,1.3
1027,15992.298,-146.03,-95.97,87.6966596116804,352.574861554252,87.6966596116804,352.574861554252,206.26,-81.8,-0.947333333333334,1.304
1028,16007.364,-131.25,-129.18,78.2904705763144,330.130319116557,78.2904705763144,330.130319116557,192.01,-62.18,-0.95,1.308
1029,16022.44,-115.59,-164.35,67.4811411694719,317.660493609136,67.4811411694719,317.660493609136,177.85,-42.69,-0.944,1.29933333333333
1030,16037.55,-100.12,-200.01,56.1463036064568,317.569930881373,56.1463036064568,317.569930881373,163.61,-23.1,-0.949333333333332,1.306
1031,16052.552,-84.7,-235.79,45.2272898811658,329.761842092138,45.2272898811658,329.761842092138,149.4,-3.54,-0.947333333333334,1.304
1032,16067.565,-73.02,-208.2,42.8770413841625,305.984203677249,42.8770413841625,305.984203677249,135.18,16.03,-0.948,1.30466666666667
1033,16082.693,-72.22,-167.66,43.5766067435949,280.390718997616,43.5766067435949,280.390718997616,121.06,35.47,-0.941333333333334,1.296
1034,16097.769,-71.51,-126.9,44.667785165164,254.880923766374,44.667785165164,254.880923766374,107.67,54.37,-0.892666666666667,1.26
1035,16112.932,-70.89,-91.09,44.6494971808972,233.491028093158,44.6494971808972,233.491028093158,93.2,75.02,-0.964666666666667,1.37666666666667
1036,16128.052,-70.18,-50.68,45.5182274454555,208.73938895187,45.5182274454555,208.73938895187,78.75,95.58,-0.963333333333334,1.37066666666667
1037,16143.097,-69.47,-9.94,47.0046334090733,183.344786945252,47.0046334090733,183.344786945252,64.63,115.09,-0.941333333333334,1.30066666666667
1038,16158.178,-68.77,29.89,54.0510652849533,164.871298290515,54.0510652849533,164.871298290515,64.7,126.68,0.00466666666666716,0.772666666666667
1039,16173.275,-68.15,65.69,73.6712164817919,155.398111314134,73.6712164817919,155.398111314134,80.98,109.38,1.08533333333333,-1.15333333333333
1040,16188.328,-67.45,105.77,95.6703327271022,164.263765024427,95.6703327271022,164.263765024427,96.01,89.54,1.002,-1.32266666666667
1041,16203.395,-66.66,145.72,113.091634352379,192.731917958599,113.091634352379,192.731917958599,110.63,70.13,0.974666666666666,-1.294
1042,16218.483,-65.44,181.16,124.412807283807,231.530867488549,124.412807283807,231.530867488549,125.57,50.31,0.996,-1.32133333333333
1043,16233.545,-64.33,221.5,132.979112213187,279.523458049588,132.979112213187,279.523458049588,140.17,30.94,0.973333333333333,-1.29133333333333
1044,16248.721,-44.94,249.93,140.044435359735,311.058983474196,140.044435359735,311.058983474196,154.82,11.49,0.976666666666667,-1.29666666666667
1045,16263.749,-7.57,265.08,147.03618223053,325.596342117045,147.03618223053,325.596342117045,169.59,-8.1,0.984666666666667,-1.306
1046,16278.794,29.46,280.04,153.286157936172,344.422711939849,153.286157936172,344.422711939849,184.29,-27.62,0.979999999999999,-1.30133333333333
1047,16293.935,67.08,295.24,158.930642788789,366.845085560649,158.930642788789,366.845085560649,198.96,-47.08,0.978000000000001,-1.29733333333333
1048,16308.988,67.08,295.24,157.91973413861,391.08272794896,157.91973413861,391.08272794896,214.09,-67.16,1.00866666666667,-1.33866666666667
1049,16324.034,104.16,310.22,162.56824232044,415.963353794538,162.56824232044,415.963353794538,228.77,-86.64,0.978666666666667,-1.29866666666667
1050,16339.095,139.82,324.3,166.449379456586,442.970849718128,166.449379456586,442.970849718128,243.61,-106.34,0.989333333333334,-1.31333333333333
1051,16354.219,175.17,338.05,169.833661522414,471.370767973577,169.833661522414,471.370767973577,258.37,-125.92,0.983999999999999,-1.30533333333333
1052,16369.258,179.01,319.92,168.575503577144,474.715743366491,168.575503577144,474.715743366491,273.04,-145.39,0.978000000000001,-1.298
1053,16384.333,158.53,288.06,164.082344976871,470.947616726107,164.082344976871,470.947616726107,287.69,-164.83,0.976666666666665,-1.296
1054,16399.365,137.05,254.98,159.418746718723,468.203257677689,159.418746718723,468.203257677689,301.64,-183.34,0.929999999999999,-1.234
1055,16414.518,115.93,222.47,154.773898521259,470.046973503713,154.773898521259,470.046973503713,316.26,-202.75,0.974666666666667,-1.294
1056,16429.561,94.51,189.47,150.113003813078,474.562075391618,150.113003813078,474.562075391618,330.98,-221.98,0.981333333333335,-1.282
1057,16444.638,75.42,160.09,147.064351233334,476.478849058382,147.064351233334,476.478849058382,334.48,-239.81,0.233333333333333,-1.18866666666667
1058,16459.716,53.76,126.74,144.969080048796,447.668566910834,144.969080048796,447.668566910834,310.73,-239.83,-1.58333333333333,-0.00133333333333402
1059,16474.751,32.36,93.78,142.489383835847,416.368033475194,142.489383835847,416.368033475194,285.89,-236.5,-1.656,0.222000000000001
1060,16489.894,11.05,60.96,139.548256165937,386.462927070631,139.548256165937,386.462927070631,261.79,-233.12,-1.60666666666666,0.225333333333333
1061,16504.93,-9.1,29.93,136.300774654458,359.45843987866,136.300774654458,359.45843987866,239.24,-229.95,-1.50333333333333,0.211333333333334
1062,16519.982,-29.18,-0.99,132.712701002131,332.555647824541,132.712701002131,332.555647824541,215.17,-226.57,-1.60466666666667,0.225333333333333
1063,16535.055,-49.56,-32.37,128.394227003275,307.276739275852,128.394227003275,307.276739275852,191.27,-223.21,-1.59333333333333,0.223999999999999
1064,16550.096,-69.57,-63.18,123.474677182961,284.044563053053,123.474677182961,284.044563053053,167.36,-219.85,-1.594,0.224000000000001
1065,16565.192,-91.25,-96.56,117.071693002887,263.499607779594,117.071693002887,263.499607779594,143.38,-216.48,-1.59866666666667,0.224666666666667
1066,16580.251,-112.79,-129.73,109.752553225686,246.71656693461,109.752553225686,246.71656693461,119.41,-213.11,-1.598,0.224666666666665
1067,16595.391,-131.91,-159.19,102.478795535324,232.369487024437,102.478795535324,232.369487024437,94.97,-209.4,-1.62933333333333,0.247333333333334
1068,16610.434,-152.39,-191.8,93.5045283458342,222.486055518093,93.5045283458342,222.486055518093,69.68,-205.4,-1.686,0.266666666666667
1069,16625.619,-177.84,-190.92,92.6993676407574,222.526917023537,92.6993676407574,222.526917023537,44.44,-201.4,-1.68266666666667,0.266666666666667
1070,16640.698,-202.91,-162.2,99.00528703969,225.266659095393,99.00528703969,225.266659095393,19.58,-197.46,-1.65733333333333,0.262666666666667
1071,16655.786,-227.8,-133.57,105.109527283289,231.254634548153,105.109527283289,231.254634548153,-4.54,-193.85,-1.608,0.240666666666668
1072,16670.793,-254.15,-103.25,111.135465224232,241.89194447108,111.135465224232,241.89194447108,-28.53,-190.47,-1.59933333333333,0.225333333333333
1073,16685.896,-280.1,-73.41,116.518745059683,254.540645280867,116.518745059683,254.540645280867,-52.34,-187.06,-1.58733333333333,0.227333333333333
1074,16700.928,-305.77,-44.5,121.115695431597,267.741102559917,121.115695431597,267.741102559917,-76.55,-182.86,-1.614,0.279999999999999
1075,16715.982,-331.8,-15.6,120.51155386497,287.919076999076,120.51155386497,287.919076999076,-83.75,-161.78,-0.48,1.40533333333333
1076,16731.036,-358.31,14.64,119.011630088137,312.090747219459,119.011630088137,312.090747219459,-85.38,-136.72,-0.108666666666666,1.67066666666667
1077,16746.188,-346.65,24,117.542264501845,293.164317746891,117.542264501845,293.164317746891,-86.71,-111.56,-0.0886666666666666,1.67733333333333
1078,16761.224,-346.65,24,113.190034435236,281.373931983757,113.190034435236,281.373931983757,-88.01,-86.8,-0.0866666666666674,1.65066666666667
1079,16776.257,-312.39,7.48,107.112656723578,233.3718288483,107.112656723578,233.3718288483,-89.35,-61.19,-0.0893333333333326,1.70733333333333
1080,16791.384,-277.29,-9.64,98.1025930921485,188.511861165286,98.1025930921485,188.511861165286,-90.66,-36.21,-0.0873333333333335,1.66533333333333
1081,16806.423,-242.58,-26.57,83.7830607343806,151.440623678061,83.7830607343806,151.440623678061,-92.03,-10.17,-0.0913333333333336,1.736
1082,16821.466,-207.8,-43.53,62.8293835491245,128.634758910646,62.8293835491245,128.634758910646,-93.36,15.21,-0.0886666666666666,1.692
1083,16836.582,-174.87,-59.59,38.7575944462587,128.109523455518,38.7575944462587,128.109523455518,-94.67,40.31,-0.0873333333333335,1.67333333333333
1084,16851.598,-142.24,-75.51,18.4907141362983,146.207976868569,18.4907141362983,146.207976868569,-95.87,63.15,-0.0800000000000002,1.52266666666667
1085,16867.637,-111.65,-90.67,4.62600033060838,179.414463742475,4.62600033060838,179.414463742475,-97.18,88.16,-0.0873333333333335,1.66733333333333
1086,16883.728,-78.96,-107.32,354.946523279512,222.284036313902,354.946523279512,222.284036313902,-98.54,114.1,-0.0906666666666666,1.72933333333333
1087,16899.779,-46.41,-123.9,348.544084445927,270.17242586911,348.544084445927,270.17242586911,-100.07,140.89,-0.101999999999999,1.786
1088,16915.878,18.66,-156.94,339.575219028615,345.351878523919,339.575219028615,345.351878523919,-101.86,166.7,-0.119333333333334,1.72066666666667
1089,16931.979,53.38,-173.9,336.795369132201,398.562296259945,336.795369132201,398.562296259945,-103.66,192.42,-0.12,1.71466666666667
1090,16947.959,88.64,-191.15,334.729694972812,454.02877529954,334.729694972812,454.02877529954,-105.18,219.43,-0.101333333333334,1.80066666666667
1091,16962.698,121.48,-207.82,333.546075753309,498.049301676049,333.546075753309,498.049301676049,-100.39,238.08,0.319333333333334,1.24333333333333
1092,16977.753,153.53,-207.07,331.805453023107,493.981709175552,331.805453023107,493.981709175552,-79.86,228.3,1.36866666666667,-0.652
1093,16992.923,183.24,-181.87,328.391528167176,464.557337688256,328.391528167176,464.557337688256,-60.24,213.77,1.308,-0.968666666666667
1094,17008.009,212.59,-156.35,324.004299396813,437.568930912605,324.004299396813,437.568930912605,-44.58,197.67,1.044,-1.07333333333333
1095,17023.061,240.28,-131.52,317.096712385496,419.397119923349,317.096712385496,419.397119923349,-45.23,175.69,-0.0433333333333332,-1.46533333333333
1096,17038.152,268.16,-106.42,308.997555748965,407.206732999345,308.997555748965,407.206732999345,-48.31,149.83,-0.205333333333334,-1.724
1097,17053.228,294.42,-82.77,301.31027486437,404.370189306779,301.31027486437,404.370189306779,-51.06,127.37,-0.183333333333333,-1.49733333333333
1098,17069.242,322.88,-57.85,292.944491382455,409.47657234572,292.944491382455,409.47657234572,-54.2,101.78,-0.209333333333333,-1.706
1099,17084.308,349.4,-34.62,285.457290187744,421.807016181571,285.457290187744,421.807016181571,-57.15,77.8,-0.196666666666666,-1.59866666666667
1100,17099.482,371.19,-40.1,282.074442062698,441.241748251455,282.074442062698,441.241748251455,-60.29,52.2,-0.209333333333333,-1.70666666666667
1101,17116.565,372.05,-79.43,283.481656427266,448.025518134849,283.481656427266,448.025518134849,-63.63,25.02,-0.222666666666667,-1.812
1102,17132.551,372.63,-113.14,284.370790304001,453.593007441693,284.370790304001,453.593007441693,-66.77,-0.56,-0.209333333333333,-1.70533333333333
1103,17146.789,373.27,-149.78,285.974786060571,460.586514783054,285.974786060571,460.586514783054,-69.53,-23.02,-0.184,-1.49733333333333
1104,17162.896,373.91,-186.17,287.137524264538,467.308381692432,287.137524264538,467.308381692432,-72.65,-48.47,-0.208,-1.69666666666667
1105,17178.985,374.59,-225.01,288.514672997472,474.984051205933,288.514672997472,474.984051205933,-75.81,-74.18,-0.210666666666666,-1.714
1106,17195.039,375.22,-261.41,289.600286473815,482.328129389112,289.600286473815,482.328129389112,-79.16,-99.61,-0.223333333333333,-1.69533333333333
1107,17211.128,375.9,-300.16,290.846925853754,490.82188724628,290.846925853754,490.82188724628,-82.79,-125.49,-0.242000000000001,-1.72533333333333
1108,17227.108,376.57,-338.73,292.048277041987,499.510240635765,292.048277041987,499.510240635765,-86.41,-151.22,-0.241333333333333,-1.71533333333333
1109,17243.198,377.07,-377.81,293.289431849645,508.503183274205,293.289431849645,508.503183274205,-90,-176.76,-0.239333333333334,-1.70266666666667
1110,17259.312,342.71,-385.68,292.82055248064,473.048286435962,292.82055248064,473.048286435962,-93.31,-202.21,-0.220666666666667,-1.69666666666667
1111,17275.404,302.51,-384.32,291.61339656405,428.949255856681,291.61339656405,428.949255856681,-96.28,-226.32,-0.198,-1.60733333333333
1112,17291.504,261.56,-382.89,289.909963609784,384.151127162215,289.909963609784,384.151127162215,-99.63,-252.07,-0.223333333333333,-1.71666666666667
1113,17307.517,221.74,-381.5,289.505183854582,333.191427560794,289.505183854582,333.191427560794,-92.33,-270.25,0.486666666666666,-1.212
1114,17323.667,181.31,-380.09,294.218438915362,272.295205429695,294.218438915362,272.295205429695,-67.02,-268.39,1.68733333333333,0.124000000000001
1115,17339.65,140.97,-378.68,302.043005772624,214.699436887943,302.043005772624,214.699436887943,-41.02,-264.77,1.73333333333333,0.241333333333334
1116,17355.759,101.38,-377.3,314.955653430285,164.4448022894,314.955653430285,164.4448022894,-14.99,-261.11,1.73533333333333,0.243999999999998
1117,17371.896,61.14,-375.89,336.968053202652,128.666404706124,336.968053202652,128.666404706124,10.8,-257.48,1.71933333333333,0.242
1118,17387.939,21.76,-374.52,7.02506461963458,121.582752888722,7.02506461963458,121.582752888722,36.63,-253.85,1.722,0.242000000000002
1119,17403.01,-16.24,-373.19,32.4769085408925,146.063114097982,32.4769085408925,146.063114097982,62.19,-249.97,1.704,0.258666666666666
1120,17418.111,-52.44,-372.02,47.4882271831981,185.840244565056,47.4882271831981,185.840244565056,84.55,-246.44,1.49066666666667,0.235333333333333
1121,17434.248,-91.18,-371.33,57.3876125748175,239.334452388284,57.3876125748175,239.334452388284,110.42,-242.34,1.72466666666667,0.273333333333333
1122,17450.238,-129.8,-370.65,63.589526498961,296.718356189839,63.589526498961,296.718356189839,135.95,-238.67,1.702,0.244666666666668
1123,17466.341,-168.43,-369.98,68.0562802871688,353.630008059271,68.0562802871688,353.630008059271,159.58,-237.83,1.57533333333334,0.0559999999999983
1124,17482.438,-208.77,-368.87,72.4158679121531,372.683888838785,72.4158679121531,372.683888838785,146.5,-256.28,-0.872000000000001,-1.23
1125,17498.539,-246.51,-367.55,75.5262103365492,383.976620382023,75.5262103365492,383.976620382023,125.28,-271.58,-1.41466666666667,-1.02
1126,17514.565,-280.89,-366.73,78.2146564363308,393.300914059451,78.2146564363308,393.300914059451,104.12,-286.4,-1.41066666666667,-0.988
1127,17530.666,-314.89,-362.63,81.2375995854678,402.39654571082,81.2375995854678,402.39654571082,82.81,-301.33,-1.42066666666667,-0.995333333333334
1128,17546.781,-294.76,-332.97,87.3039414975585,356.734865130954,87.3039414975585,356.734865130954,61.58,-316.19,-1.41533333333333,-0.990666666666668
1129,17562.762,-267.44,-301.52,95.4471818009935,309.286698226742,95.4471818009935,309.286698226742,40.45,-330.88,-1.40866666666667,-0.979333333333333
1130,17578.852,-243.18,-273.61,105.091416405647,278.422327588863,105.091416405647,278.422327588863,25.64,-346.1,-0.987333333333334,-1.01466666666667
1131,17594.988,-218.26,-244.95,109.891100604528,281.982817207006,109.891100604528,281.982817207006,46.9,-340.89,1.41733333333333,0.347333333333336
1132,17611.01,-193.41,-216.36,112.81616590666,284.468592642492,112.81616590666,284.468592642492,68.8,-326.67,1.46,0.947999999999998
1133,17627.143,-168.64,-187.86,115.537614170239,287.564326368901,115.537614170239,287.564326368901,90.83,-311.83,1.46866666666667,0.989333333333336
1134,17643.216,-142.29,-157.55,118.701751550331,290.515167934482,118.701751550331,290.515167934482,112.53,-297.07,1.44666666666667,0.983999999999999
1135,17659.266,-115.93,-127.22,121.802093250711,293.973182450372,121.802093250711,293.973182450372,133.91,-282.14,1.42533333333333,0.995333333333334
1136,17675.311,-91.51,-99.14,124.249471768113,298.56219620039,124.249471768113,298.56219620039,155.28,-267.17,1.42466666666667,0.997999999999998
1137,17691.41,-66.95,-70.88,126.746181440388,303.808708235956,126.746181440388,303.808708235956,176.49,-252.64,1.414,0.968666666666669
1138,17707.482,-40.49,-40.44,129.710256829949,309.40410921641,129.710256829949,309.40410921641,197.53,-238.12,1.40266666666667,0.967999999999999
1139,17723.57,-13.92,-9.88,132.834170962837,302.362725546652,132.834170962837,302.362725546652,207.81,-215.45,0.685333333333334,1.51133333333333
1140,17739.586,12.76,20.81,136.159652804338,292.788033225404,136.159652804338,292.788033225404,215.56,-190.37,0.516666666666667,1.672
1141,17755.674,39.18,51.2,139.627474333705,284.150794473639,139.627474333705,284.150794473639,223.24,-165.28,0.512000000000001,1.67266666666667
1142,17771.794,66.87,82.41,143.605901823875,276.487533353676,143.605901823875,276.487533353676,230.92,-140.15,0.511999999999999,1.67533333333333
1143,17787.797,94.86,113.5,147.878844284468,270.165391195838,147.878844284468,270.165391195838,238.51,-115.31,0.506,1.656
1144,17803.888,122.58,144.28,152.280267590624,265.421501013011,152.280267590624,265.421501013011,246.04,-90.68,0.502,1.642
1145,17820.001,174.17,202.71,163.511622974038,280.03582056587,163.511622974038,280.03582056587,253.65,-65.81,0.507333333333334,1.658
1146,17836.103,201.26,233.67,167.68405612045,281.150321536362,167.68405612045,281.150321536362,261.23,-41.01,0.505333333333334,1.65333333333333
1147,17852.148,229.47,259.81,171.889077413277,278.829190007072,171.889077413277,278.829190007072,268.81,-16.23,0.505333333333332,1.652
1148,17868.161,215.02,227.08,164.260272205137,227.302978423073,164.260272205137,227.302978423073,276.68,8.3,0.524666666666667,1.63533333333333
1149,17882.292,197.82,200.57,153.586570751488,190.965346070956,153.586570751488,190.965346070956,282.77,29.54,0.405999999999998,1.416
1150,17898.309,176.75,168.12,147.041674166685,158.318800210209,147.041674166685,158.318800210209,262.88,35.28,-1.326,0.382666666666667
1151,17914.393,155.65,135.64,141.461654658736,131.13159382849,141.461654658736,131.13159382849,237.35,33.07,-1.702,-0.147333333333333
1152,17930.517,136,105.37,134.74897123927,106.519587870025,134.74897123927,106.519587870025,211.65,30.38,-1.71333333333333,-0.179333333333333
1153,17945.601,116.25,74.97,123.435437814476,85.4995590631905,123.435437814476,85.4995590631905,187.6,27.86,-1.60333333333333,-0.168
1154,17960.689,96.55,44.62,106.080940123995,69.6763410348161,106.080940123995,69.6763410348161,163.5,25.32,-1.60666666666667,-0.169333333333333
1155,17975.746,76.75,14.14,82.1439032626781,63.2839521521847,82.1439032626781,63.2839521521847,139.44,22.79,-1.604,-0.168666666666667
1156,17990.79,56.94,-16.36,57.3356086262732,67.5538933000904,57.3356086262732,67.5538933000904,113.81,20.1,-1.70866666666667,-0.179333333333333
1157,18005.85,35.91,-48.75,39.1182400675294,85.4938155658057,39.1182400675294,85.4938155658057,89.85,17.58,-1.59733333333333,-0.168
1158,18021.917,14.77,-81.3,27.2353544490207,108.183899911216,27.2353544490207,108.183899911216,64.28,14.89,-1.70466666666667,-0.179333333333333
1159,18037.978,-4.88,-111.56,19.3343745966904,131.146326292428,19.3343745966904,131.146326292428,38.54,12.19,-1.716,-0.18
1160,18054.068,-26.04,-144.14,14.2431371761413,158.512616532565,14.2431371761413,158.512616532565,12.96,9.5,-1.70533333333333,-0.179333333333333
1161,18070.114,-47.03,-176.47,11.0760881698325,186.921806379031,11.0760881698325,186.921806379031,-11.12,6.97,-1.60533333333333,-0.168666666666667
1162,18086.243,-68.12,-208.94,8.36959943064028,215.515301776927,8.36959943064028,215.515301776927,-36.75,4.28,-1.70866666666667,-0.179333333333333
1163,18101.319,-87.94,-239.46,6.4314236659565,242.737636554367,6.4314236659565,242.737636554367,-60.75,1.75,-1.6,-0.168666666666667
1164,18118.338,-110.15,-265.9,5.11779512440734,266.020515186329,5.11779512440734,266.020515186329,-86.42,-0.94,-1.71133333333333,-0.179333333333333
1165,18134.48,-130.07,-237.12,4.40114490266248,234.170517572132,4.40114490266248,234.170517572132,-112.1,-3.64,-1.712,-0.18
1166,18150.491,-146.19,-202.73,2.46372473758987,196.571703457034,2.46372473758987,196.571703457034,-137.74,-6.34,-1.70933333333333,-0.18
1167,18164.633,-162.34,-168.1,0.212285576659482,159.241093000519,0.212285576659482,159.241093000519,-161.75,-8.86,-1.60066666666667,-0.168
1168,18180.704,-179.25,-131.83,356.042059173278,120.537483381727,356.042059173278,120.537483381727,-187.57,-11.58,-1.72133333333333,-0.181333333333333
1169,18195.78,-194.41,-99.33,348.643540240744,86.9422336957132,348.643540240744,86.9422336957132,-211.53,-14.09,-1.59733333333333,-0.167333333333333
1170,18210.848,-210.27,-65.32,332.422662326731,54.9308747427164,332.422662326731,54.9308747427164,-235.7,-16.63,-1.61133333333333,-0.169333333333333
1171,18225.909,-227.69,-27.95,285.489489543091,33.662645469422,285.489489543091,33.662645469422,-260.13,-18.96,-1.62866666666667,-0.155333333333333
1172,18240.979,-244.81,8.76,233.237943388041,49.9420884625383,233.237943388041,49.9420884625383,-284.82,-21.13,-1.646,-0.144666666666667
1173,18256.037,-260.55,41.35,217.069066137817,81.1244901370727,217.069066137817,81.1244901370727,-309.45,-23.38,-1.642,-0.15
1174,18271.095,-276.5,74.06,207.785242903724,115.92616270713,207.785242903724,115.92616270713,-330.54,-28.5,-1.406,-0.341333333333333
1175,18286.2,-293.66,109.56,187.412316721497,151.385056395934,187.412316721497,151.385056395934,-313.19,-40.56,1.15666666666667,-0.804
1176,18303.256,-310.61,145.87,173.346111545061,194.439702221537,173.346111545061,194.439702221537,-288.08,-47.26,1.674,-0.446666666666666
1177,18317.349,-316.83,181.68,167.790129336223,239.865892740089,167.790129336223,239.865892740089,-266.1,-52.76,1.46533333333333,-0.366666666666667
1178,18333.359,-305.17,215.55,166.457326280966,282.957409692696,166.457326280966,282.957409692696,-238.91,-59.54,1.81266666666667,-0.452
1179,18349.417,-291.89,252.05,166.435211029054,326.590125998935,166.435211029054,326.590125998935,-215.29,-65.43,1.57466666666667,-0.392666666666667
1180,18363.539,-278.16,290.42,166.735448326441,371.326616875225,166.735448326441,371.326616875225,-192.96,-71,1.48866666666667,-0.371333333333333
1181,18378.6,-260.25,309.02,166.761300861262,396.404673660642,166.761300861262,396.404673660642,-169.47,-76.85,1.566,-0.39
1182,18394.692,-253.14,274.05,163.018956488116,373.525160732179,163.018956488116,373.525160732179,-144.05,-83.19,1.69466666666667,-0.422666666666667
1183,18409.772,-248.06,237.99,158.903276566196,350.138329521348,158.903276566196,350.138329521348,-122.03,-88.68,1.468,-0.366000000000001
1184,18425.75,-242.88,199.29,153.55810501726,328.729584917452,153.55810501726,328.729584917452,-96.5,-95.05,1.702,-0.424666666666666
1185,18440.897,-217.79,174.31,152.000165592749,312.203780406324,152.000165592749,312.203780406324,-71.22,-101.35,1.68533333333333,-0.42
1186,18457.976,-192.03,156.22,150.980977726028,301.855307225167,150.980977726028,301.855307225167,-45.6,-107.74,1.708,-0.426
1187,18474.025,-160.09,133.86,150.568677918564,284.667699783449,150.568677918564,284.667699783449,-20.21,-114.07,1.69266666666667,-0.422
1188,18490.076,-128.41,111.68,149.846663185583,268.814907510726,149.846663185583,268.814907510726,6.62,-120.76,1.78866666666667,-0.446000000000001
1189,18504.151,-100.67,92.25,149.63132419394,252.807694700933,149.63132419394,252.807694700933,27.14,-125.87,1.368,-0.340666666666667
1190,18520.204,-68.9,70.01,149.057088604789,235.693951131547,149.057088604789,235.693951131547,52.29,-132.14,1.67666666666667,-0.417999999999999
1191,18536.279,-41.2,50.61,147.841251205749,223.346593437196,147.841251205749,223.346593437196,77.68,-138.47,1.69266666666667,-0.422000000000001
1192,18552.292,-9.64,28.51,146.962538808935,206.736305955195,146.962538808935,206.736305955195,103.07,-144.8,1.69266666666667,-0.422000000000001
1193,18566.42,22.16,6.24,146.11356537706,189.364665130536,146.11356537706,189.364665130536,127.74,-150.96,1.64466666666667,-0.410666666666666
1194,18581.478,53.79,-15.9,145.653717351311,170.243108817949,145.653717351311,170.243108817949,149.84,-156.46,1.47333333333333,-0.366666666666667
1195,18596.538,85.44,-38.06,144.293592647787,153.555659290044,144.293592647787,153.555659290044,175.06,-162.75,1.68133333333333,-0.419333333333333
1196,18611.629,117.19,-60.29,142.999184238598,135.67035416774,142.999184238598,135.67035416774,198.84,-168.64,1.58533333333333,-0.392666666666666
1197,18626.681,144.72,-79.57,140.620931549215,122.29525338295,140.620931549215,122.29525338295,222.31,-174.1,1.56466666666667,-0.364000000000001
1198,18641.742,172.48,-99.01,139.936024110084,84.3169840542224,139.936024110084,84.3169840542224,226.75,-163.54,0.296,0.704
1199,18657.882,202.19,-120.28,171.131198910388,29.8367290432447,171.131198910388,29.8367290432447,206.79,-149.76,-1.33066666666667,0.918666666666667
1200,18673.919,233.48,-143.01,277.388160629305,49.6925598052666,277.388160629305,49.6925598052666,184.2,-136.62,-1.506,0.875999999999999
1201,18688.984,262.74,-164.27,291.870114136269,108.401588549246,291.870114136269,108.401588549246,162.14,-123.89,-1.47066666666667,0.848666666666667
1202,18704.092,292.2,-185.36,295.996207879095,168.920900127841,295.996207879095,168.920900127841,140.37,-111.32,-1.45133333333333,0.838000000000001
1203,18719.17,323.87,-207.54,297.894699407093,231.656409365249,297.894699407093,231.656409365249,119.13,-99.16,-1.416,0.810666666666666
1204,18734.238,353.86,-229.05,298.383228322219,290.786041274336,298.383228322219,290.786041274336,98.03,-90.82,-1.40666666666667,0.556
1205,18749.328,341.6,-237.41,296.93842143468,295.100156726492,296.93842143468,295.100156726492,78.52,-103.72,-1.30066666666667,-0.86
1206,18765.399,309.49,-226.53,292.895344363537,271.66237078403,292.895344363537,271.66237078403,59.23,-120.84,-1.286,-1.14133333333333
1207,18780.532,272.85,-213.91,288.375544199819,244.001475405375,288.375544199819,244.001475405375,41.29,-136.99,-1.196,-1.07666666666667
1208,18795.578,238.52,-202.09,282.794026252595,220.730190277633,282.794026252595,220.730190277633,23.27,-153.21,-1.20133333333333,-1.08133333333333
1209,18810.681,204.35,-190.32,275.654785485724,201.249352297094,275.654785485724,201.249352297094,4.08,-170.49,-1.27933333333333,-1.152
1210,18825.723,167.52,-177.64,267.814492026357,179.100278615082,267.814492026357,179.100278615082,-11.45,-184.47,-1.03533333333333,-0.931999999999999
1211,18840.823,135.61,-166.65,258.080947890573,169.903047942054,258.080947890573,169.903047942054,-30.63,-201.74,-1.27866666666667,-1.15133333333333
1212,18856.873,98.97,-154.04,246.413470654217,162.320793800425,246.413470654217,162.320793800425,-49.79,-218.99,-1.27733333333333,-1.15
1213,18873.014,62.36,-141.43,234.130176482279,162.028681411656,234.130176482279,162.028681411656,-68.94,-236.37,-1.27666666666667,-1.15866666666667
1214,18889.08,25.88,-128.87,222.267529445187,168.94311853402,222.267529445187,168.94311853402,-87.75,-253.89,-1.254,-1.168
1215,18905.111,-10.65,-116.29,210.963756532074,180.93443729705,210.963756532074,180.93443729705,-103.74,-271.44,-1.066,-1.17
1216,18920.178,-47.21,-103.7,191.819399653678,181.07922492655,191.819399653678,181.07922492655,-84.3,-280.94,1.296,-0.633333333333333
1217,18935.225,-81.64,-91.85,173.211302942063,195.248920099446,173.211302942063,195.248920099446,-58.56,-285.73,1.716,-0.319333333333335
1218,18951.335,-118.37,-79.2,158.326193650103,226.793992865772,158.326193650103,226.793992865772,-34.61,-289.96,1.59666666666667,-0.281999999999997
1219,18966.477,-154.53,-66.14,147.481262856567,270.808528115346,147.481262856567,270.808528115346,-8.95,-294.49,1.71066666666667,-0.302000000000002
1220,18981.534,-193.19,-52.07,139.797183565977,322.992316007672,139.797183565977,322.992316007672,15.3,-298.76,1.61666666666667,-0.284666666666665
1221,18996.641,-231.52,-38.11,134.316362914473,379.290791873465,134.316362914473,379.290791873465,39.86,-303.09,1.63733333333333,-0.288666666666666
1222,19011.708,-268.16,-25.13,130.362683058941,435.731380784079,130.362683058941,435.731380784079,63.85,-307.32,1.59933333333333,-0.282000000000001
1223,19026.774,-302.53,-13.29,127.359613159958,491.631957667522,127.359613159958,491.631957667522,88.24,-311.62,1.626,-0.286666666666667
1224,19041.8,-340.59,0.26,124.98026370578,550.973620511908,124.98026370578,550.973620511908,110.85,-315.61,1.50733333333333,-0.266000000000001
1225,19056.895,-355.31,-8.78,122.369288078306,581.294421958443,122.369288078306,581.294421958443,135.66,-319.99,1.654,-0.292
1226,19073.005,-338.05,-40.47,119.68052591761,573.123938603161,119.68052591761,573.123938603161,159.88,-324.26,1.61466666666667,-0.284666666666665
1227,19089.037,-320.5,-72.13,116.893822348013,567.384757373689,116.893822348013,567.384757373689,185.52,-328.78,1.70933333333333,-0.301333333333332
1228,19105.122,-302.89,-103.9,114.009071150239,564.488994489707,114.009071150239,564.488994489707,212.76,-333.58,1.816,-0.320000000000001
1229,19120.21,-282.91,-139.95,110.881048309617,554.219815596664,110.881048309617,554.219815596664,234.91,-337.49,1.47666666666667,-0.260666666666668
1230,19136.241,-266.43,-169.68,108.090666273402,554.164379313575,108.090666273402,554.164379313575,260.34,-341.76,1.69533333333333,-0.284666666666665
1231,19151.308,-248.9,-201.3,105.158398577256,550.731826754184,105.158398577256,550.731826754184,282.67,-345.31,1.48866666666667,-0.236666666666667
1232,19165.434,-231.36,-232.95,102.184211773278,550.234534085239,102.184211773278,550.234534085239,306.48,-349.08,1.58733333333333,-0.251333333333332
1233,19181.492,-213.64,-264.9,99.2160396511218,551.894142929602,99.2160396511218,551.894142929602,331.13,-353.29,1.64333333333333,-0.280666666666669
1234,19196.545,-194.94,-298.64,95.1669990761267,544.643192741817,95.1669990761267,544.643192741817,347.49,-347.69,1.09066666666667,0.373333333333335
1235,19212.711,-178.64,-328.49,89.8054252335113,512.372954497015,89.8054252335113,512.372954497015,333.73,-326.75,-0.917333333333333,1.396
1236,19228.793,-148.7,-343,85.5246035910024,466.993895570381,85.5246035910024,466.993895570381,316.87,-306.56,-1.124,1.346
1237,19244.891,-110.31,-337.06,82.8345260078905,412.793901359989,82.8345260078905,412.793901359989,299.26,-285.57,-1.174,1.39933333333333
1238,19260.956,-73.15,-331.18,79.2131740013026,360.449022748016,79.2131740013026,360.449022748016,280.93,-263.72,-1.222,1.45666666666666
1239,19277.018,-34.93,-325.12,74.9912025609541,310.502457639227,74.9912025609541,310.502457639227,264.98,-244.71,-1.06333333333333,1.26733333333333
1240,19292.136,0.62,-319.49,69.3866489220602,265.636720541419,69.3866489220602,265.636720541419,249.25,-225.97,-1.04866666666667,1.24933333333333
1241,19307.174,37.49,-313.09,61.5223849959855,222.706743723669,61.5223849959855,222.706743723669,233.25,-206.9,-1.06666666666667,1.27133333333333
1242,19322.197,73.6,-306.72,50.1063003877795,186.461609185376,50.1063003877795,186.461609185376,216.66,-187.13,-1.106,1.318
1243,19337.318,110.56,-300.44,34.1443691668993,160.205226194404,34.1443691668993,160.205226194404,200.48,-167.85,-1.07866666666667,1.28533333333333
1244,19352.374,147.57,-294.52,14.1831577703183,150.394410135483,14.1831577703183,150.394410135483,184.42,-148.71,-1.07066666666667,1.276
1245,19367.427,186.67,-290.28,353.566617613788,160.913302433329,353.566617613788,160.913302433329,168.64,-130.38,-1.052,1.222
1246,19382.477,222.79,-289.59,338.465562758184,190.895022983838,338.465562758184,190.895022983838,152.72,-112.02,-1.06133333333333,1.224
1247,19397.628,259.34,-288.95,328.497565518819,232.214202192717,328.497565518819,232.214202192717,138,-90.96,-0.981333333333333,1.404
1248,19412.714,298.92,-288.26,322.242106392104,278.103399835385,322.242106392104,278.103399835385,128.63,-68.39,-0.624666666666667,1.50466666666667
1249,19427.777,331.61,-283.53,318.360046583883,318.986825119785,318.360046583883,318.986825119785,119.66,-45.14,-0.598,1.55
1250,19442.841,300.39,-272.94,322.959961644419,315.203389734311,322.959961644419,315.203389734311,110.52,-21.34,-0.609333333333333,1.58666666666667
1251,19457.892,264.43,-269.68,329.057647838247,316.759623847485,329.057647838247,316.759623847485,101.56,2,-0.597333333333333,1.556
1252,19472.981,228.38,-266.53,335.061338786644,322.544106906327,335.061338786644,322.544106906327,92.38,25.94,-0.612,1.596
1253,19488.136,192.11,-263.36,340.828026106565,331.146328531663,340.828026106565,331.146328531663,83.36,49.42,-0.601333333333333,1.56533333333333
1254,19503.115,156.08,-260.2,346.214147700664,342.980178581795,346.214147700664,342.980178581795,74.35,72.9,-0.600666666666667,1.56533333333333
1255,19518.162,119.85,-257.03,351.230693490309,357.610395961862,351.230693490309,357.610395961862,65.33,96.4,-0.601333333333333,1.56666666666667
1256,19533.221,83.85,-253.88,355.810764072045,374.259940682943,355.810764072045,374.259940682943,56.51,119.38,-0.588,1.532
1257,19548.295,47.8,-250.73,0.148541012523324,389.581309228253,0.148541012523324,389.581309228253,48.81,138.85,-0.513333333333333,1.298
1258,19563.444,14.05,-247.78,3.6029371220052,409.759887007013,3.6029371220052,409.759887007013,39.8,161.17,-0.600666666666667,1.488
1259,19578.514,-22.21,-244.6,7.04218643613521,431.565666150587,7.04218643613521,431.565666150587,30.7,183.71,-0.606666666666667,1.50266666666667
1260,19593.635,-60.6,-241.25,10.415928109931,454.885952410052,10.415928109931,454.885952410052,21.64,206.14,-0.604,1.49533333333333
1261,19608.693,-94.39,-238.13,12.9057567252587,478.938583223361,12.9057567252587,478.938583223361,12.58,228.71,-0.604,1.50466666666667
1262,19623.785,-99.63,-248.73,11.6136047055995,511.746747229526,11.6136047055995,511.746747229526,3.39,252.54,-0.612666666666667,1.58866666666667
1263,19638.944,-61.57,-259.45,5.94926551749583,538.651140720968,5.94926551749583,538.651140720968,-5.74,276.3,-0.608666666666667,1.584
1264,19653.964,-26.06,-268.4,1.14442987703461,567.273156865368,1.14442987703461,567.273156865368,-14.73,298.76,-0.599333333333333,1.49733333333333
1265,19669.078,9.26,-277.21,356.706683296239,571.303493775419,356.706683296239,571.303493775419,-23.56,293.15,-0.588666666666667,-0.374000000000001
1266,19684.095,47.86,-287.35,353.011556055544,560.947440407744,353.011556055544,560.947440407744,-20.39,269.43,0.211333333333333,-1.58133333333333
1267,19699.149,55.86,-301.58,352.496259875247,551.876079749793,352.496259875247,551.876079749793,-16.21,245.57,0.278666666666667,-1.59066666666667
1268,19714.198,16.95,-301.15,356.830001210386,523.701338168999,356.830001210386,523.701338168999,-12.01,221.75,0.28,-1.588
1269,19729.356,-19.45,-299.88,1.33692734022976,498.035575436133,1.33692734022976,498.035575436133,-7.83,198.02,0.278666666666667,-1.582
1270,19744.403,-55.53,-298.62,6.26198682603766,475.728414329016,6.26198682603766,475.728414329016,-3.64,174.27,0.279333333333333,-1.58333333333333
1271,19759.468,-94.32,-297.27,11.9683006644096,457.586802366502,11.9683006644096,457.586802366502,0.57,150.37,0.280666666666667,-1.59333333333333
1272,19774.564,-133.29,-295.8,18.0977772188921,444.405736799155,18.0977772188921,444.405736799155,4.76,126.62,0.279333333333333,-1.58333333333333
1273,19789.56,-174.23,-293.68,24.799421351884,436.745963919531,24.799421351884,436.745963919531,8.96,102.79,0.28,-1.58866666666667
1274,19804.566,-196.42,-280.02,30.4215264095146,414.450035227408,30.4215264095146,414.450035227408,13.44,77.37,0.298666666666667,-1.69466666666667
1275,19819.573,-196.42,-280.02,32.5198192041516,397.625472021097,32.5198192041516,397.625472021097,17.34,55.26,0.26,-1.474
1276,19835.628,-174.14,-249.57,35.0547488627774,341.215214783866,35.0547488627774,341.215214783866,21.84,29.75,0.3,-1.70066666666667
1277,19851.713,-121.85,-184.97,38.039046697992,240.442056429403,38.039046697992,240.442056429403,26.31,4.4,0.298,-1.69
1278,19867.816,-97.55,-154.97,43.759666124717,185.545867644634,43.759666124717,185.545867644634,30.78,-20.96,0.298,-1.69066666666667
1279,19883.861,-73.22,-124.92,54.0650730625098,133.965836316577,54.0650730625098,133.965836316577,35.25,-46.3,0.298,-1.68933333333333
1280,19899.929,-48.77,-94.73,75.4455525090761,91.4445214323964,75.4455525090761,91.4445214323964,39.74,-71.75,0.299333333333333,-1.69666666666667
1281,19915.012,-22.6,-62.42,116.509916024059,74.3582389517127,116.509916024059,74.3582389517127,43.94,-95.61,0.28,-1.59066666666667
1282,19932.079,3.63,-30.02,154.032406510316,102.931805094441,154.032406510316,102.931805094441,48.7,-122.56,0.317333333333334,-1.79666666666667
1283,19948.158,29.4,1.81,170.980203434581,151.554082755959,170.980203434581,151.554082755959,53.16,-147.87,0.297333333333333,-1.68733333333333
1284,19962.25,53.87,32.02,179.090169727607,202.155487187462,179.090169727607,202.155487187462,57.08,-170.11,0.261333333333334,-1.48266666666667
1285,19977.372,77.6,62.17,183.643311774115,256.668733195144,183.643311774115,256.668733195144,61.29,-193.98,0.280666666666667,-1.59133333333333
1286,19992.529,99.7,90.46,186.33325491449,310.122648318371,186.33325491449,310.122648318371,65.49,-217.77,0.28,-1.586
1287,20007.642,122.35,118.98,188.391619046179,362.824511437692,188.391619046179,362.824511437692,69.4,-239.96,0.260666666666667,-1.47933333333333
1288,20022.651,146.89,151.75,189.929444165653,423.463120944434,189.929444165653,423.463120944434,73.87,-265.37,0.298,-1.694
1289,20038.845,113.81,156.67,184.572293408826,449.089206728463,184.572293408826,449.089206728463,78.01,-290.99,0.276,-1.708
1290,20053.823,76.49,155.39,179.376872484236,468.94773312172,179.376872484236,468.94773312172,81.59,-313.53,0.238666666666667,-1.50266666666666
1291,20068.98,38.34,154.05,174.52645302807,494.725779599163,174.52645302807,494.725779599163,85.53,-338.42,0.262666666666667,-1.65933333333334
1292,20084.019,0.88,152.75,170.223702817161,522.609211552954,170.223702817161,522.609211552954,89.62,-362.27,0.272666666666667,-1.59
1293,20099.244,-39.4,151.07,166.082215928277,553.69546322866,166.082215928277,553.69546322866,93.78,-386.37,0.277333333333333,-1.60666666666667
1294,20115.316,-38.8,121.04,166.324875998716,516.419535358608,166.324875998716,516.419535358608,83.29,-380.74,-0.699333333333333,0.375333333333333
1295,20131.359,-21.94,86.28,167.261686172993,452.066572531082,167.261686172993,452.066572531082,77.74,-354.66,-0.370000000000001,1.73866666666667
1296,20146.394,-5.02,51.6,168.379807750836,386.797679672461,168.379807750836,386.797679672461,72.89,-327.27,-0.323333333333333,1.826
1297,20161.526,11.97,16.75,169.955885703206,326.077541851628,169.955885703206,326.077541851628,68.84,-304.33,-0.27,1.52933333333333
1298,20176.565,27.82,-15.74,172.092185641132,266.100426531037,172.092185641132,266.100426531037,64.43,-279.31,-0.294,1.668
1299,20191.641,27.82,-15.74,172.314799751246,240.409411213455,172.314799751246,240.409411213455,59.97,-253.99,-0.297333333333334,1.688
1300,20207.676,59.63,-81.05,181.720747583172,146.195926755844,181.720747583172,146.195926755844,55.24,-227.18,-0.315333333333333,1.78733333333333
1301,20223.74,75.1,-114.11,195.631770884615,90.5906490759394,195.631770884615,90.5906490759394,50.69,-201.35,-0.303333333333334,1.722
1302,20239.779,55.64,-115.59,189.292277524886,59.8250549519179,189.292277524886,59.8250549519179,45.98,-174.63,-0.314,1.78133333333333
1303,20255.819,25.98,-88.59,165.552805144836,61.205439300768,165.552805144836,61.205439300768,41.25,-147.86,-0.315333333333333,1.78466666666667
1304,20271.943,-3.75,-60.88,146.303374391693,72.6934611914992,146.303374391693,72.6934611914992,36.58,-121.36,-0.311333333333333,1.76666666666667
1305,20288.002,-33.8,-32.85,133.614118072365,90.9251741818513,133.614118072365,90.9251741818513,32.03,-95.57,-0.303333333333333,1.71933333333333
1306,20303.24,-63.73,-4.94,125.400178185094,111.896811840195,125.400178185094,111.896811840195,27.48,-69.76,-0.303333333333333,1.72066666666667
1307,20318.218,-92.01,21.43,120.111500119976,133.171378681757,120.111500119976,133.171378681757,23.19,-45.38,-0.286,1.62533333333333
1308,20333.279,-92.01,21.43,110.587221194675,118.305209099177,110.587221194675,118.305209099177,18.74,-20.17,-0.296666666666667,1.68066666666667
1309,20349.347,-146.69,71.36,112.666855404452,174.454674056042,112.666855404452,174.454674056042,14.29,4.13,-0.296666666666667,1.62
1310,20364.431,-173.74,95.72,109.891110411923,194.748516040559,109.891110411923,194.748516040559,9.39,29.46,-0.326666666666667,1.68866666666667
1311,20380.437,-203.81,123.71,108.347434083228,219.45600105716,108.347434083228,219.45600105716,4.49,54.63,-0.326666666666667,1.678
1312,20395.546,-206.81,145.31,107.942901095595,217.256486669558,107.942901095595,217.256486669558,-0.12,78.38,-0.307333333333333,1.58333333333333
1313,20410.534,-169.87,154.13,107.467758303372,173.102443656928,107.467758303372,173.102443656928,-4.75,102.17,-0.308666666666667,1.586
1314,20425.714,-133.85,162.44,106.342181457001,129.720932774938,106.342181457001,129.720932774938,-9.37,125.94,-0.308,1.58466666666667
1315,20441.678,-98.01,170.72,102.785039889905,85.8586798174768,102.785039889905,85.8586798174768,-14.28,151.72,-0.327333333333333,1.71866666666667
1316,20456.806,-62.66,178.88,92.994321101007,44.0301135587906,92.994321101007,44.0301135587906,-18.69,176.58,-0.294,1.65733333333333
1317,20471.847,-27.24,187.05,16.0134058337069,15.0437395616914,16.0134058337069,15.0437395616914,-23.09,201.51,-0.293333333333333,1.662
1318,20486.97,9.51,195.26,309.640229021178,47.9180018364706,309.640229021178,47.9180018364706,-27.39,225.83,-0.286666666666667,1.62133333333333
1319,20501.991,47.12,203.26,299.580069564705,90.55193261328,299.580069564705,90.55193261328,-31.63,247.96,-0.282666666666667,1.47533333333333
1320,20517.05,83.02,210.89,297.23726840332,134.177785419197,297.23726840332,134.177785419197,-36.28,272.3,-0.31,1.62266666666667
1321,20531.201,123.31,219.45,291.553829822936,182.211537779582,291.553829822936,182.211537779582,-46.16,286.39,-0.658666666666666,0.939333333333332
1322,20547.273,161.55,227.59,281.661036814974,234.908394911719,281.661036814974,234.908394911719,-68.51,275.07,-1.49,-0.754666666666666
1323,20563.327,194.82,235.17,275.210203428198,286.092062979734,275.210203428198,286.092062979734,-90.09,261.15,-1.43866666666667,-0.928000000000001
1324,20578.392,227.76,242.77,270.875801623781,338.239514102064,270.875801623781,338.239514102064,-110.44,247.94,-1.35666666666667,-0.880666666666665
1325,20593.5,266.54,251.57,267.582498462607,397.573843832816,267.582498462607,397.573843832816,-130.68,234.8,-1.34933333333333,-0.875999999999999
1326,20608.639,303.82,259.52,265.230833453314,456.45034713537,265.230833453314,456.45034713537,-151.05,221.57,-1.358,-0.882000000000001
1327,20624.635,326.99,250.31,265.115089347514,501.441356890315,265.115089347514,501.441356890315,-172.63,207.61,-1.43866666666667,-0.930666666666665
1328,20640.717,313.57,213.91,267.746639782629,508.413139582368,267.746639782629,508.413139582368,-194.45,193.92,-1.45466666666667,-0.912666666666668
1329,20656.755,299.41,178.85,270.17866139833,513.112494585739,270.17866139833,513.112494585739,-213.7,180.45,-1.28333333333333,-0.898
1330,20672.897,284.88,142.89,271.669070527361,493.019173765078,271.669070527361,493.019173765078,-207.93,157.25,0.384666666666665,-1.54666666666667
1331,20688.964,270.39,107.03,273.339408290238,467.634048375436,273.339408290238,467.634048375436,-196.45,134.27,0.765333333333335,-1.532
1332,20704.024,255.32,70.64,275.272604926296,441.919873506499,275.272604926296,441.919873506499,-184.73,111.25,0.781333333333333,-1.53466666666667
1333,20720.093,239.94,34.39,277.433543279506,416.460101330248,277.433543279506,416.460101330248,-173.02,88.27,0.780666666666665,-1.532
1334,20736.19,225.69,0.84,279.455119570735,392.329966354853,279.455119570735,392.329966354853,-161.31,65.29,0.780666666666667,-1.532
1335,20752.357,210.17,-35.74,282.23217110317,368.096872711519,282.23217110317,368.096872711519,-149.57,42.25,0.782666666666667,-1.536
1336,20768.44,196.52,-69.35,284.854825148226,345.983274740268,284.854825148226,345.983274740268,-137.9,19.35,0.777999999999999,-1.52666666666667
1337,20783.607,183.78,-100.9,287.606566843847,325.90677501396,287.606566843847,325.90677501396,-126.86,-2.32,0.736,-1.44466666666667
1338,20798.65,168.52,-137.15,291.726350921823,306.180307172098,291.726350921823,306.180307172098,-115.91,-23.81,0.73,-1.43266666666667
1339,20814.69,139.93,-133.32,289.507531833059,258.975833814663,289.507531833059,258.975833814663,-104.18,-46.84,0.781999999999999,-1.53533333333333
1340,20829.761,111.72,-112.1,282.366426061965,210.493891835369,282.366426061965,210.493891835369,-93.89,-67.02,0.686,-1.34533333333333
1341,20844.916,77.2,-86.09,269.148692511976,160.187681486436,269.148692511976,160.187681486436,-82.97,-88.47,0.728,-1.43
1342,20859.947,46.85,-63.22,248.489332275578,127.715470088788,248.489332275578,127.715470088788,-71.97,-110.05,0.733333333333333,-1.43866666666667
1343,20875.047,16.17,-40.1,220.130390990394,119.699761486813,220.130390990394,119.699761486813,-60.98,-131.62,0.732666666666667,-1.438
1344,20890.135,-12.54,-18.47,195.559660677869,139.762046707967,195.559660677869,139.762046707967,-50.03,-153.11,0.73,-1.43266666666667
1345,20905.194,-43.3,4.71,178.645651515691,179.390114554844,178.645651515691,179.390114554844,-39.06,-174.63,0.731333333333333,-1.43466666666667
1346,20920.274,-73.56,27.51,168.504520703265,228.30979589146,168.504520703265,228.30979589146,-28.06,-196.22,0.733333333333334,-1.43933333333333
1347,20935.321,-104.07,50.51,162.039377203509,281.907739872463,162.039377203509,281.907739872463,-17.14,-217.66,0.728,-1.42933333333333
1348,20951.395,-136.86,75.21,157.406282685021,342.170804862133,157.406282685021,342.170804862133,-5.4,-240.7,0.782666666666667,-1.536
1349,20967.484,-164.48,95.51,154.569606432328,397.704535176555,154.569606432328,397.704535176555,6.3,-263.66,0.78,-1.53066666666667
1350,20983.532,-195.63,118.14,152.21006582673,458.16321818758,152.21006582673,458.16321818758,17.98,-287.18,0.778666666666667,-1.568
1351,20999.585,-223,138.02,150.634055894197,514.431668737453,150.634055894197,514.431668737453,29.27,-310.31,0.752666666666667,-1.542
1352,21014.515,-252.34,159.34,149.263605116048,572.209534523849,149.263605116048,572.209534523849,40.11,-332.49,0.722666666666667,-1.47866666666667
1353,21029.584,-282.75,182.04,148.093593568364,631.407759296637,148.093593568364,631.407759296637,50.97,-353.97,0.724,-1.432
1354,21045.645,-313.21,204.99,147.433732777789,688.6818205819,147.433732777789,688.6818205819,57.49,-375.41,0.434666666666667,-1.42933333333333
1355,21061.74,-344.66,228.06,147.761793555961,710.313623831051,147.761793555961,710.313623831051,34.25,-372.75,-1.54933333333333,0.177333333333335
1356,21076.797,-352.49,220.13,147.983745817723,687.170138029877,147.983745817723,687.170138029877,11.82,-362.52,-1.49533333333333,0.682000000000001
1357,21091.996,-322.2,198.46,150.150290058082,631.832755165479,150.150290058082,631.832755165479,-7.72,-349.55,-1.30266666666667,0.864666666666665
1358,21108.089,-292.12,178.16,152.149051664237,572.935459279664,152.149051664237,572.935459279664,-24.46,-328.41,-1.116,1.40933333333333
1359,21123.147,-261.96,157.82,154.512256507159,515.920773181309,154.512256507159,515.920773181309,-39.95,-307.89,-1.03266666666667,1.368
1360,21138.134,-231.68,137.4,157.461780081026,459.927390030209,157.461780081026,459.927390030209,-55.39,-287.4,-1.02933333333333,1.366
1361,21153.246,-201.28,117.14,161.151092738102,407.492247901724,161.151092738102,407.492247901724,-69.63,-268.5,-0.949333333333333,1.26
1362,21168.335,-168.85,95.97,166.387394962343,352.954765515356,166.387394962343,352.954765515356,-85.78,-247.07,-1.07666666666667,1.42866666666667
1363,21183.415,-134.65,89.76,173.893814719695,318.78865804793,173.893814719695,318.78865804793,-100.74,-227.22,-0.997333333333333,1.32333333333333
1364,21198.478,-96.05,96.53,183.679217331545,304.657912091579,183.679217331545,304.657912091579,-115.6,-207.5,-0.990666666666667,1.31466666666667
1365,21214.576,-58.52,103.15,194.278690818102,298.047421897926,194.278690818102,298.047421897926,-132.03,-185.69,-1.09533333333333,1.454
1366,21230.589,-23.51,109.33,204.586648571275,300.40697228926,204.586648571275,300.40697228926,-148.5,-163.84,-1.098,1.45666666666667
1367,21246.734,14.34,116,214.580190280927,314.575160494277,214.580190280927,314.575160494277,-164.2,-143,-1.04666666666667,1.38933333333333
1368,21262.817,54.78,123.13,223.870518400008,339.349910858983,223.870518400008,339.349910858983,-180.4,-121.51,-1.08,1.43266666666667
1369,21277.844,95.47,130.3,231.461184949973,371.995798094548,231.461184949973,371.995798094548,-195.5,-101.47,-1.00666666666667,1.336
1370,21292.899,132.8,137.06,237.184773119501,407.080909034064,237.184773119501,407.080909034064,-209.32,-83.55,-0.921333333333333,1.19466666666667
1371,21308.054,169.61,143.96,242.096645599745,445.573117793253,242.096645599745,445.573117793253,-224.16,-64.56,-0.989333333333334,1.266
1372,21323.13,148.86,119.69,247.092535172489,420.969918759049,247.092535172489,420.969918759049,-238.91,-44.17,-0.983333333333333,1.35933333333333
1373,21338.195,113.92,97.82,251.711293068392,377.877599891817,251.711293068392,377.877599891817,-244.87,-20.76,-0.397333333333334,1.56066666666667
1374,21353.25,85.15,79.84,257.073041127792,343.392936007717,257.073041127792,343.392936007717,-249.54,3.02,-0.311333333333333,1.58533333333333
1375,21368.374,51.8,59.31,264.167416324064,307.511965458257,264.167416324064,307.511965458257,-254.12,28.06,-0.305333333333334,1.66933333333333
1376,21383.405,22.35,41.61,272.356588383585,281.137766228588,272.356588383585,281.137766228588,-258.55,53.17,-0.295333333333334,1.674
1377,21398.479,-11.98,20.98,282.961780245423,257.644814618886,282.961780245423,257.644814618886,-263.06,78.77,-0.300666666666666,1.70666666666667
1378,21413.554,-46.64,0.16,295.265529087663,244.321961558923,295.265529087663,244.321961558923,-267.59,104.44,-0.301999999999998,1.71133333333333
1379,21428.61,-80.31,-20.07,308.337223330487,244.934316297247,308.337223330487,244.934316297247,-272.43,131.86,-0.322666666666669,1.828
1380,21443.644,-113.49,-40.26,320.041937035101,254.006863883636,320.041937035101,254.006863883636,-276.62,154.44,-0.279333333333333,1.50533333333333
1381,21458.816,-146.25,-60.72,330.527431794512,274.284827506007,330.527431794512,274.284827506007,-281.2,178.07,-0.305333333333332,1.57533333333333
1382,21473.897,-179.18,-81.3,339.361946672445,302.556357064267,339.361946672445,302.556357064267,-285.82,201.84,-0.308,1.58466666666667
1383,21489.992,-212.26,-101.51,346.618703307619,338.849256897518,346.618703307619,338.849256897518,-290.68,228.14,-0.324000000000001,1.75333333333333
1384,21505.04,-243.72,-120.5,352.126397183616,378.134797261506,352.126397183616,378.134797261506,-295.52,254.07,-0.322666666666665,1.72866666666667
1385,21521.021,-268.67,-120.86,353.999709176219,361.319537943909,353.999709176219,361.319537943909,-306.44,238.48,-0.728000000000001,-1.03933333333333
1386,21537.115,-269.42,-84.83,352.758330595805,302.170325644329,352.758330595805,302.170325644329,-307.51,214.93,-0.0713333333333329,-1.57
1387,21552.172,-269.42,-48.46,350.774109126249,240.632846469471,350.774109126249,240.632846469471,-308,189.06,-0.0326666666666673,-1.72466666666667
1388,21568.288,-269.42,-8.39,347.154081113649,175.594879196405,347.154081113649,175.594879196405,-308.46,162.81,-0.0306666666666653,-1.75
1389,21584.408,-268.9,31.48,339.52609248175,114.300160979764,339.52609248175,114.300160979764,-308.88,138.56,-0.0280000000000011,-1.61666666666667
1390,21600.395,-268.19,71.99,314.345179366481,57.5410366608041,314.345179366481,57.5410366608041,-309.34,112.21,-0.0306666666666653,-1.75666666666667
1391,21614.535,-267.59,106.65,247.987971025472,45.4640968237576,247.987971025472,45.4640968237576,-309.74,89.61,-0.0266666666666689,-1.50666666666667
1392,21630.638,-267.49,144.22,207.85165597586,91.4200907897165,207.85165597586,91.4200907897165,-310.2,63.39,-0.0306666666666653,-1.748
1393,21645.694,-267.36,181.14,196.930882130098,148.548576903315,196.930882130098,148.548576903315,-310.62,39.03,-0.0280000000000011,-1.624
1394,21660.775,-274.13,206.61,190.854408737486,196.108604859654,190.854408737486,196.108604859654,-311.06,14.01,-0.0293333333333332,-1.668
1395,21675.842,-280.14,173.99,189.661566333113,186.738650793027,189.661566333113,186.738650793027,-311.48,-10.1,-0.0280000000000011,-1.60733333333333
1396,21690.901,-283.97,138.06,189.162660821547,174.456015373503,189.162660821547,174.456015373503,-311.75,-34.17,-0.0179999999999988,-1.60466666666667
1397,21707.041,-288.01,99.57,188.468228889556,161.278308832899,188.468228889556,161.278308832899,-311.76,-59.95,-0.00066666666666606,-1.71866666666667
1398,21723.158,-292.32,58.59,187.58333421336,147.308363645789,187.58333421336,147.308363645789,-311.76,-87.43,0,-1.832
1399,21738.195,-296.12,22.43,186.651825826969,135.018893863044,186.651825826969,135.018893863044,-311.76,-111.68,0,-1.61666666666667
1400,21753.235,-299.89,-13.47,185.612882194495,121.361877457462,185.612882194495,121.361877457462,-311.76,-134.25,0,-1.50466666666667
1401,21769.31,-303.8,-49.97,184.25884612217,110.284525206395,184.25884612217,110.284525206395,-311.99,-159.95,-0.0153333333333345,-1.71333333333333
1402,21785.428,-307.91,-83.67,182.536974133153,102.340307308509,182.536974133153,102.340307308509,-312.44,-185.91,-0.0299999999999992,-1.73066666666667
1403,21801.422,-312.71,-122.77,180.09637092198,89.1801261492716,180.09637092198,89.1801261492716,-312.86,-211.95,-0.0280000000000011,-1.736
1404,21817.499,-317.4,-161.34,176.647592752897,76.6111010232851,176.647592752897,76.6111010232851,-312.92,-237.82,-0.00400000000000015,-1.72466666666667
1405,21833.579,-321.51,-199.96,162.422828874422,58.5118560635364,162.422828874422,58.5118560635364,-303.84,-255.74,0.605333333333336,-1.19466666666667
1406,21849.646,-325.83,-238.22,107.397952055435,49.7982178395974,107.397952055435,49.7982178395974,-278.31,-253.11,1.702,0.175333333333333
1407,21864.702,-312.06,-266,73.7149776541805,61.8724058042032,73.7149776541805,61.8724058042032,-252.67,-248.65,1.70933333333333,0.297333333333334
1408,21879.762,-273.22,-270.74,58.9059243380919,50.5184688999974,58.9059243380919,50.5184688999974,-229.96,-244.65,1.514,0.266666666666667
1409,21895.863,-233.83,-274.89,40.8680729904265,46.1242539235054,40.8680729904265,46.1242539235054,-203.65,-240.01,1.754,0.309333333333334
1410,21911.916,-194.75,-278.99,21.3874824279627,46.7815903962232,21.3874824279627,46.7815903962232,-177.69,-235.43,1.73066666666667,0.305333333333332
1411,21928.011,-160.98,-282.54,9.53075870095577,52.3019311306954,9.53075870095577,52.3019311306954,-152.32,-230.96,1.69133333333333,0.298
1412,21944.025,-122.6,-286.58,356.292098560154,60.3062384832614,356.292098560154,60.3062384832614,-126.5,-226.4,1.72133333333333,0.304
1413,21960.059,-86,-290.43,347.800826136389,70.1336930440712,347.800826136389,70.1336930440712,-100.82,-221.88,1.712,0.301333333333334
1414,21976.174,-45.08,-294.73,339.051773295974,82.9314475937808,339.051773295974,82.9314475937808,-74.73,-217.28,1.73933333333333,0.306666666666666
1415,21992.263,-10.87,-298.32,335.917394263212,93.9583099039143,335.917394263212,93.9583099039143,-49.21,-212.54,1.70133333333333,0.316000000000001
1416,22007.32,28.28,-302.44,330.32569365325,108.752497442588,330.32569365325,108.752497442588,-25.56,-207.95,1.57666666666667,0.306
1417,22022.387,62.69,-306.05,327.900963587248,121.268159464882,327.900963587248,121.268159464882,-1.75,-203.32,1.58733333333333,0.308666666666666
1418,22038.506,104.76,-310.47,324.069116860735,138.392585422775,324.069116860735,138.392585422775,23.55,-198.41,1.68666666666667,0.327333333333333
1419,22054.634,143.33,-314.95,322.112934900625,153.898251127165,322.112934900625,153.898251127165,48.82,-193.49,1.68466666666667,0.327999999999999
1420,22070.686,173.57,-305.36,319.098725970799,154.133372116489,319.098725970799,154.133372116489,72.65,-188.86,1.58866666666667,0.308666666666666
1421,22086.768,178.48,-268.9,316.522912738278,117.067523250473,316.522912738278,117.067523250473,97.93,-183.95,1.68533333333333,0.327333333333335
1422,22102.85,183.05,-231.7,311.372606382428,79.687947018354,311.372606382428,79.687947018354,123.25,-179.03,1.688,0.327999999999999
1423,22117.922,187.32,-194.44,296.377401915103,45.0614835530301,296.377401915103,45.0614835530301,146.95,-174.42,1.58,0.307333333333334
1424,22132.946,191.32,-156.41,235.506276705357,23.9265730935293,235.506276705357,23.9265730935293,171.6,-169.96,1.64333333333333,0.297333333333332
1425,22149.05,195.27,-118.78,176.803127709457,46.6225535551197,176.803127709457,46.6225535551197,197.87,-165.33,1.75133333333333,0.308666666666666
1426,22164.081,199.21,-81.31,164.068834832358,82.9561679442825,164.068834832358,82.9561679442825,221.98,-161.08,1.60733333333333,0.283333333333333
1427,22179.199,203.22,-43.22,159.415228448076,121.39041148295,159.415228448076,121.39041148295,245.9,-156.86,1.59466666666667,0.281333333333333
1428,22195.327,207.17,-5.57,156.277868324228,160.22811145364,156.277868324228,160.22811145364,271.63,-152.26,1.71533333333333,0.306666666666668
1429,22210.387,211.13,32.12,154.907619892532,198.547918901206,154.907619892532,198.547918901206,295.33,-147.69,1.58,0.304666666666666
1430,22226.446,215.27,69.4,153.984383648331,236.448227314142,153.984383648331,236.448227314142,318.98,-143.09,1.57666666666667,0.306666666666666
1431,22241.497,219.86,106.81,152.934923592048,275.185476724336,152.934923592048,275.185476724336,345.07,-138.24,1.73933333333333,0.323333333333333
1432,22256.585,224.42,143.94,153.223526241883,315.108844687038,153.223526241883,315.108844687038,366.38,-137.38,1.42066666666667,0.0573333333333342
1433,22272.682,233.35,219.16,162.561169882312,384.901034812846,162.561169882312,384.901034812846,348.7,-148.05,-1.17866666666667,-0.711333333333334
1434,22288.763,237.36,257.24,168.166673624222,418.646969414565,168.166673624222,418.646969414565,323.21,-152.51,-1.69933333333333,-0.297333333333332
1435,22304.78,241.89,297.35,173.046223588687,457.344156298077,173.046223588687,457.344156298077,297.26,-156.63,-1.73,-0.274666666666667
1436,22320.895,239.36,333.88,176.24706061414,495.612808652077,176.24706061414,495.612808652077,271.8,-160.67,-1.69733333333333,-0.269333333333333
1437,22336.97,207.52,343,175.641165719919,509.192781174282,175.641165719919,509.192781174282,246.22,-164.72,-1.70533333333333,-0.270000000000001
1438,22352.99,169.53,350.44,174.361420493243,521.714331507196,174.361420493243,521.714331507196,220.79,-168.75,-1.69533333333333,-0.268666666666667
1439,22369.097,131.63,357.81,173.155182715338,534.398881173979,173.155182715338,534.398881173979,195.32,-172.78,-1.698,-0.268666666666667
1440,22384.185,90.35,366.07,171.679389917942,548.67546874268,171.679389917942,548.67546874268,169.75,-176.83,-1.70466666666667,-0.270000000000001
1441,22400.277,65.53,351.07,171.56475501566,537.726977656878,171.56475501566,537.726977656878,144.41,-180.84,-1.68933333333333,-0.267333333333333
1442,22415.384,38.52,326.78,170.901770854452,517.936315004075,170.901770854452,517.936315004075,120.42,-184.64,-1.59933333333333,-0.253333333333332
1443,22431.423,8.04,299.33,169.903165934719,495.68676611344,169.903165934719,495.68676611344,94.94,-188.68,-1.69866666666667,-0.269333333333335
1444,22447.477,-17.23,276.57,169.513333011489,477.18020348711,169.513333011489,477.18020348711,69.62,-192.64,-1.688,-0.263999999999999
1445,22462.579,-45.96,250.71,168.240051604517,453.948330539942,168.240051604517,453.948330539942,46.56,-193.71,-1.53733333333333,-0.0713333333333348
1446,22477.716,-74.65,224.87,163.972812689168,412.795013778025,163.972812689168,412.795013778025,39.32,-171.88,-0.482666666666667,1.45533333333333
1447,22492.803,-103.35,199.03,157.844783392036,372.589944174558,157.844783392036,372.589944174558,37.16,-146.05,-0.144,1.722
1448,22508.854,-130.7,174.55,150.436061264906,336.201545653794,150.436061264906,336.201545653794,35.18,-117.88,-0.132,1.878
1449,22524.954,-161.97,170.98,143.457321654463,328.137351272299,143.457321654463,328.137351272299,33.41,-92.65,-0.118,1.682
1450,22540.983,-196.27,186.85,138.078960272689,341.098654497493,138.078960272689,341.098654497493,31.62,-66.95,-0.119333333333333,1.71333333333333
1451,22556.025,-232.67,204.21,133.133507967149,359.733447013202,133.133507967149,359.733447013202,29.85,-41.74,-0.118,1.68066666666667
1452,22571.16,-266.29,220.6,128.858390349945,378.053657831795,128.858390349945,378.053657831795,28.1,-16.59,-0.116666666666667,1.67666666666667
1453,22586.205,-300.51,237.22,124.901316357488,398.469170827556,124.901316357488,398.469170827556,26.29,9.23,-0.120666666666667,1.72133333333333
1454,22601.229,-335.68,253.66,121.313349767955,421.613109853097,121.313349767955,421.613109853097,24.52,34.54,-0.118,1.68733333333333
1455,22616.345,-362.58,253.87,116.754459004107,431.550061290692,116.754459004107,431.550061290692,22.77,59.6,-0.116666666666667,1.67066666666667
1456,22631.468,-359.9,212.92,108.602651225179,401.908238532131,108.602651225179,401.908238532131,21.01,84.71,-0.117333333333333,1.674
1457,22647.626,-355.86,174.43,99.4967590813942,380.200674644325,99.4967590813942,380.200674644325,19.13,111.7,-0.125333333333334,1.79933333333333
1458,22663.689,-351.81,135.93,89.7623368852314,368.853173227505,89.7623368852314,368.853173227505,17.04,137.46,-0.139333333333333,1.71733333333333
1459,22679.67,-347.76,97.42,80.7205984121408,361.490555478286,80.7205984121408,361.490555478286,9,155.71,-0.536,1.21666666666667
1460,22695.75,-343.74,59.11,76.3246190884372,343.497891842148,76.3246190884372,343.497891842148,-9.98,140.32,-1.26533333333333,-1.026
1461,22711.808,-339.69,20.59,72.1476813170107,328.087458614315,72.1476813170107,328.087458614315,-27.4,121.17,-1.16133333333333,-1.27666666666667
1462,22727.899,-336.16,-18.6,67.5243274470009,315.440229679095,67.5243274470009,315.440229679095,-44.68,101.99,-1.152,-1.27866666666667
1463,22745.01,-332.76,-57.43,62.6208375789458,304.994682740536,62.6208375789458,304.994682740536,-61.93,82.83,-1.15,-1.27733333333333
1464,22760.205,-329.32,-91.06,58.2559755939067,294.188512352199,58.2559755939067,294.188512352199,-79.14,63.72,-1.14733333333333,-1.274
1465,22776.388,-310.99,-98.32,56.3481547252048,257.766465041518,56.3481547252048,257.766465041518,-96.42,44.52,-1.152,-1.28
1466,22792.48,-291.46,-63.43,63.4684837852657,198.661257420766,63.4684837852657,198.661257420766,-113.72,25.31,-1.15333333333333,-1.28066666666667
1467,22807.475,-271.97,-26.78,76.8455590372481,144.830323137111,76.8455590372481,144.830323137111,-130.94,6.18,-1.148,-1.27533333333333
1468,22822.536,-252.38,10.06,101.008012666794,108.302716955762,101.008012666794,108.302716955762,-146.07,-10.62,-1.00866666666667,-1.12
1469,22838.655,-232.76,46.97,137.886057177132,103.503219756682,137.886057177132,103.503219756682,-163.35,-29.81,-1.152,-1.27933333333333
1470,22854.793,-215.58,79.28,165.309403425253,133.793801425926,165.309403425253,133.793801425926,-181.65,-50.14,-1.22,-1.35533333333333
1471,22869.796,-197.36,113.54,179.831800842422,180.54077794227,179.831800842422,180.54077794227,-196.83,-67,-1.012,-1.124
1472,22884.933,-180.38,145.47,188.063957055388,232.751423196508,188.063957055388,232.751423196508,-213.03,-84.98,-1.08,-1.19866666666667
1473,22901.001,-151.65,170.86,195.819032551211,284.62963759946,195.819032551211,284.62963759946,-229.24,-102.99,-1.08066666666667,-1.20066666666667
1474,22917.092,-113.17,184.91,203.478509479782,334.885296780853,203.478509479782,334.885296780853,-246.59,-122.25,-1.15666666666667,-1.284
1475,22933.224,-75.2,198.73,209.011964801661,388.934048136699,209.011964801661,388.934048136699,-263.83,-141.4,-1.14933333333333,-1.27666666666667
1476,22948.3,-37.37,212.49,213.158899481684,445.770686339961,213.158899481684,445.770686339961,-281.19,-160.69,-1.15733333333333,-1.286
1477,22963.348,-2.74,225.1,216.119491010343,499.82086731148,216.119491010343,499.82086731148,-297.37,-178.65,-1.07866666666667,-1.19733333333333
1478,22978.42,32.47,237.92,218.529985783945,555.541170121531,218.529985783945,555.541170121531,-313.59,-196.67,-1.08133333333333,-1.20133333333333
1479,22993.536,68.35,250.97,220.531996027992,612.504680308649,220.531996027992,612.504680308649,-329.7,-214.56,-1.074,-1.19266666666667
1480,23008.668,104.16,264.01,222.19061519093,668.538577046979,222.19061519093,668.538577046979,-344.83,-231.32,-1.00866666666667,-1.11733333333333
1481,23023.727,139.33,276.81,223.591444424001,726.050359134957,223.591444424001,726.050359134957,-361.29,-249.05,-1.09733333333334,-1.182
1482,23039.787,174.92,289.76,224.79639112179,785.975363290733,224.79639112179,785.975363290733,-378.87,-267.98,-1.172,-1.262
1483,23054.827,210.71,302.79,225.390954166983,836.293445448426,225.390954166983,836.293445448426,-384.66,-284.51,-0.386000000000001,-1.102
1484,23069.907,245.34,310.48,225.703947197534,848.351749924523,225.703947197534,848.351749924523,-361.86,-281.98,1.52,0.168666666666665
1485,23084.937,239.95,276.51,226.373311040714,799.557310766402,226.373311040714,799.557310766402,-338.81,-275.15,1.53666666666667,0.455333333333336
1486,23100.073,227.67,241.51,226.782677098562,743.507863105697,226.782677098562,743.507863105697,-314.17,-267.62,1.64266666666667,0.501999999999998
1487,23116.15,214.09,204.19,227.380316154803,686.294823308467,227.380316154803,686.294823308467,-290.93,-260.52,1.54933333333333,0.473333333333335
1488,23132.274,200.68,167.34,228.007228749493,628.231472070606,228.007228749493,628.231472070606,-266.24,-252.97,1.646,0.503333333333332
1489,23148.273,187.38,130.8,228.749940508251,570.640695534414,228.749940508251,570.640695534414,-241.65,-245.45,1.63933333333333,0.501333333333334
1490,23163.399,174.76,96.14,229.613096913784,516.26231026485,229.613096913784,516.26231026485,-218.47,-238.37,1.54533333333333,0.471999999999999
1491,23178.4,162.29,61.87,230.655931507963,462.41507079679,230.655931507963,462.41507079679,-195.32,-231.29,1.54333333333333,0.472000000000001
1492,23193.453,150.26,27.37,232.040003826383,409.048031653986,232.040003826383,409.048031653986,-172.25,-224.24,1.538,0.469999999999999
1493,23208.545,138.47,-6.88,233.82398365975,356.228122696679,233.82398365975,356.228122696679,-149.08,-217.15,1.54466666666667,0.472666666666667
1494,23223.596,126.63,-41.25,236.244565163914,303.878832760691,236.244565163914,303.878832760691,-126.02,-210.1,1.53733333333333,0.470000000000001
1495,23238.68,114.26,-75.86,239.648366253074,251.709118229753,239.648366253074,251.709118229753,-102.95,-203.05,1.538,0.469999999999999
1496,23253.819,100.74,-113.19,245.364521887109,198.563624564017,245.364521887109,198.563624564017,-79.75,-195.96,1.54666666666667,0.472666666666667
1497,23268.814,87.89,-147.08,253.86422730886,150.477954863827,253.86422730886,150.477954863827,-56.66,-188.9,1.53933333333333,0.470666666666667
1498,23283.883,51.96,-146.4,247.494348602706,92.6132609295235,247.494348602706,92.6132609295235,-33.6,-181.85,1.53733333333333,0.470000000000001
1499,23298.994,15.34,-141.27,217.614836252283,42.3035754990048,217.614836252283,42.3035754990048,-10.48,-174.78,1.54133333333333,0.471333333333333
1500,23314.037,-19.62,-136.36,134.135767177847,45.0053952321274,134.135767177847,45.0053952321274,12.68,-167.7,1.544,0.472000000000001
1501,23329.13,-59.63,-130.71,107.398788289693,100.026549475627,107.398788289693,100.026549475627,35.82,-160.62,1.54266666666667,0.471999999999999
1502,23344.31,-85.51,-110.18,106.711979782796,150.82028842301,106.711979782796,150.82028842301,58.94,-153.55,1.54133333333333,0.471333333333333
1503,23359.343,-114.67,-82.06,108.387387312391,205.712557224881,108.387387312391,205.712557224881,80.54,-146.95,1.44,0.440000000000002
1504,23374.38,-114.67,-82.06,104.809109466599,226.017682936535,104.809109466599,226.017682936535,103.84,-139.83,1.55333333333333,0.474666666666665
1505,23389.45,-142.43,-55.26,106.060820835847,280.238096803415,106.060820835847,280.238096803415,126.87,-132.79,1.53533333333333,0.469333333333335
1506,23404.633,-168.92,-29.36,106.655933302638,334.515178728858,106.655933302638,334.515178728858,151.56,-125.24,1.646,0.503333333333333
1507,23419.757,-197.26,-1.03,107.477862394153,389.994867914951,107.477862394153,389.994867914951,174.73,-118.16,1.54466666666667,0.472
1508,23435.781,-249.5,51.19,109.918782262161,476.389275802888,109.918782262161,476.389275802888,198.39,-111.11,1.57733333333333,0.47
1509,23450.811,-277.35,78.19,110.074250870442,531.701617450991,110.074250870442,531.701617450991,222.05,-104.31,1.57733333333334,0.453333333333333
1510,23465.965,-303.78,103.78,110.12263700411,585.18034314218,110.12263700411,585.18034314218,245.68,-97.54,1.57533333333333,0.451333333333333
1511,23480.956,-303.78,103.78,108.750778390495,604.661973171788,108.750778390495,604.661973171788,268.79,-90.59,1.54066666666667,0.463333333333334
1512,23496.094,-316.14,130.52,109.104039818215,631.774448122113,109.104039818215,631.774448122113,280.84,-76.25,0.80333333333333,0.956
1513,23511.075,-277.39,138.76,109.299507013972,583.04491113464,109.299507013972,583.04491113464,272.89,-53.94,-0.529999999999999,1.48733333333333
1514,23527.181,-205.52,148.87,110.987004561381,500.898781092548,110.987004561381,500.898781092548,262.15,-30.53,-0.716000000000001,1.56066666666667
1515,23543.247,-169.39,153.95,110.955776730632,450.443817251386,110.955776730632,450.443817251386,251.26,-7.15,-0.725999999999999,1.55866666666667
1516,23558.301,-130.21,159.27,111.277234874028,398.450162755645,111.277234874028,398.450162755645,241.08,14.68,-0.678666666666665,1.45533333333333
1517,23574.381,-91.81,163.99,111.34954871349,345.660337904134,111.34954871349,345.660337904134,230.13,38.15,-0.730000000000001,1.56466666666667
1518,23590.451,-51.24,168.97,111.675305755526,291.081861509782,111.675305755526,291.081861509782,219.26,61.46,-0.724666666666667,1.554
1519,23605.598,-13.3,173.63,112.112558053461,240.046332402726,112.112558053461,240.046332402726,209.09,83.27,-0.677999999999999,1.454
1520,23620.645,27.59,178.65,113.541924688623,187.571980850019,113.541924688623,187.571980850019,199.55,103.73,-0.636,1.364
1521,23635.753,27.59,178.65,108.125118311308,170.174135813877,108.125118311308,170.174135813877,189.32,125.71,-0.682000000000001,1.46533333333333
1522,23650.778,66.13,183.98,106.731573432486,117.128763760231,106.731573432486,117.128763760231,178.3,150.26,-0.734666666666666,1.63666666666667
1523,23665.808,102.39,189.07,103.136513679991,67.1882266472334,103.136513679991,67.1882266472334,167.82,173.8,-0.698666666666668,1.56933333333333
1524,23680.934,139.32,194.04,87.0759006789711,19.0147574267988,87.0759006789711,19.0147574267988,158.31,195.01,-0.633999999999999,1.414
1525,23695.968,177.56,198.78,301.595544110104,34.5281942765619,301.595544110104,34.5281942765619,148.15,216.87,-0.677333333333333,1.45733333333333
1526,23711.038,197.59,180.47,318.568047309108,76.2395442011559,318.568047309108,76.2395442011559,147.14,237.63,-0.0673333333333346,1.384
1527,23726.181,198.41,146.03,343.167401914297,99.1793491610023,343.167401914297,99.1793491610023,169.69,240.96,1.50333333333333,0.222000000000001
1528,23741.236,199.07,108.44,354.738825309364,141.445902733165,354.738825309364,141.445902733165,186.1,249.29,1.094,0.555333333333332
1529,23756.32,199.7,72.25,359.218557498262,197.23834439581,359.218557498262,197.23834439581,197.01,269.47,0.727333333333333,1.34533333333334
1530,23771.282,200.34,35.85,1.66735889156382,255.69826299762,1.66735889156382,255.69826299762,207.78,291.44,0.718000000000001,1.46466666666666
1531,23786.427,200.97,-0.32,3.30549003977242,315.645139991098,3.30549003977242,315.645139991098,219.17,314.8,0.759333333333332,1.55733333333333
1532,23801.56,201.65,-39.15,4.29097245901686,376.896465358857,4.29097245901686,376.896465358857,229.85,336.69,0.712,1.45933333333333
1533,23816.608,201.95,-75.39,3.96022008937985,431.339935781513,3.96022008937985,431.339935781513,231.74,354.92,0.126000000000001,1.21533333333333
1534,23831.651,201.95,-112.76,0.844627365798843,464.690490649421,0.844627365798843,464.690490649421,208.8,351.88,-1.52933333333333,-0.202666666666668
1535,23846.707,201.95,-149.34,358.079808193086,494.517686741334,358.079808193086,494.517686741334,185.38,344.9,-1.56133333333333,-0.465333333333335
1536,23861.851,202.21,-185.71,355.588487303102,524.965305996501,355.588487303102,524.965305996501,161.83,337.7,-1.57,-0.479999999999999
1537,23876.855,202.83,-221.77,353.317615143959,556.007250762074,353.317615143959,556.007250762074,138.13,330.46,-1.58,-0.482666666666667
1538,23891.971,201.33,-258.28,351.517514943213,587.971822879294,351.517514943213,587.971822879294,114.6,323.26,-1.56866666666667,-0.479999999999999
1539,23906.994,169.42,-248.09,352.062251531911,569.526810080088,352.062251531911,569.526810080088,90.77,315.98,-1.58866666666667,-0.485333333333332
1540,23922.114,138.45,-228.87,352.473907166861,542.382453348189,352.473907166861,542.382453348189,67.41,308.84,-1.55733333333333,-0.476000000000003
1541,23937.134,107.87,-209.77,352.93537639915,515.4129820833,352.93537639915,515.4129820833,44.48,301.73,-1.52866666666667,-0.473999999999997
1542,23952.181,78.57,-187.26,353.234043933688,484.917115082568,353.234043933688,484.917115082568,21.44,294.28,-1.536,-0.49666666666667
1543,23967.226,59.98,-153.98,352.042858641071,445.055035922525,352.042858641071,445.055035922525,-1.63,286.79,-1.538,-0.49933333333333
1544,23982.409,42.53,-121.17,350.497782107146,406.091900928842,350.497782107146,406.091900928842,-24.51,279.35,-1.52533333333333,-0.496
1545,23997.478,25.39,-88.93,348.554524386195,368.079637035248,348.554524386195,368.079637035248,-47.65,271.83,-1.54266666666667,-0.501333333333336
1546,24012.561,8.41,-56.99,346.18588416499,330.942347396038,346.18588416499,330.942347396038,-70.61,264.38,-1.53066666666667,-0.496666666666666
1547,24027.628,-8.66,-24.89,343.238478580012,294.324866091875,343.238478580012,294.324866091875,-93.54,256.93,-1.52866666666667,-0.496666666666666
1548,24042.701,-25.78,7.31,339.42969216508,258.597741096089,339.42969216508,258.597741096089,-116.64,249.42,-1.54,-0.500666666666668
1549,24057.759,-42.77,39.26,334.417443669523,224.820494617372,334.417443669523,224.820494617372,-139.85,242.04,-1.54733333333333,-0.492
1550,24072.822,-59.88,71.44,327.579002799327,193.476963228184,327.579002799327,193.476963228184,-163.61,234.76,-1.584,-0.485333333333333
1551,24087.903,-77.06,103.75,318.16574561191,165.942496064149,318.16574561191,165.942496064149,-187.74,227.39,-1.60866666666667,-0.491333333333334
1552,24102.955,-94.03,135.67,305.644844797606,144.811099367417,305.644844797606,144.811099367417,-211.71,220.06,-1.598,-0.488666666666666
1553,24118.029,-110.18,166.05,290.437557796789,133.567642788214,290.437557796789,133.567642788214,-235.34,212.69,-1.57533333333333,-0.491333333333334
1554,24133.012,-127.17,198,273.432308316902,129.782800863597,273.432308316902,129.782800863597,-256.72,205.77,-1.42533333333334,-0.461333333333333
1555,24149.119,-170.05,251.05,244.319918065966,121.611882643104,244.319918065966,121.611882643104,-279.65,198.35,-1.52866666666666,-0.494666666666668
1556,24164.184,-201.3,272.94,230.404000085763,130.567762100757,230.404000085763,130.567762100757,-301.91,189.72,-1.484,-0.575333333333333
1557,24179.233,-234.22,295.87,203.85316737232,135.165158232438,203.85316737232,135.165158232438,-288.88,172.25,0.868666666666669,-1.16466666666667
1558,24195.304,-264.11,316.05,181.330208540558,158.952836401242,181.330208540558,158.952836401242,-267.8,157.14,1.40533333333333,-1.00733333333333
1559,24210.432,-294.23,336.37,166.174302200003,199.984099867965,166.174302200003,199.984099867965,-246.44,142.18,1.424,-0.997333333333332
1560,24225.454,-325.36,358.06,156.725037609437,250.212508480292,156.725037609437,250.212508480292,-226.49,128.21,1.33,-0.931333333333333
1561,24240.581,-342.81,353.24,150.323086727737,274.990161460369,150.323086727737,274.990161460369,-206.66,114.32,1.322,-0.926000000000001
1562,24255.569,-328.82,319.61,147.167575020747,259.967182736591,147.167575020747,259.967182736591,-187.87,101.17,1.25266666666667,-0.876666666666666
1563,24270.729,-314.14,286.62,143.614185895625,249.030888244812,143.614185895625,249.030888244812,-166.41,86.14,1.43066666666667,-1.002
1564,24285.834,-299.33,253.35,139.839556407969,237.110924463636,139.839556407969,237.110924463636,-146.41,72.14,1.33333333333333,-0.933333333333333
1565,24300.901,-284.57,220.21,135.712891373709,226.192683347627,135.712891373709,226.192683347627,-126.63,58.29,1.31866666666667,-0.923333333333334
1566,24315.917,-269.89,187.23,131.185182283518,217.663053824024,131.185182283518,217.663053824024,-106.08,43.9,1.37,-0.959333333333333
1567,24331.058,-255.1,154.02,126.292595337194,209.812650238254,126.292595337194,209.812650238254,-85.99,29.83,1.33933333333333,-0.938
1568,24346.098,-240.31,120.8,121.067250522494,204.129953950908,121.067250522494,204.129953950908,-65.46,15.46,1.36866666666667,-0.958
1569,24361.157,-224.61,85.55,115.159103618335,198.126075517586,115.159103618335,198.126075517586,-45.28,1.32,1.34533333333333,-0.942666666666667
1570,24376.176,-224.61,85.55,116.226941803048,222.049888538589,116.226941803048,222.049888538589,-25.42,-12.58,1.324,-0.926666666666667
1571,24392.25,-208.93,50.31,110.593087704046,217.241289123408,110.593087704046,217.241289123408,-5.57,-26.1,1.32333333333333,-0.901333333333333
1572,24408.332,-193.13,14.83,104.847272692408,216.239747733852,104.847272692408,216.239747733852,15.89,-40.58,1.43066666666667,-0.965333333333333
1573,24424.401,-177.55,-20.41,99.1410424491256,217.542736031337,99.1410424491256,217.542736031337,37.23,-54.97,1.42266666666667,-0.959333333333333
1574,24440.507,-162.33,-56.2,93.41435093274,221.302825332168,93.41435093274,221.302825332168,58.58,-69.38,1.42333333333333,-0.960666666666666
1575,24455.629,-147.11,-92.05,87.6816194751918,225.944942851129,87.6816194751918,225.944942851129,78.65,-82.91,1.338,-0.902
1576,24470.582,-131.98,-127.7,82.3861871552091,233.064786057439,82.3861871552091,233.064786057439,99.03,-96.82,1.35866666666667,-0.927333333333333
1577,24485.678,-116.47,-163.09,77.4345817388392,241.04341206513,77.4345817388392,241.04341206513,118.8,-110.65,1.318,-0.922000000000001
1578,24500.758,-101.77,-196.1,73.4865617767424,251.05525208607,73.4865617767424,251.05525208607,138.93,-124.74,1.342,-0.939333333333333
1579,24515.858,-87.21,-229.95,69.6704231693875,262.650578906653,69.6704231693875,262.650578906653,159.08,-138.7,1.34333333333333,-0.930666666666666
1580,24530.855,-74.08,-218.02,75.4255718020311,261.566807718411,75.4255718020311,261.566807718411,179.07,-152.2,1.33266666666667,-0.9
1581,24546.918,-73.34,-181.08,83.4284976635003,268.343064937404,83.4284976635003,268.343064937404,193.24,-150.37,0.944666666666668,0.121999999999999
1582,24562.997,-72.72,-145.68,86.0514920928969,255.155653278543,86.0514920928969,255.155653278543,181.83,-128.11,-0.760666666666667,1.484
1583,24579.086,-72.02,-105.63,89.8444743789586,239.460882191643,89.8444743789586,239.460882191643,167.44,-104.98,-0.959333333333334,1.542
1584,24594.232,-71.32,-65.35,94.6026220517138,226.058993406588,94.6026220517138,226.058993406588,154.01,-83.49,-0.895333333333334,1.43266666666667
1585,24609.29,-70.66,-27.54,99.342768455506,214.302766431047,99.342768455506,214.302766431047,140.8,-62.33,-0.880666666666665,1.41066666666667
1586,24624.337,-70.01,9.38,104.610640099885,204.916520075859,104.610640099885,204.916520075859,128.28,-42.31,-0.834666666666667,1.33466666666667
1587,24639.537,-69.32,49.02,110.835459994583,197.281051548292,110.835459994583,197.281051548292,115.06,-21.15,-0.881333333333333,1.41066666666667
1588,24655.628,-68.24,88.53,117.235697921614,190.275586452913,117.235697921614,190.275586452913,100.94,1.45,-0.941333333333334,1.50666666666667
1589,24671.709,-66.84,128.47,124.208257691962,185.84048670836,124.208257691962,185.84048670836,86.85,23.99,-0.939333333333334,1.50266666666667
1590,24686.736,-65.48,169.57,131.771530376939,186.200962672055,131.771530376939,186.200962672055,73.39,45.53,-0.897333333333333,1.436
1591,24701.813,-64.75,209.75,139.005021398151,190.535603497089,139.005021398151,190.535603497089,60.24,65.94,-0.876666666666667,1.36066666666667
1592,24717.794,-57.78,246.14,146.748076507258,189.688051811388,146.748076507258,189.688051811388,46.23,87.51,-0.934,1.438
1593,24733.922,-20.38,262.21,161.046647745053,161.823533826202,161.046647745053,161.823533826202,32.18,109.16,-0.936666666666666,1.44333333333333
1594,24748.998,18.3,277.06,180.185078506588,145.500759104549,180.185078506588,145.500759104549,17.83,131.56,-0.956666666666667,1.49333333333333
1595,24764.06,55,291.15,199.654084411758,148.034429103503,199.654084411758,148.034429103503,5.21,151.74,-0.841333333333333,1.34533333333333
1596,24780.061,90.97,304.96,217.443581247056,164.594250507118,217.443581247056,164.594250507118,-9.1,174.28,-0.954,1.50266666666667
1597,24795.274,129.62,319.87,229.718619891014,209.994125870225,229.718619891014,209.994125870225,-30.58,184.1,-1.432,0.654666666666666
1598,24810.288,164.58,333.96,235.894939789507,264.984460865161,235.894939789507,264.984460865161,-54.83,185.38,-1.61666666666667,0.0853333333333334
1599,24826.312,185.29,327.87,241.875452526063,300.388359295096,241.875452526063,300.388359295096,-79.63,186.27,-1.65333333333333,0.0593333333333343
1600,24841.403,166.95,296.77,248.157400948079,294.470172513278,248.157400948079,294.470172513278,-106.38,187.21,-1.78333333333333,0.0626666666666665
1601,24856.49,146.94,265.94,254.342074739326,288.558342281072,254.342074739326,288.558342281072,-130.91,188.06,-1.63533333333333,0.0566666666666663
1602,24871.589,125.85,233.45,260.95974646504,283.653488961444,260.95974646504,283.653488961444,-154.28,188.88,-1.558,0.0546666666666662
1603,24886.661,107.35,204.97,266.954435915671,286.654871579047,266.954435915671,286.654871579047,-178.9,189.74,-1.64133333333333,0.0573333333333342
1604,24901.744,87.55,174.48,273.169909018282,291.516036094071,273.169909018282,291.516036094071,-203.52,190.6,-1.64133333333333,0.0573333333333324
1605,24916.773,67.83,144.11,279.125332969176,298.24464940716,279.125332969176,298.24464940716,-226.64,191.41,-1.54133333333333,0.0540000000000002
1606,24932.896,46.77,111.68,285.023434319899,311.248509233378,285.023434319899,311.248509233378,-253.84,192.36,-1.81333333333333,0.0633333333333345
1607,24948.968,27.02,81.27,289.999395491466,327.563302279117,289.999395491466,327.563302279117,-280.79,193.3,-1.79666666666667,0.0626666666666665
1608,24965.069,7.3,50.91,294.498287749487,345.603408837355,294.498287749487,345.603408837355,-307.19,194.22,-1.76,0.0613333333333325
1609,24981.169,-12.55,20.33,298.558192092892,365.693139667673,298.558192092892,365.693139667673,-333.75,195.15,-1.77066666666667,0.0620000000000005
1610,24997.196,-32.28,-10.04,302.185430173972,386.906436493372,302.185430173972,386.906436493372,-359.73,196.05,-1.732,0.0600000000000004
1611,25012.287,-50.72,-38.44,305.074655860291,409.541016871326,305.074655860291,409.541016871326,-385.89,196.9,-1.744,0.0566666666666663
1612,25027.329,-70.43,-68.79,310.396603981297,424.750377633734,310.396603981297,424.750377633734,-393.91,206.48,-0.534666666666669,0.638666666666666
1613,25043.403,-89.49,-97.58,318.187212686269,423.12958641532,318.187212686269,423.12958641532,-371.59,217.79,1.488,0.754
1614,25059.501,-111.19,-129.75,326.481078288224,428.041863022766,326.481078288224,428.041863022766,-347.56,227.11,1.602,0.621333333333335
1615,25075.601,-151.3,-190.55,337.889578720675,460.34358146932,337.889578720675,460.34358146932,-324.57,235.94,1.53266666666667,0.588666666666666
1616,25091.647,-178.36,-192.76,344.412411361327,454.651728029269,344.412411361327,454.651728029269,-300.53,245.17,1.60266666666667,0.615333333333333
1617,25107.651,-204.82,-162.78,350.305844751427,423.365381792135,350.305844751427,423.365381792135,-276.11,254.54,1.628,0.624666666666667
1618,25123.835,-230.46,-133.29,356.983125357225,397.871418928276,356.983125357225,397.871418928276,-251.4,264.03,1.64733333333333,0.632666666666665
1619,25139.95,-255.87,-104.05,4.46911448763431,378.841875325313,4.46911448763431,378.841875325313,-226.35,273.64,1.67,0.640666666666668
1620,25155.01,-255.87,-104.05,7.69640592757506,389.922577571497,7.69640592757506,389.922577571497,-203.65,282.36,1.51333333333333,0.581333333333335
1621,25171.083,-281.1,-75.03,15.5720209932896,380.891074455677,15.5720209932896,380.891074455677,-178.85,291.88,1.65333333333333,0.634666666666666
1622,25186.139,-306.53,-45.78,23.6281647034712,378.643245813259,23.6281647034712,378.643245813259,-154.77,301.12,1.60533333333333,0.616000000000001
1623,25201.2,-331.92,-16.57,31.4917127503866,382.847400017292,31.4917127503866,382.847400017292,-131.93,309.89,1.52266666666667,0.584666666666665
1624,25216.282,-357.87,13.76,39.0693146097262,391.790629418316,39.0693146097262,391.790629418316,-110.94,317.94,1.39933333333333,0.536666666666667
1625,25232.388,-343.14,23.97,40.2030516913421,396.995581461557,40.2030516913421,396.995581461557,-86.88,327.18,1.604,0.616000000000001
1626,25248.489,-306.8,6.79,36.4798817845581,410.16550269373,36.4798817845581,410.16550269373,-62.94,336.59,1.596,0.627333333333331
1627,25264.584,-270.93,-10.7,33.0098159527174,425.637591502442,33.0098159527174,425.637591502442,-39.05,346.23,1.59266666666667,0.64266666666667
1628,25279.645,-240.52,-26.11,30.5517836804077,443.640578171114,30.5517836804077,443.640578171114,-15.01,355.94,1.60266666666667,0.647333333333332
1629,25294.693,-205.62,-43.89,27.3771691710992,459.719145674835,27.3771691710992,459.719145674835,5.78,364.34,1.386,0.559999999999999
1630,25310.788,-173.42,-60.3,25.1235251434007,479.448434870738,25.1235251434007,479.448434870738,30.14,373.79,1.624,0.630000000000003
1631,25325.866,-138.78,-77.95,22.5970678684261,498.792347174653,22.5970678684261,498.792347174653,52.88,382.55,1.516,0.583999999999999
1632,25340.936,-103.73,-95.8,20.157426218467,516.133519547026,20.157426218467,516.133519547026,74.13,388.72,1.41666666666667,0.411333333333334
1633,25356.033,-68.86,-113.57,16.1336123631288,500.938822711916,16.1336123631288,500.938822711916,70.34,367.64,-0.252666666666666,-1.40533333333334
1634,25371.107,-34.09,-130.65,11.0968363877086,485.120149447536,11.0968363877086,485.120149447536,59.28,345.4,-0.737333333333334,-1.48266666666667
1635,25387.154,0.71,-147.63,5.75704669279162,473.729401663017,5.75704669279162,473.729401663017,48.23,323.71,-0.736666666666667,-1.446
1636,25403.286,35.6,-164.64,0.107138524862719,465.260813415443,0.107138524862719,465.260813415443,36.47,300.62,-0.784,-1.53933333333333
1637,25419.394,70.3,-182.08,354.351589911022,462.08360282529,354.351589911022,462.08360282529,24.82,277.76,-0.776666666666667,-1.524
1638,25435.427,104.67,-199.55,348.598890977342,463.383790825704,348.598890977342,463.383790825704,13.07,254.69,-0.783333333333333,-1.538
1639,25451.464,139.89,-214.84,342.774398739792,467.624777893559,342.774398739792,467.624777893559,1.41,231.81,-0.777333333333333,-1.52533333333333
1640,25467.572,172.13,-190.78,335.450924180263,439.355187974377,335.450924180263,439.355187974377,-10.41,208.86,-0.788,-1.53
1641,25483.697,203.36,-163.64,327.117872823242,416.19965401235,327.117872823242,416.19965401235,-22.6,185.88,-0.812666666666667,-1.532
1642,25499.723,234.25,-136.79,318.104345475261,402.814654276629,318.104345475261,402.814654276629,-34.74,163.05,-0.809333333333333,-1.522
1643,25515.857,264.27,-110.29,308.814834500671,399.422105046779,308.814834500671,399.422105046779,-46.95,140.07,-0.814,-1.532
1644,25530.89,294.05,-83.49,299.852289000629,406.255401071789,299.852289000629,406.255401071789,-58.3,118.73,-0.756666666666666,-1.42266666666667
1645,25546.029,323.72,-56.99,291.439848878452,422.571154363381,291.439848878452,422.571154363381,-69.61,97.47,-0.754,-1.41733333333333
1646,25561.082,354.81,-29.83,283.658791268477,448.421720816465,283.658791268477,448.421720816465,-80.93,76.06,-0.754666666666667,-1.42733333333333
1647,25576.16,372.62,-46.72,282.286889363839,475.501701574243,282.286889363839,475.501701574243,-91.99,54.47,-0.737333333333333,-1.43933333333333
1648,25591.201,373.56,-85.87,284.008795915588,491.095891349134,284.008795915588,491.095891349134,-102.93,33.01,-0.729333333333334,-1.43066666666667
1649,25606.282,374.26,-125.55,285.682597276999,507.014163608868,285.682597276999,507.014163608868,-113.88,11.5,-0.729999999999999,-1.434
1650,25621.36,374.85,-159.47,286.619218135236,521.870244888516,286.619218135236,521.870244888516,-125.22,-10.21,-0.756,-1.44733333333333
1651,25636.463,375.52,-197.99,288.00590730847,538.440301704841,288.00590730847,538.440301704841,-136.55,-31.55,-0.755333333333334,-1.42266666666667
1652,25651.567,376.2,-236.68,289.356826596499,552.692209642944,289.356826596499,552.692209642944,-145.25,-53.49,-0.579999999999999,-1.46266666666667
1653,25666.68,376.29,-276.41,292.063564941623,546.274979200036,292.063564941623,546.274979200036,-129.98,-71.21,1.018,-1.18133333333333
1654,25681.685,376.29,-276.41,291.291820794754,524.897918551789,291.291820794754,524.897918551789,-112.78,-85.81,1.14666666666667,-0.973333333333334
1655,25696.779,376.29,-315.45,294.401316394183,514.904249836802,294.401316394183,514.904249836802,-92.62,-102.73,1.344,-1.128
1656,25712.935,376.79,-354.42,297.574541661929,506.154408851686,297.574541661929,506.154408851686,-71.87,-120.12,1.38333333333333,-1.15933333333333
1657,25728.965,368.59,-386.48,300.74468130831,489.345635006587,300.74468130831,489.345635006587,-51.98,-136.32,1.326,-1.08
1658,25745.07,328.9,-385.99,302.898129738469,429.625831858374,302.898129738469,429.625831858374,-31.83,-152.64,1.34333333333333,-1.088
1659,25761.198,288.97,-384.6,305.65262212494,370.271561559891,305.65262212494,370.271561559891,-11.9,-168.78,1.32866666666667,-1.076
1660,25777.285,248.66,-383.19,309.487909419393,311.535161739409,309.487909419393,311.535161739409,8.23,-185.08,1.342,-1.08666666666667
1661,25793.302,208.62,-381.8,315.022229821332,255.152430127561,315.022229821332,255.152430127561,28.27,-201.31,1.336,-1.082
1662,25809.401,168.27,-380.39,323.621768271678,202.305448517829,323.621768271678,202.305448517829,48.28,-217.51,1.334,-1.08
1663,25825.516,128.41,-378.99,337.530438578105,157.172079263462,337.530438578105,157.172079263462,68.34,-233.75,1.33733333333333,-1.08266666666667
1664,25841.524,87.59,-377.57,359.772849079147,128.641010956848,359.772849079147,128.641010956848,87.08,-248.93,1.24933333333333,-1.012
1665,25857.628,49.85,-376.25,27.2591630115449,124.777277178179,27.2591630115449,124.777277178179,107,-265.33,1.328,-1.09333333333333
1666,25873.716,10.04,-374.86,51.859355229956,149.434751647667,51.859355229956,149.434751647667,127.57,-282.57,1.37133333333333,-1.14933333333333
1667,25889.791,-64.49,-372.26,70.9911425577105,224.153485362151,70.9911425577105,224.153485362151,147.44,-299.25,1.32466666666667,-1.112
1668,25905.858,-103.91,-370.88,78.5548739827956,276.773588515957,78.5548739827956,276.773588515957,167.36,-315.96,1.328,-1.114
1669,25921.94,-137.92,-370.07,83.39891845628,327.168935108454,83.39891845628,327.168935108454,187.08,-332.46,1.31466666666667,-1.1
1670,25938.065,-176.57,-369.39,86.9206712743234,384.224776010085,86.9206712743234,384.224776010085,207.1,-348.75,1.33466666666667,-1.086
1671,25954.069,-210.53,-368.8,89.4986010881227,437.666758390445,89.4986010881227,437.666758390445,227.12,-364.97,1.33466666666667,-1.08133333333334
1672,25970.135,-250.3,-367.71,91.5767507182503,497.528382808459,91.5767507182503,497.528382808459,247.04,-381.4,1.328,-1.09533333333333
1673,25986.235,-290.4,-366.38,92.7105130606441,557.203390962403,92.7105130606441,557.203390962403,266.18,-392.73,1.276,-0.755333333333336
1674,26001.33,-314.94,-354.02,91.8154883667522,571.636942997914,91.8154883667522,571.636942997914,256.41,-372.13,-0.651333333333332,1.37333333333333
1675,26016.384,-290.19,-322.78,93.4567348885973,530.72559538805,93.4567348885973,530.72559538805,239.57,-354.78,-1.12266666666667,1.15666666666667
1676,26031.453,-264.51,-293.22,95.1917757406724,488.785291615859,95.1917757406724,488.785291615859,222.27,-337.45,-1.15333333333333,1.15533333333333
1677,26046.593,-237.78,-262.46,97.4657869823629,446.918697080353,97.4657869823629,446.918697080353,205.35,-320.53,-1.128,1.128
1678,26062.673,-211.99,-232.8,99.8541075682604,404.8732074366,99.8541075682604,404.8732074366,186.91,-302.09,-1.22933333333333,1.22933333333333
1679,26078.692,-185.93,-202.83,102.762038628313,362.648904865298,102.762038628313,362.648904865298,167.76,-282.94,-1.27666666666667,1.27666666666667
1680,26093.778,-159.89,-172.86,106.721214186333,324.73091152522,106.721214186333,324.73091152522,151.11,-266.29,-1.11,1.11
1681,26108.935,-135.28,-144.72,111.003922630559,286.581663753981,111.003922630559,286.581663753981,132.26,-247.44,-1.25666666666667,1.25666666666667
1682,26124.957,-109.4,-115.96,116.795231882,249.354896683422,116.795231882,249.354896683422,113.18,-228.37,-1.272,1.27133333333333
1683,26141.098,-81.5,-84.99,125.308682551619,215.526006087433,125.308682551619,215.526006087433,94.38,-209.56,-1.25333333333333,1.254
1684,26156.147,-81.5,-84.99,124.043853729507,190.898164737118,124.043853729507,190.898164737118,76.68,-191.86,-1.18,1.18
1685,26171.256,-55.33,-55.92,135.971440810093,163.909697394633,135.971440810093,163.909697394633,58.59,-173.77,-1.206,1.206
1686,26187.383,-27.56,-25.07,152.41058801583,147.841137035671,152.41058801583,147.841137035671,40.91,-156.1,-1.17866666666667,1.178
1687,26202.454,0.27,5.83,171.089570877373,145.586989116473,171.089570877373,145.586989116473,22.82,-138,-1.206,1.20666666666667
1688,26217.548,28.28,36.94,188.293062091117,159.113811468395,188.293062091117,159.113811468395,5.33,-120.51,-1.166,1.166
1689,26233.654,55.1,67.16,202.135393147171,182.220360278428,202.135393147171,182.220360278428,-13.56,-101.63,-1.25933333333333,1.25866666666667
1690,26249.744,80.99,96.95,212.195395993244,212.553003742596,212.195395993244,212.553003742596,-32.26,-82.92,-1.24666666666667,1.24733333333333
1691,26265.808,107.14,127.02,219.639399131842,248.105787921201,219.639399131842,248.105787921201,-51.14,-64.04,-1.25866666666667,1.25866666666667
1692,26281.845,133.22,157.03,225.134254719481,286.683089316409,225.134254719481,286.683089316409,-69.97,-45.21,-1.25533333333333,1.25533333333333
1693,26297.943,160.95,188.15,229.313573334608,329.228126684219,229.313573334608,329.228126684219,-88.7,-26.48,-1.24866666666667,1.24866666666667
1694,26314.076,188.87,219.17,232.447691162599,373.298476959122,232.447691162599,373.298476959122,-107.08,-8.35,-1.22533333333333,1.20866666666667
1695,26330.139,215.47,249.56,234.858399850001,417.04371881135,234.858399850001,417.04371881135,-125.56,9.51,-1.232,1.19066666666667
1696,26346.262,225.8,242.3,239.851440944677,427.800215638094,239.851440944677,427.800215638094,-144.13,27.44,-1.238,1.19533333333333
1697,26361.307,205.19,209.59,245.948563795648,402.888828462642,245.948563795648,402.888828462642,-162.72,45.39,-1.23933333333333,1.19666666666667
1698,26376.365,183.99,176.93,252.301675366902,381.013214075313,252.301675366902,381.013214075313,-178.99,61.1,-1.08466666666667,1.04733333333333
1699,26392.437,162.99,144.59,259.758766549222,366.549905197096,259.758766549222,366.549905197096,-197.72,79.42,-1.24866666666667,1.22133333333333
1700,26408.621,142.01,112.29,267.679742953348,358.403839544166,267.679742953348,358.403839544166,-216.1,97.78,-1.22533333333333,1.224
1701,26424.632,122.24,81.85,275.496792629826,358.388025051061,275.496792629826,358.388025051061,-234.5,116.18,-1.22666666666667,1.22666666666667
1702,26439.689,102.49,51.44,282.983632375543,363.595580418684,282.983632375543,363.595580418684,-251.81,133.13,-1.154,1.13
1703,26454.759,82.64,20.86,290.328210163816,372.628016794229,290.328210163816,372.628016794229,-266.78,150.31,-0.997999999999998,1.14533333333333
1704,26470.904,62.95,-9.45,296.943033032975,346.410244796542,296.943033032975,346.410244796542,-245.86,147.51,1.39466666666666,-0.186666666666667
1705,26485.982,43.23,-39.82,302.92301539307,318.429221334977,302.92301539307,318.429221334977,-224.06,133.25,1.45333333333333,-0.950666666666666
1706,26501.109,23.34,-70.45,309.921331501991,295.947609045926,309.921331501991,295.947609045926,-203.63,119.47,1.362,-0.918666666666667
1707,26517.201,3.65,-100.76,317.758203381247,280.36737328013,317.758203381247,280.36737328013,-184.83,106.8,1.25333333333333,-0.844666666666667
1708,26533.29,-16.18,-131.3,326.645272828573,267.741729470772,326.645272828573,267.741729470772,-163.39,92.34,1.42933333333334,-0.964
1709,26549.29,-55.62,-190.55,342.142375706438,282.143248900271,342.142375706438,282.143248900271,-142.14,78,1.41666666666667,-0.956
1710,26565.389,-76.33,-221.31,351.14640232702,288.284962146831,351.14640232702,288.284962146831,-120.7,63.54,1.42933333333333,-0.964
1711,26580.474,-97.44,-253.73,359.387042664388,303.797384616787,359.387042664388,303.797384616787,-100.69,50.05,1.334,-0.899333333333333
1712,26595.609,-119.83,-254.88,7.67861656837499,293.976043241622,7.67861656837499,293.976043241622,-80.55,36.46,1.34266666666667,-0.906
1713,26611.679,-135.6,-223.28,17.3304765132357,256.913221535989,17.3304765132357,256.913221535989,-59.07,21.97,1.432,-0.966
1714,26627.864,-152.98,-187.4,30.6448642120971,226.479394426954,30.6448642120971,226.479394426954,-37.54,7.45,1.43533333333333,-0.968
1715,26642.994,-168.91,-153.28,45.8765652795567,211.230444065244,45.8765652795567,211.230444065244,-17.28,-6.22,1.35066666666667,-0.911333333333333
1716,26658.02,-184.9,-119,62.1032903043991,212.255704752546,62.1032903043991,212.255704752546,2.69,-19.69,1.33133333333333,-0.898
1717,26673.143,-201.07,-84.31,77.1518256566252,229.619033400979,77.1518256566252,229.619033400979,22.8,-33.25,1.34066666666667,-0.904
1718,26688.226,-217.13,-49.89,89.3034290985778,259.929209016609,89.3034290985778,259.929209016609,42.78,-46.73,1.332,-0.898666666666667
1719,26703.298,-234.08,-13.54,98.9446845131927,300.615816616492,98.9446845131927,300.615816616492,62.88,-60.28,1.34,-0.903333333333334
1720,26718.442,-251.03,21.44,105.920014808866,347.29012151226,105.920014808866,347.29012151226,82.94,-73.82,1.33733333333333,-0.902666666666666
1721,26733.506,-251.03,21.44,107.084421138361,370.446728828856,107.084421138361,370.446728828856,103.07,-87.39,1.342,-0.904666666666667
1722,26748.603,-267.98,56.2,111.890243602521,421.586489940083,111.890243602521,421.586489940083,123.21,-100.98,1.34266666666667,-0.906
1723,26763.225,-284.02,89.19,115.459847122353,471.83103861446,115.459847122353,471.83103861446,141.99,-113.64,1.252,-0.844
1724,26778.325,-300.11,123.59,118.499713757873,526.035211844226,118.499713757873,526.035211844226,162.18,-127.41,1.346,-0.918
